stage,tag,M,K,N,Mc,Nc,Kc,path,packA_MiB,packB_MiB,a_packs,b_packs,mk_calls,reps,ms,gflops,spread,correct,vs_ref
prescan,square,256,256,256,16,64,256,native,0.016,0.062,64,4,64,0,0.0499,672.9,54.61,ok,0.4721
prescan,square,256,256,256,16,64,512,native,0.016,0.062,64,4,64,0,0.0352,954.2,23.70,ok,0.6694
prescan,square,256,256,256,16,64,1024,native,0.016,0.062,64,4,64,0,0.0327,1025.2,10.57,ok,0.7193
prescan,square,256,256,256,16,64,2048,native,0.016,0.062,64,4,64,0,0.0310,1081.7,0.14,ok,0.7589
prescan,square,256,256,256,16,64,4096,native,0.016,0.062,64,4,64,0,0.0352,953.0,5.44,ok,0.6686
prescan,square,256,256,256,16,128,256,native,0.016,0.125,32,4,64,0,0.0260,1289.5,0.16,ok,0.9047
prescan,square,256,256,256,16,128,512,native,0.016,0.125,32,4,64,0,0.0262,1280.3,1.27,ok,0.8983
prescan,square,256,256,256,16,128,1024,native,0.016,0.125,32,4,64,0,0.0260,1288.5,0.00,ok,0.9040
prescan,square,256,256,256,16,128,2048,native,0.016,0.125,32,4,64,0,0.0309,1086.8,2.43,ok,0.7625
prescan,square,256,256,256,16,128,4096,native,0.016,0.125,32,4,64,0,0.0260,1289.5,0.16,ok,0.9047
prescan,square,256,256,256,16,256,256,native,0.016,0.250,16,4,64,0,0.0262,1282.3,19.75,ok,0.8997
prescan,square,256,256,256,16,256,512,native,0.016,0.250,16,4,64,0,0.0235,1426.6,0.17,ok,1.0009
prescan,square,256,256,256,16,256,1024,native,0.016,0.250,16,4,64,0,0.0261,1284.4,19.77,ok,0.9011
prescan,square,256,256,256,16,256,2048,native,0.016,0.250,16,4,64,0,0.0235,1425.3,0.00,ok,1.0000
prescan,square,256,256,256,16,256,4096,native,0.016,0.250,16,4,64,0,0.0261,1284.4,19.46,ok,0.9011
prescan,square,256,256,256,16,512,256,native,0.016,0.250,16,4,64,0,0.0261,1283.3,19.92,ok,0.9004
prescan,square,256,256,256,16,512,512,native,0.016,0.250,16,4,64,0,0.0287,1168.8,0.00,ok,0.8200
prescan,square,256,256,256,16,512,1024,native,0.016,0.250,16,4,64,0,0.0287,1169.6,0.15,ok,0.8206
prescan,square,256,256,256,16,512,2048,native,0.016,0.250,16,4,64,0,0.0235,1425.3,0.00,ok,1.0000
prescan,square,256,256,256,16,512,4096,native,0.016,0.250,16,4,64,0,0.0261,1284.4,19.77,ok,0.9011
prescan,square,256,256,256,16,1024,256,native,0.016,0.250,16,4,64,0,0.0261,1285.4,19.63,ok,0.9019
prescan,square,256,256,256,16,1024,512,native,0.016,0.250,16,4,64,0,0.0261,1283.4,19.92,ok,0.9004
prescan,square,256,256,256,16,1024,1024,native,0.016,0.250,16,4,64,0,0.0235,1425.4,0.00,ok,1.0000
prescan,square,256,256,256,16,1024,2048,native,0.016,0.250,16,4,64,0,0.0235,1425.3,0.00,ok,1.0000
prescan,square,256,256,256,16,1024,4096,native,0.016,0.250,16,4,64,0,0.0238,1409.1,2.27,ok,0.9886
prescan,square,256,256,256,32,64,256,native,0.031,0.062,64,4,64,0,0.0310,1082.4,0.00,ok,0.7594
prescan,square,256,256,256,32,64,512,native,0.031,0.062,64,4,64,0,0.0310,1082.4,0.00,ok,0.7594
prescan,square,256,256,256,32,64,1024,native,0.031,0.062,64,4,64,0,0.0336,998.5,15.50,ok,0.7006
prescan,square,256,256,256,32,64,2048,native,0.031,0.062,64,4,64,0,0.0333,1009.2,13.53,ok,0.7080
prescan,square,256,256,256,32,64,4096,native,0.031,0.062,64,4,64,0,0.0310,1082.4,0.00,ok,0.7594
prescan,square,256,256,256,32,128,256,native,0.031,0.125,32,4,64,0,0.0260,1290.6,0.00,ok,0.9055
prescan,square,256,256,256,32,128,512,native,0.031,0.125,32,4,64,0,0.0286,1172.2,18.05,ok,0.8224
prescan,square,256,256,256,32,128,1024,native,0.031,0.125,32,4,64,0,0.0260,1289.5,0.16,ok,0.9047
prescan,square,256,256,256,32,128,2048,native,0.031,0.125,32,4,64,0,0.0286,1172.2,18.05,ok,0.8224
prescan,square,256,256,256,32,128,4096,native,0.031,0.125,32,4,64,0,0.0260,1290.6,0.00,ok,0.9055
prescan,square,256,256,256,32,256,256,native,0.031,0.250,16,4,64,0,0.0261,1284.4,19.78,ok,0.9011
prescan,square,256,256,256,32,256,512,native,0.031,0.250,16,4,64,0,0.0261,1283.4,19.92,ok,0.9004
prescan,square,256,256,256,32,256,1024,native,0.031,0.250,16,4,64,0,0.0235,1425.3,0.00,ok,1.0000
prescan,square,256,256,256,32,256,2048,native,0.031,0.250,16,4,64,0,0.0261,1285.4,19.64,ok,0.9019
prescan,square,256,256,256,32,256,4096,native,0.031,0.250,16,4,64,0,0.0238,1411.0,2.01,ok,0.9899
prescan,square,256,256,256,32,512,256,native,0.031,0.250,16,4,64,0,0.0235,1425.3,0.00,ok,1.0000
prescan,square,256,256,256,32,512,512,native,0.031,0.250,16,4,64,0,0.0261,1283.4,19.92,ok,0.9004
prescan,square,256,256,256,32,512,1024,native,0.031,0.250,16,4,64,0,0.0235,1425.3,0.00,ok,1.0000
prescan,square,256,256,256,32,512,2048,native,0.031,0.250,16,4,64,0,0.0261,1283.3,19.60,ok,0.9004
prescan,square,256,256,256,32,512,4096,native,0.031,0.250,16,4,64,0,0.0235,1425.3,0.00,ok,1.0000
prescan,square,256,256,256,32,1024,256,native,0.031,0.250,16,4,64,0,0.0261,1283.3,19.92,ok,0.9004
prescan,square,256,256,256,32,1024,512,native,0.031,0.250,16,4,64,0,0.0235,1425.3,0.00,ok,1.0000
prescan,square,256,256,256,32,1024,1024,native,0.031,0.250,16,4,64,0,0.0262,1282.3,19.75,ok,0.8997
prescan,square,256,256,256,32,1024,2048,native,0.031,0.250,16,4,64,0,0.0236,1424.1,0.17,ok,0.9991
prescan,square,256,256,256,32,1024,4096,native,0.031,0.250,16,4,64,0,0.0261,1283.4,19.92,ok,0.9004
prescan,square,256,256,256,64,64,256,native,0.062,0.062,64,4,64,0,0.0362,926.7,0.00,ok,0.6502
prescan,square,256,256,256,64,64,512,native,0.062,0.062,64,4,64,0,0.0362,926.7,0.00,ok,0.6502
prescan,square,256,256,256,64,64,1024,native,0.062,0.062,64,4,64,0,0.0362,926.7,0.00,ok,0.6502
prescan,square,256,256,256,64,64,2048,native,0.062,0.062,64,4,64,0,0.0362,926.7,0.00,ok,0.6502
prescan,square,256,256,256,64,64,4096,native,0.062,0.062,64,4,64,0,0.0362,926.7,0.00,ok,0.6502
prescan,square,256,256,256,64,128,256,native,0.062,0.125,32,4,64,0,0.0312,1073.7,0.00,ok,0.7533
prescan,square,256,256,256,64,128,512,native,0.062,0.125,32,4,64,0,0.0312,1073.7,0.00,ok,0.7533
prescan,square,256,256,256,64,128,1024,native,0.062,0.125,32,4,64,0,0.0312,1073.7,0.00,ok,0.7533
prescan,square,256,256,256,64,128,2048,native,0.062,0.125,32,4,64,0,0.0312,1073.7,0.00,ok,0.7533
prescan,square,256,256,256,64,128,4096,native,0.062,0.125,32,4,64,0,0.0312,1073.7,0.00,ok,0.7533
prescan,square,256,256,256,64,256,256,native,0.062,0.250,16,4,64,0,0.0287,1167.1,0.00,ok,0.8189
prescan,square,256,256,256,64,256,512,native,0.062,0.250,16,4,64,0,0.0287,1167.1,0.00,ok,0.8189
prescan,square,256,256,256,64,256,1024,native,0.062,0.250,16,4,64,0,0.0287,1167.1,0.00,ok,0.8189
prescan,square,256,256,256,64,256,2048,native,0.062,0.250,16,4,64,0,0.0287,1167.1,0.00,ok,0.8189
prescan,square,256,256,256,64,256,4096,native,0.062,0.250,16,4,64,0,0.0287,1167.1,0.00,ok,0.8189
prescan,square,256,256,256,64,512,256,native,0.062,0.250,16,4,64,0,0.0287,1167.1,0.00,ok,0.8189
prescan,square,256,256,256,64,512,512,native,0.062,0.250,16,4,64,0,0.0287,1167.1,0.00,ok,0.8189
prescan,square,256,256,256,64,512,1024,native,0.062,0.250,16,4,64,0,0.0287,1167.1,0.00,ok,0.8189
prescan,square,256,256,256,64,512,2048,native,0.062,0.250,16,4,64,0,0.0287,1167.1,0.00,ok,0.8189
prescan,square,256,256,256,64,512,4096,native,0.062,0.250,16,4,64,0,0.0287,1167.1,0.00,ok,0.8189
prescan,square,256,256,256,64,1024,256,native,0.062,0.250,16,4,64,0,0.0287,1167.1,0.00,ok,0.8189
prescan,square,256,256,256,64,1024,512,native,0.062,0.250,16,4,64,0,0.0287,1167.1,0.00,ok,0.8189
prescan,square,256,256,256,64,1024,1024,native,0.062,0.250,16,4,64,0,0.0287,1167.1,0.00,ok,0.8189
prescan,square,256,256,256,64,1024,2048,native,0.062,0.250,16,4,64,0,0.0287,1167.1,0.00,ok,0.8189
prescan,square,256,256,256,64,1024,4096,native,0.062,0.250,16,4,64,0,0.0287,1167.1,0.00,ok,0.8189
prescan,square,256,256,256,128,64,256,native,0.125,0.062,64,4,64,0,0.0362,926.7,0.00,ok,0.6502
prescan,square,256,256,256,128,64,512,native,0.125,0.062,64,4,64,0,0.0362,926.7,0.00,ok,0.6502
prescan,square,256,256,256,128,64,1024,native,0.125,0.062,64,4,64,0,0.0362,926.7,0.00,ok,0.6502
prescan,square,256,256,256,128,64,2048,native,0.125,0.062,64,4,64,0,0.0362,926.7,0.00,ok,0.6502
prescan,square,256,256,256,128,64,4096,native,0.125,0.062,64,4,64,0,0.0362,926.7,0.00,ok,0.6502
prescan,square,256,256,256,128,128,256,native,0.125,0.125,32,4,64,0,0.0312,1073.7,0.00,ok,0.7533
prescan,square,256,256,256,128,128,512,native,0.125,0.125,32,4,64,0,0.0312,1073.7,0.00,ok,0.7533
prescan,square,256,256,256,128,128,1024,native,0.125,0.125,32,4,64,0,0.0312,1073.7,0.00,ok,0.7533
prescan,square,256,256,256,128,128,2048,native,0.125,0.125,32,4,64,0,0.0312,1073.7,0.00,ok,0.7533
prescan,square,256,256,256,128,128,4096,native,0.125,0.125,32,4,64,0,0.0312,1073.7,0.00,ok,0.7533
prescan,square,256,256,256,128,256,256,native,0.125,0.250,16,4,64,0,0.0287,1167.1,0.00,ok,0.8189
prescan,square,256,256,256,128,256,512,native,0.125,0.250,16,4,64,0,0.0287,1167.1,0.00,ok,0.8189
prescan,square,256,256,256,128,256,1024,native,0.125,0.250,16,4,64,0,0.0287,1167.1,0.00,ok,0.8189
prescan,square,256,256,256,128,256,2048,native,0.125,0.250,16,4,64,0,0.0287,1167.1,0.00,ok,0.8189
prescan,square,256,256,256,128,256,4096,native,0.125,0.250,16,4,64,0,0.0287,1167.1,0.00,ok,0.8189
prescan,square,256,256,256,128,512,256,native,0.125,0.250,16,4,64,0,0.0287,1167.1,0.00,ok,0.8189
prescan,square,256,256,256,128,512,512,native,0.125,0.250,16,4,64,0,0.0287,1167.1,0.00,ok,0.8189
prescan,square,256,256,256,128,512,1024,native,0.125,0.250,16,4,64,0,0.0287,1167.1,0.00,ok,0.8189
prescan,square,256,256,256,128,512,2048,native,0.125,0.250,16,4,64,0,0.0287,1167.1,0.00,ok,0.8189
prescan,square,256,256,256,128,512,4096,native,0.125,0.250,16,4,64,0,0.0287,1167.1,0.00,ok,0.8189
prescan,square,256,256,256,128,1024,256,native,0.125,0.250,16,4,64,0,0.0287,1167.1,0.00,ok,0.8189
prescan,square,256,256,256,128,1024,512,native,0.125,0.250,16,4,64,0,0.0287,1167.1,0.00,ok,0.8189
prescan,square,256,256,256,128,1024,1024,native,0.125,0.250,16,4,64,0,0.0287,1167.1,0.00,ok,0.8189
prescan,square,256,256,256,128,1024,2048,native,0.125,0.250,16,4,64,0,0.0287,1167.1,0.00,ok,0.8189
prescan,square,256,256,256,128,1024,4096,native,0.125,0.250,16,4,64,0,0.0287,1167.1,0.00,ok,0.8189
final,square,256,256,256,16,256,512,native,0.016,0.250,16,4,64,5000,0.0287,1167.1,18.12,ok,1.0000
final,square,256,256,256,16,1024,1024,native,0.016,0.250,16,4,64,5000,0.0287,1167.1,0.29,ok,1.0000
final,square,256,256,256,16,1024,2048,native,0.016,0.250,16,4,64,5000,0.0287,1167.1,11.52,ok,1.0000
final,square,256,256,256,16,512,2048,native,0.016,0.250,16,4,64,5000,0.0287,1167.1,17.68,ok,1.0000
final,square,256,256,256,32,1024,512,native,0.031,0.250,16,4,64,5000,0.0287,1167.1,0.15,ok,1.0000
final,square,256,256,256,32,512,4096,native,0.031,0.250,16,4,64,5000,0.0287,1167.1,0.00,ok,1.0000
final,square,256,256,256,32,512,1024,native,0.031,0.250,16,4,64,5000,0.0287,1167.1,18.11,ok,1.0000
final,square,256,256,256,32,512,256,native,0.031,0.250,16,4,64,5000,0.0287,1167.1,18.11,ok,1.0000
final,square,256,256,256,16,256,2048,native,0.016,0.250,16,4,64,5000,0.0287,1167.1,0.14,ok,1.0000
final,square,256,256,256,32,256,1024,native,0.031,0.250,16,4,64,5000,0.0287,1167.1,0.29,ok,1.0000
final,square,256,256,256,32,1024,2048,native,0.031,0.250,16,4,64,5000,0.0287,1167.1,14.78,ok,1.0000
final,square,256,256,256,32,256,4096,native,0.031,0.250,16,4,64,5000,0.0287,1167.1,0.14,ok,1.0000
final,square,256,256,256,16,1024,4096,native,0.016,0.250,16,4,64,5000,0.0287,1167.1,0.15,ok,1.0000
prescan,square,512,512,512,16,64,256,native,0.016,0.062,512,16,512,0,0.2465,1089.0,0.03,ok,0.7194
prescan,square,512,512,512,16,64,512,native,0.031,0.125,256,8,256,0,0.2362,1136.4,0.35,ok,0.7507
prescan,square,512,512,512,16,64,1024,native,0.031,0.125,256,8,256,0,0.2366,1134.4,0.00,ok,0.7494
prescan,square,512,512,512,16,64,2048,native,0.031,0.125,256,8,256,0,0.2367,1134.2,0.00,ok,0.7493
prescan,square,512,512,512,16,64,4096,native,0.031,0.125,256,8,256,0,0.2366,1134.4,0.00,ok,0.7494
prescan,square,512,512,512,16,128,256,native,0.016,0.125,256,16,512,0,0.2067,1298.9,0.80,ok,0.8581
prescan,square,512,512,512,16,128,512,native,0.031,0.250,128,8,256,0,0.1964,1366.4,0.43,ok,0.9027
prescan,square,512,512,512,16,128,1024,native,0.031,0.250,128,8,256,0,0.1970,1362.3,0.00,ok,0.9000
prescan,square,512,512,512,16,128,2048,native,0.031,0.250,128,8,256,0,0.1970,1362.5,0.02,ok,0.9001
prescan,square,512,512,512,16,128,4096,native,0.031,0.250,128,8,256,0,0.1970,1362.3,0.00,ok,0.9000
prescan,square,512,512,512,16,256,256,native,0.016,0.250,128,16,512,0,0.1864,1440.1,0.74,ok,0.9514
prescan,square,512,512,512,16,256,512,native,0.031,0.500,64,8,256,0,0.1754,1530.3,2.14,ok,1.0109
prescan,square,512,512,512,16,256,1024,native,0.031,0.500,64,8,256,0,0.1773,1514.1,0.00,ok,1.0002
prescan,square,512,512,512,16,256,2048,native,0.031,0.500,64,8,256,0,0.1773,1513.7,0.05,ok,1.0000
prescan,square,512,512,512,16,256,4096,native,0.031,0.500,64,8,256,0,0.1774,1513.6,0.07,ok,0.9999
prescan,square,512,512,512,16,512,256,native,0.016,0.500,64,16,512,0,0.1760,1525.2,0.52,ok,1.0076
prescan,square,512,512,512,16,512,512,native,0.031,1.000,32,8,256,0,0.1666,1611.5,0.11,ok,1.0646
prescan,square,512,512,512,16,512,1024,native,0.031,1.000,32,8,256,0,0.1674,1603.9,0.01,ok,1.0596
prescan,square,512,512,512,16,512,2048,native,0.031,1.000,32,8,256,0,0.1675,1602.4,0.07,ok,1.0586
prescan,square,512,512,512,16,512,4096,native,0.031,1.000,32,8,256,0,0.1674,1603.6,0.02,ok,1.0594
prescan,square,512,512,512,16,1024,256,native,0.016,0.500,64,16,512,0,0.1755,1529.2,0.00,ok,1.0102
prescan,square,512,512,512,16,1024,512,native,0.031,1.000,32,8,256,0,0.1673,1604.8,0.12,ok,1.0602
prescan,square,512,512,512,16,1024,1024,native,0.031,1.000,32,8,256,0,0.1674,1603.2,0.07,ok,1.0591
prescan,square,512,512,512,16,1024,2048,native,0.031,1.000,32,8,256,0,0.1674,1603.8,0.05,ok,1.0595
prescan,square,512,512,512,16,1024,4096,native,0.031,1.000,32,8,256,0,0.1674,1603.5,0.01,ok,1.0593
prescan,square,512,512,512,32,64,256,native,0.031,0.062,512,16,512,0,0.2482,1081.5,0.02,ok,0.7145
prescan,square,512,512,512,32,64,512,native,0.062,0.125,256,8,256,0,0.2365,1135.0,0.00,ok,0.7498
prescan,square,512,512,512,32,64,1024,native,0.062,0.125,256,8,256,0,0.2366,1134.4,0.14,ok,0.7494
prescan,square,512,512,512,32,64,2048,native,0.062,0.125,256,8,256,0,0.2366,1134.5,0.02,ok,0.7495
prescan,square,512,512,512,32,64,4096,native,0.062,0.125,256,8,256,0,0.2366,1134.4,0.00,ok,0.7494
prescan,square,512,512,512,32,128,256,native,0.031,0.125,256,16,512,0,0.2081,1290.2,2.14,ok,0.8523
prescan,square,512,512,512,32,128,512,native,0.062,0.250,128,8,256,0,0.1971,1362.0,0.00,ok,0.8998
prescan,square,512,512,512,32,128,1024,native,0.062,0.250,128,8,256,0,0.1971,1362.2,0.02,ok,0.8999
prescan,square,512,512,512,32,128,2048,native,0.062,0.250,128,8,256,0,0.1970,1362.5,0.02,ok,0.9001
prescan,square,512,512,512,32,128,4096,native,0.062,0.250,128,8,256,0,0.1970,1362.3,0.04,ok,0.9000
prescan,square,512,512,512,32,256,256,native,0.031,0.250,128,16,512,0,0.1857,1445.4,0.06,ok,0.9549
prescan,square,512,512,512,32,256,512,native,0.062,0.500,64,8,256,0,0.1772,1515.0,0.02,ok,1.0008
prescan,square,512,512,512,32,256,1024,native,0.062,0.500,64,8,256,0,0.1772,1514.6,0.02,ok,1.0006
prescan,square,512,512,512,32,256,2048,native,0.062,0.500,64,8,256,0,0.1773,1514.3,0.02,ok,1.0004
prescan,square,512,512,512,32,256,4096,native,0.062,0.500,64,8,256,0,0.1772,1514.6,0.02,ok,1.0006
prescan,square,512,512,512,32,512,256,native,0.031,0.500,64,16,512,0,0.1768,1518.6,1.33,ok,1.0032
prescan,square,512,512,512,32,512,512,native,0.062,1.000,32,8,256,0,0.1672,1605.2,0.02,ok,1.0604
prescan,square,512,512,512,32,512,1024,native,0.062,1.000,32,8,256,0,0.1673,1604.4,0.02,ok,1.0599
prescan,square,512,512,512,32,512,2048,native,0.062,1.000,32,8,256,0,0.1673,1604.2,0.00,ok,1.0598
prescan,square,512,512,512,32,512,4096,native,0.062,1.000,32,8,256,0,0.1673,1604.4,0.02,ok,1.0599
prescan,square,512,512,512,32,1024,256,native,0.031,0.500,64,16,512,0,0.1762,1523.5,0.84,ok,1.0064
prescan,square,512,512,512,32,1024,512,native,0.062,1.000,32,8,256,0,0.1673,1604.6,0.00,ok,1.0600
prescan,square,512,512,512,32,1024,1024,native,0.062,1.000,32,8,256,0,0.1673,1604.2,0.05,ok,1.0598
prescan,square,512,512,512,32,1024,2048,native,0.062,1.000,32,8,256,0,0.1673,1604.6,0.00,ok,1.0600
prescan,square,512,512,512,32,1024,4096,native,0.062,1.000,32,8,256,0,0.1673,1604.4,0.02,ok,1.0599
prescan,square,512,512,512,64,64,256,native,0.062,0.062,512,16,512,0,0.2517,1066.6,0.00,ok,0.7046
prescan,square,512,512,512,64,64,512,native,0.125,0.125,256,8,256,0,0.2366,1134.4,0.00,ok,0.7494
prescan,square,512,512,512,64,64,1024,native,0.125,0.125,256,8,256,0,0.2366,1134.3,0.02,ok,0.7494
prescan,square,512,512,512,64,64,2048,native,0.125,0.125,256,8,256,0,0.2367,1134.1,0.02,ok,0.7492
prescan,square,512,512,512,64,64,4096,native,0.125,0.125,256,8,256,0,0.2367,1134.3,0.01,ok,0.7493
prescan,square,512,512,512,64,128,256,native,0.062,0.125,256,16,512,0,0.2111,1271.7,0.00,ok,0.8401
prescan,square,512,512,512,64,128,512,native,0.125,0.250,128,8,256,0,0.1969,1363.2,0.00,ok,0.9005
prescan,square,512,512,512,64,128,1024,native,0.125,0.250,128,8,256,0,0.1970,1362.6,0.00,ok,0.9002
prescan,square,512,512,512,64,128,2048,native,0.125,0.250,128,8,256,0,0.1970,1362.5,0.02,ok,0.9001
prescan,square,512,512,512,64,128,4096,native,0.125,0.250,128,8,256,0,0.1970,1362.6,0.04,ok,0.9002
prescan,square,512,512,512,64,256,256,native,0.062,0.250,128,16,512,0,0.1909,1406.0,0.00,ok,0.9289
prescan,square,512,512,512,64,256,512,native,0.125,0.500,64,8,256,0,0.1771,1515.5,0.00,ok,1.0012
prescan,square,512,512,512,64,256,1024,native,0.125,0.500,64,8,256,0,0.1772,1515.0,0.02,ok,1.0008
prescan,square,512,512,512,64,256,2048,native,0.125,0.500,64,8,256,0,0.1772,1514.8,0.00,ok,1.0007
prescan,square,512,512,512,64,256,4096,native,0.125,0.500,64,8,256,0,0.1773,1513.9,0.12,ok,1.0001
prescan,square,512,512,512,64,512,256,native,0.062,0.500,64,16,512,0,0.1807,1485.8,0.00,ok,0.9815
prescan,square,512,512,512,64,512,512,native,0.125,1.000,32,8,256,0,0.1673,1604.6,0.00,ok,1.0600
prescan,square,512,512,512,64,512,1024,native,0.125,1.000,32,8,256,0,0.1673,1604.2,0.00,ok,1.0598
prescan,square,512,512,512,64,512,2048,native,0.125,1.000,32,8,256,0,0.1673,1604.6,0.00,ok,1.0600
prescan,square,512,512,512,64,512,4096,native,0.125,1.000,32,8,256,0,0.1673,1604.6,0.00,ok,1.0600
prescan,square,512,512,512,64,1024,256,native,0.062,0.500,64,16,512,0,0.1807,1485.8,0.00,ok,0.9815
prescan,square,512,512,512,64,1024,512,native,0.125,1.000,32,8,256,0,0.1673,1605.0,0.05,ok,1.0603
prescan,square,512,512,512,64,1024,1024,native,0.125,1.000,32,8,256,0,0.1673,1604.6,0.00,ok,1.0600
prescan,square,512,512,512,64,1024,2048,native,0.125,1.000,32,8,256,0,0.1673,1604.6,0.00,ok,1.0600
prescan,square,512,512,512,64,1024,4096,native,0.125,1.000,32,8,256,0,0.1673,1604.6,0.00,ok,1.0600
prescan,square,512,512,512,128,64,256,native,0.125,0.062,512,16,512,0,0.2517,1066.6,0.00,ok,0.7046
prescan,square,512,512,512,128,64,512,native,0.250,0.125,256,8,256,0,0.2365,1135.0,0.00,ok,0.7498
prescan,square,512,512,512,128,64,1024,native,0.250,0.125,256,8,256,0,0.2366,1134.5,0.02,ok,0.7495
prescan,square,512,512,512,128,64,2048,native,0.250,0.125,256,8,256,0,0.2366,1134.5,0.02,ok,0.7495
prescan,square,512,512,512,128,64,4096,native,0.250,0.125,256,8,256,0,0.2366,1134.3,0.02,ok,0.7494
prescan,square,512,512,512,128,128,256,native,0.125,0.125,256,16,512,0,0.2111,1271.6,0.02,ok,0.8400
prescan,square,512,512,512,128,128,512,native,0.250,0.250,128,8,256,0,0.1970,1362.5,0.02,ok,0.9001
prescan,square,512,512,512,128,128,1024,native,0.250,0.250,128,8,256,0,0.1970,1362.3,0.00,ok,0.9000
prescan,square,512,512,512,128,128,2048,native,0.250,0.250,128,8,256,0,0.1970,1362.3,0.04,ok,0.9000
prescan,square,512,512,512,128,128,4096,native,0.250,0.250,128,8,256,0,0.1970,1362.3,0.00,ok,0.9000
prescan,square,512,512,512,128,256,256,native,0.125,0.250,128,16,512,0,0.1909,1406.0,0.00,ok,0.9289
prescan,square,512,512,512,128,256,512,native,0.250,0.500,64,8,256,0,0.1772,1515.2,0.05,ok,1.0009
prescan,square,512,512,512,128,256,1024,native,0.250,0.500,64,8,256,0,0.1772,1514.6,0.02,ok,1.0006
prescan,square,512,512,512,128,256,2048,native,0.250,0.500,64,8,256,0,0.1773,1514.3,0.07,ok,1.0004
prescan,square,512,512,512,128,256,4096,native,0.250,0.500,64,8,256,0,0.1772,1514.8,0.00,ok,1.0007
prescan,square,512,512,512,128,512,256,native,0.125,0.500,64,16,512,0,0.1807,1485.8,0.00,ok,0.9815
prescan,square,512,512,512,128,512,512,native,0.250,1.000,32,8,256,0,0.1672,1605.2,0.03,ok,1.0604
prescan,square,512,512,512,128,512,1024,native,0.250,1.000,32,8,256,0,0.1673,1604.4,0.02,ok,1.0599
prescan,square,512,512,512,128,512,2048,native,0.250,1.000,32,8,256,0,0.1673,1604.4,0.03,ok,1.0599
prescan,square,512,512,512,128,512,4096,native,0.250,1.000,32,8,256,0,0.1673,1604.6,0.00,ok,1.0600
prescan,square,512,512,512,128,1024,256,native,0.125,0.500,64,16,512,0,0.1807,1485.8,0.00,ok,0.9816
prescan,square,512,512,512,128,1024,512,native,0.250,1.000,32,8,256,0,0.1673,1605.0,0.05,ok,1.0603
prescan,square,512,512,512,128,1024,1024,native,0.250,1.000,32,8,256,0,0.1673,1604.4,0.03,ok,1.0599
prescan,square,512,512,512,128,1024,2048,native,0.250,1.000,32,8,256,0,0.1673,1604.6,0.00,ok,1.0600
prescan,square,512,512,512,128,1024,4096,native,0.250,1.000,32,8,256,0,0.1673,1604.4,0.02,ok,1.0599
final,square,512,512,512,16,512,512,native,0.031,1.000,32,8,256,894,0.1675,1602.4,4.25,ok,1.0588
final,square,512,512,512,128,512,512,native,0.250,1.000,32,8,256,895,0.1673,1604.6,0.00,ok,1.0603
final,square,512,512,512,32,512,512,native,0.062,1.000,32,8,256,895,0.1673,1604.6,0.02,ok,1.0603
final,square,512,512,512,128,1024,512,native,0.250,1.000,32,8,256,893,0.1673,1604.6,0.00,ok,1.0603
final,square,512,512,512,64,1024,512,native,0.125,1.000,32,8,256,897,0.1673,1604.6,0.00,ok,1.0603
final,square,512,512,512,16,1024,512,native,0.031,1.000,32,8,256,894,0.1674,1603.4,0.05,ok,1.0595
final,square,512,512,512,32,1024,2048,native,0.062,1.000,32,8,256,895,0.1673,1604.6,0.02,ok,1.0603
final,square,512,512,512,128,512,4096,native,0.250,1.000,32,8,256,895,0.1673,1604.6,0.00,ok,1.0603
final,square,512,512,512,64,1024,4096,native,0.125,1.000,32,8,256,895,0.1673,1604.6,0.00,ok,1.0603
final,square,512,512,512,64,512,4096,native,0.125,1.000,32,8,256,896,0.1673,1604.6,0.00,ok,1.0603
final,square,512,512,512,64,512,2048,native,0.125,1.000,32,8,256,895,0.1673,1604.6,0.00,ok,1.0603
final,square,512,512,512,64,512,512,native,0.125,1.000,32,8,256,895,0.1673,1604.6,0.00,ok,1.0603
final,square,512,512,512,32,1024,512,native,0.062,1.000,32,8,256,895,0.1673,1604.6,0.02,ok,1.0603
final,square,512,512,512,64,1024,2048,native,0.125,1.000,32,8,256,896,0.1673,1604.6,0.00,ok,1.0603
final,square,512,512,512,128,1024,2048,native,0.250,1.000,32,8,256,896,0.1673,1604.6,0.02,ok,1.0603
final,square,512,512,512,64,1024,1024,native,0.125,1.000,32,8,256,882,0.1673,1604.6,0.00,ok,1.0603
final,square,512,512,512,32,512,1024,native,0.062,1.000,32,8,256,895,0.1673,1604.6,0.20,ok,1.0603
final,square,512,512,512,128,512,1024,native,0.250,1.000,32,8,256,896,0.1673,1604.6,0.05,ok,1.0603
final,square,512,512,512,128,1024,4096,native,0.250,1.000,32,8,256,853,0.1673,1604.6,0.00,ok,1.0603
final,square,512,512,512,32,1024,4096,native,0.062,1.000,32,8,256,883,0.1673,1604.2,0.03,ok,1.0600
final,square,512,512,512,32,512,4096,native,0.062,1.000,32,8,256,896,0.1673,1604.6,0.02,ok,1.0603
final,square,512,512,512,128,512,2048,native,0.250,1.000,32,8,256,897,0.1673,1604.6,1.47,ok,1.0603
final,square,512,512,512,128,1024,1024,native,0.250,1.000,32,8,256,895,0.1673,1604.6,0.02,ok,1.0603
final,square,512,512,512,64,512,1024,native,0.125,1.000,32,8,256,887,0.1673,1604.6,0.00,ok,1.0603
final,square,512,512,512,32,512,2048,native,0.062,1.000,32,8,256,881,0.1673,1604.2,0.12,ok,1.0600
final,square,512,512,512,32,1024,1024,native,0.062,1.000,32,8,256,895,0.1673,1604.6,0.70,ok,1.0603
final,square,512,512,512,16,512,1024,native,0.031,1.000,32,8,256,898,0.1677,1600.6,0.89,ok,1.0576
final,square,512,512,512,16,1024,2048,native,0.031,1.000,32,8,256,894,0.1675,1602.6,0.12,ok,1.0590
final,square,512,512,512,16,512,4096,native,0.031,1.000,32,8,256,867,0.1676,1601.8,0.10,ok,1.0584
final,square,512,512,512,16,1024,4096,native,0.031,1.000,32,8,256,810,0.1675,1603.0,0.17,ok,1.0592
final,square,512,512,512,16,1024,1024,native,0.031,1.000,32,8,256,895,0.1675,1602.6,1.49,ok,1.0590
final,square,512,512,512,16,512,2048,native,0.031,1.000,32,8,256,877,0.1676,1601.4,1.44,ok,1.0582
final,square,512,512,512,16,256,2048,native,0.031,0.500,64,8,256,810,0.1774,1513.4,0.02,ok,1.0000
prescan,square,1024,1024,1024,16,64,256,native,0.016,0.062,4096,64,4096,0,1.9896,1079.4,0.33,ok,0.6686
prescan,square,1024,1024,1024,16,64,512,native,0.031,0.125,2048,32,2048,0,1.8585,1155.5,0.25,ok,0.7158
prescan,square,1024,1024,1024,16,64,1024,native,0.062,0.250,1024,16,1024,0,1.7839,1203.8,0.09,ok,0.7457
prescan,square,1024,1024,1024,16,64,2048,native,0.062,0.250,1024,16,1024,0,1.7850,1203.0,0.35,ok,0.7453
prescan,square,1024,1024,1024,16,64,4096,native,0.062,0.250,1024,16,1024,0,1.7829,1204.5,0.07,ok,0.7462
prescan,square,1024,1024,1024,16,128,256,native,0.016,0.125,2048,64,4096,0,1.6578,1295.4,0.45,ok,0.8024
prescan,square,1024,1024,1024,16,128,512,native,0.031,0.250,1024,32,2048,0,1.5385,1395.9,0.11,ok,0.8647
prescan,square,1024,1024,1024,16,128,1024,native,0.062,0.500,512,16,1024,0,1.4671,1463.8,0.17,ok,0.9068
prescan,square,1024,1024,1024,16,128,2048,native,0.062,0.500,512,16,1024,0,1.4656,1465.3,0.00,ok,0.9077
prescan,square,1024,1024,1024,16,128,4096,native,0.062,0.500,512,16,1024,0,1.4665,1464.4,0.08,ok,0.9071
prescan,square,1024,1024,1024,16,256,256,native,0.016,0.250,1024,64,4096,0,1.4958,1435.7,0.15,ok,0.8894
prescan,square,1024,1024,1024,16,256,512,native,0.031,0.500,512,32,2048,0,1.3836,1552.1,0.23,ok,0.9615
prescan,square,1024,1024,1024,16,256,1024,native,0.062,1.000,256,16,1024,0,1.3544,1585.6,5.91,ok,0.9822
prescan,square,1024,1024,1024,16,256,2048,native,0.062,1.000,256,16,1024,0,1.3303,1614.3,2.18,ok,1.0000
prescan,square,1024,1024,1024,16,256,4096,native,0.062,1.000,256,16,1024,0,1.3381,1604.9,2.39,ok,0.9942
prescan,square,1024,1024,1024,16,512,256,native,0.016,0.500,512,64,4096,0,1.4261,1505.9,1.40,ok,0.9328
prescan,square,1024,1024,1024,16,512,512,native,0.031,1.000,256,32,2048,0,1.3188,1628.4,0.40,ok,1.0088
prescan,square,1024,1024,1024,16,512,1024,native,0.062,2.000,128,16,1024,0,1.2641,1698.9,4.37,ok,1.0524
prescan,square,1024,1024,1024,16,512,2048,native,0.062,2.000,128,16,1024,0,1.2911,1663.3,0.63,ok,1.0304
prescan,square,1024,1024,1024,16,512,4096,native,0.062,2.000,128,16,1024,0,1.2594,1705.2,2.40,ok,1.0563
prescan,square,1024,1024,1024,16,1024,256,native,0.016,1.000,256,64,4096,0,1.4226,1509.6,1.97,ok,0.9351
prescan,square,1024,1024,1024,16,1024,512,native,0.031,2.000,128,32,2048,0,1.3279,1617.2,5.64,ok,1.0018
prescan,square,1024,1024,1024,16,1024,1024,native,0.062,4.000,64,16,1024,0,1.2524,1714.7,0.69,ok,1.0622
prescan,square,1024,1024,1024,16,1024,2048,native,0.062,4.000,64,16,1024,0,1.2698,1691.1,4.10,ok,1.0476
prescan,square,1024,1024,1024,16,1024,4096,native,0.062,4.000,64,16,1024,0,1.2675,1694.2,5.52,ok,1.0495
prescan,square,1024,1024,1024,32,64,256,native,0.031,0.062,4096,64,4096,0,2.0000,1073.7,0.18,ok,0.6651
prescan,square,1024,1024,1024,32,64,512,native,0.062,0.125,2048,32,2048,0,1.8596,1154.8,0.14,ok,0.7154
prescan,square,1024,1024,1024,32,64,1024,native,0.125,0.250,1024,16,1024,0,1.7825,1204.7,0.01,ok,0.7463
prescan,square,1024,1024,1024,32,64,2048,native,0.125,0.250,1024,16,1024,0,1.7826,1204.7,0.17,ok,0.7463
prescan,square,1024,1024,1024,32,64,4096,native,0.125,0.250,1024,16,1024,0,1.7828,1204.6,0.05,ok,0.7462
prescan,square,1024,1024,1024,32,128,256,native,0.031,0.125,2048,64,4096,0,1.6648,1289.9,0.06,ok,0.7991
prescan,square,1024,1024,1024,32,128,512,native,0.062,0.250,1024,32,2048,0,1.5399,1394.6,0.06,ok,0.8639
prescan,square,1024,1024,1024,32,128,1024,native,0.125,0.500,512,16,1024,0,1.4708,1460.1,0.51,ok,0.9045
prescan,square,1024,1024,1024,32,128,2048,native,0.125,0.500,512,16,1024,0,1.4688,1462.1,0.33,ok,0.9057
prescan,square,1024,1024,1024,32,128,4096,native,0.125,0.500,512,16,1024,0,1.4669,1464.0,0.07,ok,0.9069
prescan,square,1024,1024,1024,32,256,256,native,0.031,0.250,1024,64,4096,0,1.5036,1428.2,1.18,ok,0.8848
prescan,square,1024,1024,1024,32,256,512,native,0.062,0.500,512,32,2048,0,1.3839,1551.8,0.62,ok,0.9613
prescan,square,1024,1024,1024,32,256,1024,native,0.125,1.000,256,16,1024,0,1.3152,1632.9,0.04,ok,1.0115
prescan,square,1024,1024,1024,32,256,2048,native,0.125,1.000,256,16,1024,0,1.3182,1629.1,0.25,ok,1.0092
prescan,square,1024,1024,1024,32,256,4096,native,0.125,1.000,256,16,1024,0,1.3229,1623.4,1.01,ok,1.0056
prescan,square,1024,1024,1024,32,512,256,native,0.031,0.500,512,64,4096,0,1.4376,1493.8,2.76,ok,0.9254
prescan,square,1024,1024,1024,32,512,512,native,0.062,1.000,256,32,2048,0,1.3679,1570.0,6.45,ok,0.9726
prescan,square,1024,1024,1024,32,512,1024,native,0.125,2.000,128,16,1024,0,1.3325,1611.6,1.16,ok,0.9984
prescan,square,1024,1024,1024,32,512,2048,native,0.125,2.000,128,16,1024,0,1.3342,1609.5,1.04,ok,0.9971
prescan,square,1024,1024,1024,32,512,4096,native,0.125,2.000,128,16,1024,0,1.3122,1636.6,0.77,ok,1.0138
prescan,square,1024,1024,1024,32,1024,256,native,0.031,1.000,256,64,4096,0,1.3988,1535.3,0.67,ok,0.9511
prescan,square,1024,1024,1024,32,1024,512,native,0.062,2.000,128,32,2048,0,1.2942,1659.4,3.35,ok,1.0279
prescan,square,1024,1024,1024,32,1024,1024,native,0.125,4.000,64,16,1024,0,1.2596,1704.9,3.99,ok,1.0561
prescan,square,1024,1024,1024,32,1024,2048,native,0.125,4.000,64,16,1024,0,1.2712,1689.3,4.32,ok,1.0465
prescan,square,1024,1024,1024,32,1024,4096,native,0.125,4.000,64,16,1024,0,1.2732,1686.6,5.98,ok,1.0448
prescan,square,1024,1024,1024,64,64,256,native,0.062,0.062,4096,64,4096,0,1.9891,1079.6,0.53,ok,0.6688
prescan,square,1024,1024,1024,64,64,512,native,0.125,0.125,2048,32,2048,0,1.8634,1152.5,0.11,ok,0.7139
prescan,square,1024,1024,1024,64,64,1024,native,0.250,0.250,1024,16,1024,0,1.7832,1204.3,0.12,ok,0.7460
prescan,square,1024,1024,1024,64,64,2048,native,0.250,0.250,1024,16,1024,0,1.7834,1204.1,0.07,ok,0.7459
prescan,square,1024,1024,1024,64,64,4096,native,0.250,0.250,1024,16,1024,0,1.7822,1205.0,0.13,ok,0.7465
prescan,square,1024,1024,1024,64,128,256,native,0.062,0.125,2048,64,4096,0,1.6640,1290.5,0.03,ok,0.7995
prescan,square,1024,1024,1024,64,128,512,native,0.125,0.250,1024,32,2048,0,1.5407,1393.9,0.16,ok,0.8635
prescan,square,1024,1024,1024,64,128,1024,native,0.250,0.500,512,16,1024,0,1.4776,1453.4,0.34,ok,0.9003
prescan,square,1024,1024,1024,64,128,2048,native,0.250,0.500,512,16,1024,0,1.4718,1459.1,0.23,ok,0.9039
prescan,square,1024,1024,1024,64,128,4096,native,0.250,0.500,512,16,1024,0,1.4768,1454.1,0.37,ok,0.9008
prescan,square,1024,1024,1024,64,256,256,native,0.062,0.250,1024,64,4096,0,1.5041,1427.7,0.10,ok,0.8844
prescan,square,1024,1024,1024,64,256,512,native,0.125,0.500,512,32,2048,0,1.4115,1521.4,4.04,ok,0.9425
prescan,square,1024,1024,1024,64,256,1024,native,0.250,1.000,256,16,1024,0,1.3230,1623.2,0.40,ok,1.0055
prescan,square,1024,1024,1024,64,256,2048,native,0.250,1.000,256,16,1024,0,1.3224,1623.9,1.39,ok,1.0060
prescan,square,1024,1024,1024,64,256,4096,native,0.250,1.000,256,16,1024,0,1.3354,1608.1,3.05,ok,0.9962
prescan,square,1024,1024,1024,64,512,256,native,0.062,0.500,512,64,4096,0,1.4222,1510.0,0.12,ok,0.9354
prescan,square,1024,1024,1024,64,512,512,native,0.125,1.000,256,32,2048,0,1.3199,1627.0,0.67,ok,1.0079
prescan,square,1024,1024,1024,64,512,1024,native,0.250,2.000,128,16,1024,0,1.2752,1684.0,2.27,ok,1.0432
prescan,square,1024,1024,1024,64,512,2048,native,0.250,2.000,128,16,1024,0,1.2911,1663.3,0.31,ok,1.0303
prescan,square,1024,1024,1024,64,512,4096,native,0.250,2.000,128,16,1024,0,1.3277,1617.4,1.87,ok,1.0019
prescan,square,1024,1024,1024,64,1024,256,native,0.062,1.000,256,64,4096,0,1.4262,1505.7,3.98,ok,0.9327
prescan,square,1024,1024,1024,64,1024,512,native,0.125,2.000,128,32,2048,0,1.3058,1644.6,3.34,ok,1.0188
prescan,square,1024,1024,1024,64,1024,1024,native,0.250,4.000,64,16,1024,0,1.2734,1686.4,3.23,ok,1.0447
prescan,square,1024,1024,1024,64,1024,2048,native,0.250,4.000,64,16,1024,0,1.2945,1658.9,0.26,ok,1.0277
prescan,square,1024,1024,1024,64,1024,4096,native,0.250,4.000,64,16,1024,0,1.2489,1719.6,0.43,ok,1.0652
prescan,square,1024,1024,1024,128,64,256,native,0.125,0.062,4096,64,4096,0,1.9911,1078.6,0.34,ok,0.6681
prescan,square,1024,1024,1024,128,64,512,native,0.250,0.125,2048,32,2048,0,1.8599,1154.6,0.03,ok,0.7153
prescan,square,1024,1024,1024,128,64,1024,native,0.500,0.250,1024,16,1024,0,1.7882,1200.9,0.08,ok,0.7439
prescan,square,1024,1024,1024,128,64,2048,native,0.500,0.250,1024,16,1024,0,1.7856,1202.7,0.02,ok,0.7450
prescan,square,1024,1024,1024,128,64,4096,native,0.500,0.250,1024,16,1024,0,1.7884,1200.8,0.27,ok,0.7438
prescan,square,1024,1024,1024,128,128,256,native,0.125,0.125,2048,64,4096,0,1.6664,1288.7,0.56,ok,0.7983
prescan,square,1024,1024,1024,128,128,512,native,0.250,0.250,1024,32,2048,0,1.5425,1392.2,0.43,ok,0.8624
prescan,square,1024,1024,1024,128,128,1024,native,0.500,0.500,512,16,1024,0,1.4764,1454.6,0.26,ok,0.9011
prescan,square,1024,1024,1024,128,128,2048,native,0.500,0.500,512,16,1024,0,1.4718,1459.1,0.16,ok,0.9039
prescan,square,1024,1024,1024,128,128,4096,native,0.500,0.500,512,16,1024,0,1.4749,1456.0,0.01,ok,0.9020
prescan,square,1024,1024,1024,128,256,256,native,0.125,0.250,1024,64,4096,0,1.4958,1435.7,0.37,ok,0.8894
prescan,square,1024,1024,1024,128,256,512,native,0.250,0.500,512,32,2048,0,1.3854,1550.0,0.03,ok,0.9602
prescan,square,1024,1024,1024,128,256,1024,native,0.500,1.000,256,16,1024,0,1.3173,1630.2,0.41,ok,1.0099
prescan,square,1024,1024,1024,128,256,2048,native,0.500,1.000,256,16,1024,0,1.3276,1617.6,0.70,ok,1.0021
prescan,square,1024,1024,1024,128,256,4096,native,0.500,1.000,256,16,1024,0,1.4026,1531.0,7.48,ok,0.9484
prescan,square,1024,1024,1024,128,512,256,native,0.125,0.500,512,64,4096,0,1.4775,1453.5,1.38,ok,0.9004
prescan,square,1024,1024,1024,128,512,512,native,0.250,1.000,256,32,2048,0,1.3814,1554.6,1.17,ok,0.9630
prescan,square,1024,1024,1024,128,512,1024,native,0.500,2.000,128,16,1024,0,1.3061,1644.2,5.12,ok,1.0186
prescan,square,1024,1024,1024,128,512,2048,native,0.500,2.000,128,16,1024,0,1.3140,1634.4,4.12,ok,1.0124
prescan,square,1024,1024,1024,128,512,4096,native,0.500,2.000,128,16,1024,0,1.3066,1643.5,3.98,ok,1.0181
prescan,square,1024,1024,1024,128,1024,256,native,0.125,1.000,256,64,4096,0,1.4103,1522.7,4.83,ok,0.9433
prescan,square,1024,1024,1024,128,1024,512,native,0.250,2.000,128,32,2048,0,1.3315,1612.8,2.85,ok,0.9991
prescan,square,1024,1024,1024,128,1024,1024,native,0.500,4.000,64,16,1024,0,1.2862,1669.7,2.36,ok,1.0343
prescan,square,1024,1024,1024,128,1024,2048,native,0.500,4.000,64,16,1024,0,1.2834,1673.3,3.10,ok,1.0366
prescan,square,1024,1024,1024,128,1024,4096,native,0.500,4.000,64,16,1024,0,1.2687,1692.7,5.41,ok,1.0486
final,square,1024,1024,1024,64,1024,4096,native,0.250,4.000,64,16,1024,119,1.2938,1659.8,2.92,ok,1.0403
final,square,1024,1024,1024,16,1024,1024,native,0.062,4.000,64,16,1024,124,1.2759,1683.1,3.42,ok,1.0549
final,square,1024,1024,1024,16,512,4096,native,0.062,2.000,128,16,1024,121,1.2846,1671.7,3.10,ok,1.0477
final,square,1024,1024,1024,32,1024,1024,native,0.125,4.000,64,16,1024,107,1.2765,1682.4,3.65,ok,1.0544
final,square,1024,1024,1024,16,512,1024,native,0.062,2.000,128,16,1024,120,1.2850,1671.2,1.56,ok,1.0474
final,square,1024,1024,1024,16,1024,4096,native,0.062,4.000,64,16,1024,112,1.2837,1672.9,4.10,ok,1.0485
final,square,1024,1024,1024,128,1024,4096,native,0.500,4.000,64,16,1024,125,1.2687,1692.7,3.84,ok,1.0609
final,square,1024,1024,1024,16,1024,2048,native,0.062,4.000,64,16,1024,124,1.2797,1678.1,3.01,ok,1.0518
final,square,1024,1024,1024,32,1024,2048,native,0.125,4.000,64,16,1024,125,1.2629,1700.5,1.76,ok,1.0658
final,square,1024,1024,1024,32,1024,4096,native,0.125,4.000,64,16,1024,123,1.2659,1696.4,3.84,ok,1.0632
final,square,1024,1024,1024,64,1024,1024,native,0.250,4.000,64,16,1024,118,1.2686,1692.8,4.41,ok,1.0609
final,square,1024,1024,1024,64,512,1024,native,0.250,2.000,128,16,1024,113,1.2977,1654.9,2.27,ok,1.0372
final,square,1024,1024,1024,128,1024,2048,native,0.500,4.000,64,16,1024,121,1.2680,1693.5,4.85,ok,1.0614
final,square,1024,1024,1024,128,1024,1024,native,0.500,4.000,64,16,1024,113,1.3019,1649.5,4.48,ok,1.0338
final,square,1024,1024,1024,16,256,2048,native,0.062,1.000,256,16,1024,113,1.3459,1595.6,4.58,ok,1.0000
prescan,square,2048,2048,2048,16,64,256,native,0.016,0.062,32768,256,32768,0,22.4022,766.9,7.67,ok,0.5530
prescan,square,2048,2048,2048,16,64,512,native,0.031,0.125,16384,128,16384,0,22.1163,776.8,17.21,ok,0.5602
prescan,square,2048,2048,2048,16,64,1024,native,0.062,0.250,8192,64,8192,0,21.8534,786.1,0.53,ok,0.5669
prescan,square,2048,2048,2048,16,64,2048,native,0.125,0.500,4096,32,4096,0,19.8336,866.2,3.09,ok,0.6247
prescan,square,2048,2048,2048,16,64,4096,native,0.125,0.500,4096,32,4096,0,20.4166,841.5,4.01,ok,0.6068
prescan,square,2048,2048,2048,16,128,256,native,0.016,0.125,16384,256,32768,0,16.4910,1041.8,4.01,ok,0.7513
prescan,square,2048,2048,2048,16,128,512,native,0.031,0.250,8192,128,16384,0,16.7514,1025.6,11.83,ok,0.7396
prescan,square,2048,2048,2048,16,128,1024,native,0.062,0.500,4096,64,8192,0,16.4126,1046.8,8.82,ok,0.7549
prescan,square,2048,2048,2048,16,128,2048,native,0.125,1.000,2048,32,4096,0,14.6157,1175.4,7.09,ok,0.8477
prescan,square,2048,2048,2048,16,128,4096,native,0.125,1.000,2048,32,4096,0,14.8647,1155.7,9.60,ok,0.8335
prescan,square,2048,2048,2048,16,256,256,native,0.016,0.250,8192,256,32768,0,14.1756,1211.9,6.40,ok,0.8740
prescan,square,2048,2048,2048,16,256,512,native,0.031,0.500,4096,128,16384,0,14.4412,1189.6,2.13,ok,0.8579
prescan,square,2048,2048,2048,16,256,1024,native,0.062,1.000,2048,64,8192,0,13.3499,1286.9,5.80,ok,0.9280
prescan,square,2048,2048,2048,16,256,2048,native,0.125,2.000,1024,32,4096,0,12.3891,1386.7,1.53,ok,1.0000
prescan,square,2048,2048,2048,16,256,4096,native,0.125,2.000,1024,32,4096,0,12.3399,1392.2,0.80,ok,1.0040
prescan,square,2048,2048,2048,16,512,256,native,0.016,0.500,4096,256,32768,0,13.8095,1244.1,2.92,ok,0.8971
prescan,square,2048,2048,2048,16,512,512,native,0.031,1.000,2048,128,16384,0,12.7888,1343.4,0.38,ok,0.9687
prescan,square,2048,2048,2048,16,512,1024,native,0.062,2.000,1024,64,8192,0,11.9415,1438.7,5.86,ok,1.0375
prescan,square,2048,2048,2048,16,512,2048,native,0.125,4.000,512,32,4096,0,11.2137,1532.0,4.90,ok,1.1048
prescan,square,2048,2048,2048,16,512,4096,native,0.125,4.000,512,32,4096,0,11.0046,1561.2,0.15,ok,1.1258
prescan,square,2048,2048,2048,16,1024,256,native,0.016,1.000,2048,256,32768,0,12.9412,1327.5,2.83,ok,0.9573
prescan,square,2048,2048,2048,16,1024,512,native,0.031,2.000,1024,128,16384,0,11.7725,1459.3,0.58,ok,1.0524
prescan,square,2048,2048,2048,16,1024,1024,native,0.062,4.000,512,64,8192,0,11.2580,1526.0,6.20,ok,1.1005
prescan,square,2048,2048,2048,16,1024,2048,native,0.125,8.000,256,32,4096,0,10.5635,1626.3,2.35,ok,1.1728
prescan,square,2048,2048,2048,16,1024,4096,native,0.125,8.000,256,32,4096,0,10.7530,1597.7,1.62,ok,1.1521
prescan,square,2048,2048,2048,32,64,256,native,0.031,0.062,32768,256,32768,0,22.7454,755.3,4.24,ok,0.5447
prescan,square,2048,2048,2048,32,64,512,native,0.062,0.125,16384,128,16384,0,21.7551,789.7,12.22,ok,0.5695
prescan,square,2048,2048,2048,32,64,1024,native,0.125,0.250,8192,64,8192,0,21.1209,813.4,5.44,ok,0.5866
prescan,square,2048,2048,2048,32,64,2048,native,0.250,0.500,4096,32,4096,0,19.1919,895.2,2.53,ok,0.6455
prescan,square,2048,2048,2048,32,64,4096,native,0.250,0.500,4096,32,4096,0,19.4884,881.5,2.13,ok,0.6357
prescan,square,2048,2048,2048,32,128,256,native,0.031,0.125,16384,256,32768,0,16.3796,1048.9,8.08,ok,0.7564
prescan,square,2048,2048,2048,32,128,512,native,0.062,0.250,8192,128,16384,0,16.4965,1041.4,8.30,ok,0.7510
prescan,square,2048,2048,2048,32,128,1024,native,0.125,0.500,4096,64,8192,0,15.7568,1090.3,11.01,ok,0.7863
prescan,square,2048,2048,2048,32,128,2048,native,0.250,1.000,2048,32,4096,0,14.4220,1191.2,4.73,ok,0.8590
prescan,square,2048,2048,2048,32,128,4096,native,0.250,1.000,2048,32,4096,0,14.1295,1215.9,2.20,ok,0.8768
prescan,square,2048,2048,2048,32,256,256,native,0.031,0.250,8192,256,32768,0,14.4676,1187.5,7.35,ok,0.8563
prescan,square,2048,2048,2048,32,256,512,native,0.062,0.500,4096,128,16384,0,13.4614,1276.2,0.90,ok,0.9203
prescan,square,2048,2048,2048,32,256,1024,native,0.125,1.000,2048,64,8192,0,13.2301,1298.5,7.42,ok,0.9364
prescan,square,2048,2048,2048,32,256,2048,native,0.250,2.000,1024,32,4096,0,12.2788,1399.1,0.78,ok,1.0090
prescan,square,2048,2048,2048,32,256,4096,native,0.250,2.000,1024,32,4096,0,12.3355,1392.7,0.70,ok,1.0043
prescan,square,2048,2048,2048,32,512,256,native,0.031,0.500,4096,256,32768,0,13.2862,1293.1,3.83,ok,0.9325
prescan,square,2048,2048,2048,32,512,512,native,0.062,1.000,2048,128,16384,0,12.7153,1351.1,2.42,ok,0.9743
prescan,square,2048,2048,2048,32,512,1024,native,0.125,2.000,1024,64,8192,0,11.7078,1467.4,3.63,ok,1.0582
prescan,square,2048,2048,2048,32,512,2048,native,0.250,4.000,512,32,4096,0,11.0691,1552.1,1.52,ok,1.1193
prescan,square,2048,2048,2048,32,512,4096,native,0.250,4.000,512,32,4096,0,10.9677,1566.4,3.93,ok,1.1296
prescan,square,2048,2048,2048,32,1024,256,native,0.031,1.000,2048,256,32768,0,12.8231,1339.8,6.02,ok,0.9662
prescan,square,2048,2048,2048,32,1024,512,native,0.062,2.000,1024,128,16384,0,11.7860,1457.7,0.92,ok,1.0512
prescan,square,2048,2048,2048,32,1024,1024,native,0.125,4.000,512,64,8192,0,11.0059,1561.0,1.78,ok,1.1257
prescan,square,2048,2048,2048,32,1024,2048,native,0.250,8.000,256,32,4096,0,10.7051,1604.8,3.51,ok,1.1573
prescan,square,2048,2048,2048,32,1024,4096,native,0.250,8.000,256,32,4096,0,10.5345,1630.8,0.33,ok,1.1761
prescan,square,2048,2048,2048,64,64,256,native,0.062,0.062,32768,256,32768,0,23.6295,727.1,11.02,ok,0.5243
prescan,square,2048,2048,2048,64,64,512,native,0.125,0.125,16384,128,16384,0,20.9849,818.7,3.14,ok,0.5904
prescan,square,2048,2048,2048,64,64,1024,native,0.250,0.250,8192,64,8192,0,19.9142,862.7,11.67,ok,0.6221
prescan,square,2048,2048,2048,64,64,2048,native,0.500,0.500,4096,32,4096,0,19.2500,892.5,1.55,ok,0.6436
prescan,square,2048,2048,2048,64,64,4096,native,0.500,0.500,4096,32,4096,0,17.9495,957.1,2.26,ok,0.6902
prescan,square,2048,2048,2048,64,128,256,native,0.062,0.125,16384,256,32768,0,17.3118,992.4,6.54,ok,0.7156
prescan,square,2048,2048,2048,64,128,512,native,0.125,0.250,8192,128,16384,0,15.7300,1092.2,0.59,ok,0.7876
prescan,square,2048,2048,2048,64,128,1024,native,0.250,0.500,4096,64,8192,0,16.6992,1028.8,1.04,ok,0.7419
prescan,square,2048,2048,2048,64,128,2048,native,0.500,1.000,2048,32,4096,0,14.6807,1170.2,0.61,ok,0.8439
prescan,square,2048,2048,2048,64,128,4096,native,0.500,1.000,2048,32,4096,0,14.3204,1199.7,3.53,ok,0.8651
prescan,square,2048,2048,2048,64,256,256,native,0.062,0.250,8192,256,32768,0,13.6443,1259.1,0.38,ok,0.9080
prescan,square,2048,2048,2048,64,256,512,native,0.125,0.500,4096,128,16384,0,13.9413,1232.3,1.24,ok,0.8887
prescan,square,2048,2048,2048,64,256,1024,native,0.250,1.000,2048,64,8192,0,13.6701,1256.8,5.47,ok,0.9063
prescan,square,2048,2048,2048,64,256,2048,native,0.500,2.000,1024,32,4096,0,11.9932,1432.5,3.21,ok,1.0330
prescan,square,2048,2048,2048,64,256,4096,native,0.500,2.000,1024,32,4096,0,11.8898,1444.9,3.70,ok,1.0420
prescan,square,2048,2048,2048,64,512,256,native,0.062,0.500,4096,256,32768,0,12.9737,1324.2,0.93,ok,0.9549
prescan,square,2048,2048,2048,64,512,512,native,0.125,1.000,2048,128,16384,0,12.7226,1350.3,1.98,ok,0.9738
prescan,square,2048,2048,2048,64,512,1024,native,0.250,2.000,1024,64,8192,0,11.7247,1465.3,4.40,ok,1.0567
prescan,square,2048,2048,2048,64,512,2048,native,0.500,4.000,512,32,4096,0,10.8646,1581.3,1.84,ok,1.1403
prescan,square,2048,2048,2048,64,512,4096,native,0.500,4.000,512,32,4096,0,10.9523,1568.6,0.45,ok,1.1312
prescan,square,2048,2048,2048,64,1024,256,native,0.062,1.000,2048,256,32768,0,12.4192,1383.3,1.33,ok,0.9976
prescan,square,2048,2048,2048,64,1024,512,native,0.125,2.000,1024,128,16384,0,11.9856,1433.4,1.37,ok,1.0337
prescan,square,2048,2048,2048,64,1024,1024,native,0.250,4.000,512,64,8192,0,11.1515,1540.6,4.94,ok,1.1110
prescan,square,2048,2048,2048,64,1024,2048,native,0.500,8.000,256,32,4096,0,10.8251,1587.0,2.98,ok,1.1445
prescan,square,2048,2048,2048,64,1024,4096,native,0.500,8.000,256,32,4096,0,10.7332,1600.6,4.04,ok,1.1543
prescan,square,2048,2048,2048,128,64,256,native,0.125,0.062,32768,256,32768,0,22.4730,764.5,8.12,ok,0.5513
prescan,square,2048,2048,2048,128,64,512,native,0.250,0.125,16384,128,16384,0,22.5587,761.6,11.10,ok,0.5492
prescan,square,2048,2048,2048,128,64,1024,native,0.500,0.250,8192,64,8192,0,20.4198,841.3,1.57,ok,0.6067
prescan,square,2048,2048,2048,128,64,2048,native,1.000,0.500,4096,32,4096,0,19.0521,901.7,9.59,ok,0.6503
prescan,square,2048,2048,2048,128,64,4096,native,1.000,0.500,4096,32,4096,0,19.3044,889.9,2.24,ok,0.6418
prescan,square,2048,2048,2048,128,128,256,native,0.125,0.125,16384,256,32768,0,16.8268,1021.0,12.19,ok,0.7363
prescan,square,2048,2048,2048,128,128,512,native,0.250,0.250,8192,128,16384,0,15.8784,1082.0,1.85,ok,0.7802
prescan,square,2048,2048,2048,128,128,1024,native,0.500,0.500,4096,64,8192,0,16.7022,1028.6,0.01,ok,0.7418
prescan,square,2048,2048,2048,128,128,2048,native,1.000,1.000,2048,32,4096,0,14.6328,1174.1,0.22,ok,0.8467
prescan,square,2048,2048,2048,128,128,4096,native,1.000,1.000,2048,32,4096,0,14.8807,1154.5,0.43,ok,0.8326
prescan,square,2048,2048,2048,128,256,256,native,0.125,0.250,8192,256,32768,0,13.6868,1255.2,0.18,ok,0.9052
prescan,square,2048,2048,2048,128,256,512,native,0.250,0.500,4096,128,16384,0,14.5079,1184.2,1.77,ok,0.8540
prescan,square,2048,2048,2048,128,256,1024,native,0.500,1.000,2048,64,8192,0,12.8201,1340.1,7.72,ok,0.9664
prescan,square,2048,2048,2048,128,256,2048,native,1.000,2.000,1024,32,4096,0,11.9713,1435.1,1.98,ok,1.0349
prescan,square,2048,2048,2048,128,256,4096,native,1.000,2.000,1024,32,4096,0,12.1176,1417.8,0.15,ok,1.0224
prescan,square,2048,2048,2048,128,512,256,native,0.125,0.500,4096,256,32768,0,13.3388,1288.0,0.55,ok,0.9288
prescan,square,2048,2048,2048,128,512,512,native,0.250,1.000,2048,128,16384,0,12.4946,1375.0,1.47,ok,0.9916
prescan,square,2048,2048,2048,128,512,1024,native,0.500,2.000,1024,64,8192,0,11.7433,1463.0,1.34,ok,1.0550
prescan,square,2048,2048,2048,128,512,2048,native,1.000,4.000,512,32,4096,0,11.0358,1556.7,5.38,ok,1.1226
prescan,square,2048,2048,2048,128,512,4096,native,1.000,4.000,512,32,4096,0,11.2254,1530.4,1.62,ok,1.1037
prescan,square,2048,2048,2048,128,1024,256,native,0.125,1.000,2048,256,32768,0,12.7612,1346.3,0.95,ok,0.9708
prescan,square,2048,2048,2048,128,1024,512,native,0.250,2.000,1024,128,16384,0,12.4404,1381.0,2.02,ok,0.9959
prescan,square,2048,2048,2048,128,1024,1024,native,0.500,4.000,512,64,8192,0,11.2604,1525.7,5.24,ok,1.1002
prescan,square,2048,2048,2048,128,1024,2048,native,1.000,8.000,256,32,4096,0,10.7106,1604.0,4.68,ok,1.1567
prescan,square,2048,2048,2048,128,1024,4096,native,1.000,8.000,256,32,4096,0,10.8166,1588.3,2.59,ok,1.1454
final,square,2048,2048,2048,32,1024,4096,native,0.250,8.000,256,32,4096,14,10.6883,1607.4,1.43,ok,1.1602
final,square,2048,2048,2048,16,1024,2048,native,0.125,8.000,256,32,4096,13,10.9829,1564.2,2.68,ok,1.1291
final,square,2048,2048,2048,32,1024,2048,native,0.250,8.000,256,32,4096,14,10.6643,1611.0,2.02,ok,1.1628
final,square,2048,2048,2048,128,1024,2048,native,1.000,8.000,256,32,4096,14,10.6010,1620.6,3.48,ok,1.1698
final,square,2048,2048,2048,64,1024,4096,native,0.500,8.000,256,32,4096,13,10.6337,1615.6,5.51,ok,1.1662
final,square,2048,2048,2048,16,1024,4096,native,0.125,8.000,256,32,4096,13,10.6157,1618.3,2.05,ok,1.1682
final,square,2048,2048,2048,128,1024,4096,native,1.000,8.000,256,32,4096,13,10.7157,1603.2,3.56,ok,1.1573
final,square,2048,2048,2048,64,1024,2048,native,0.500,8.000,256,32,4096,14,10.7970,1591.2,2.98,ok,1.1486
final,square,2048,2048,2048,16,256,2048,native,0.125,2.000,1024,32,4096,12,12.4009,1385.4,1.40,ok,1.0000
prescan,square,4096,4096,4096,16,64,256,native,0.016,0.062,262144,1024,262144,0,232.8406,590.3,1.99,ok,0.4542
prescan,square,4096,4096,4096,16,64,512,native,0.031,0.125,131072,512,131072,0,200.4096,685.8,0.12,ok,0.5277
prescan,square,4096,4096,4096,16,64,1024,native,0.062,0.250,65536,256,65536,0,182.3805,753.6,0.09,ok,0.5798
prescan,square,4096,4096,4096,16,64,2048,native,0.125,0.500,32768,128,32768,0,171.5783,801.0,1.03,ok,0.6164
prescan,square,4096,4096,4096,16,64,4096,native,0.250,1.000,16384,64,16384,0,165.3347,831.3,0.80,ok,0.6396
prescan,square,4096,4096,4096,16,128,256,native,0.016,0.125,131072,1024,262144,0,169.4224,811.2,5.74,ok,0.6242
prescan,square,4096,4096,4096,16,128,512,native,0.031,0.250,65536,512,131072,0,150.7394,911.8,0.12,ok,0.7016
prescan,square,4096,4096,4096,16,128,1024,native,0.062,0.500,32768,256,65536,0,135.7537,1012.4,0.11,ok,0.7790
prescan,square,4096,4096,4096,16,128,2048,native,0.125,1.000,16384,128,32768,0,127.8273,1075.2,0.13,ok,0.8273
prescan,square,4096,4096,4096,16,128,4096,native,0.250,2.000,8192,64,16384,0,120.3613,1141.9,0.13,ok,0.8786
prescan,square,4096,4096,4096,16,256,256,native,0.016,0.250,65536,1024,262144,0,139.9110,982.3,0.87,ok,0.7559
prescan,square,4096,4096,4096,16,256,512,native,0.031,0.500,32768,512,131072,0,122.2152,1124.6,0.21,ok,0.8653
prescan,square,4096,4096,4096,16,256,1024,native,0.062,1.000,16384,256,65536,0,110.7380,1241.1,1.53,ok,0.9550
prescan,square,4096,4096,4096,16,256,2048,native,0.125,2.000,8192,128,32768,0,105.7528,1299.6,1.88,ok,1.0000
prescan,square,4096,4096,4096,16,256,4096,native,0.250,4.000,4096,64,16384,0,101.7146,1351.2,0.18,ok,1.0397
prescan,square,4096,4096,4096,16,512,256,native,0.016,0.500,32768,1024,262144,0,127.5844,1077.2,0.17,ok,0.8289
prescan,square,4096,4096,4096,16,512,512,native,0.031,1.000,16384,512,131072,0,107.6016,1277.3,2.39,ok,0.9828
prescan,square,4096,4096,4096,16,512,1024,native,0.062,2.000,8192,256,65536,0,98.5376,1394.8,0.54,ok,1.0732
prescan,square,4096,4096,4096,16,512,2048,native,0.125,4.000,4096,128,32768,0,95.4059,1440.6,4.41,ok,1.1085
prescan,square,4096,4096,4096,16,512,4096,native,0.250,8.000,2048,64,16384,0,93.8368,1464.7,0.42,ok,1.1270
prescan,square,4096,4096,4096,16,1024,256,native,0.016,1.000,16384,1024,262144,0,117.6153,1168.5,0.43,ok,0.8991
prescan,square,4096,4096,4096,16,1024,512,native,0.031,2.000,8192,512,131072,0,100.6482,1365.5,0.33,ok,1.0507
prescan,square,4096,4096,4096,16,1024,1024,native,0.062,4.000,4096,256,65536,0,91.9073,1495.4,1.70,ok,1.1506
prescan,square,4096,4096,4096,16,1024,2048,native,0.125,8.000,2048,128,32768,0,91.5896,1500.6,5.11,ok,1.1546
prescan,square,4096,4096,4096,16,1024,4096,native,0.250,16.000,1024,64,16384,0,184.5942,744.5,2.97,ok,0.5729
prescan,square,4096,4096,4096,32,64,256,native,0.031,0.062,262144,1024,262144,0,224.2287,612.9,3.90,ok,0.4716
prescan,square,4096,4096,4096,32,64,512,native,0.062,0.125,131072,512,131072,0,201.5053,682.1,2.29,ok,0.5248
prescan,square,4096,4096,4096,32,64,1024,native,0.125,0.250,65536,256,65536,0,181.5216,757.1,0.70,ok,0.5826
prescan,square,4096,4096,4096,32,64,2048,native,0.250,0.500,32768,128,32768,0,171.6867,800.5,0.04,ok,0.6160
prescan,square,4096,4096,4096,32,64,4096,native,0.500,1.000,16384,64,16384,0,160.9535,853.9,1.40,ok,0.6570
prescan,square,4096,4096,4096,32,128,256,native,0.031,0.125,131072,1024,262144,0,172.3812,797.3,1.49,ok,0.6135
prescan,square,4096,4096,4096,32,128,512,native,0.062,0.250,65536,512,131072,0,151.4640,907.4,0.85,ok,0.6982
prescan,square,4096,4096,4096,32,128,1024,native,0.125,0.500,32768,256,65536,0,134.6641,1020.6,0.18,ok,0.7853
prescan,square,4096,4096,4096,32,128,2048,native,0.250,1.000,16384,128,32768,0,125.7053,1093.3,0.78,ok,0.8413
prescan,square,4096,4096,4096,32,128,4096,native,0.500,2.000,8192,64,16384,0,119.0136,1154.8,1.30,ok,0.8886
prescan,square,4096,4096,4096,32,256,256,native,0.031,0.250,65536,1024,262144,0,140.4134,978.8,0.03,ok,0.7532
prescan,square,4096,4096,4096,32,256,512,native,0.062,0.500,32768,512,131072,0,121.9490,1127.0,0.84,ok,0.8672
prescan,square,4096,4096,4096,32,256,1024,native,0.125,1.000,16384,256,65536,0,109.5540,1254.5,2.99,ok,0.9653
prescan,square,4096,4096,4096,32,256,2048,native,0.250,2.000,8192,128,32768,0,104.8144,1311.3,1.09,ok,1.0090
prescan,square,4096,4096,4096,32,256,4096,native,0.500,4.000,4096,64,16384,0,97.4454,1410.4,2.84,ok,1.0853
prescan,square,4096,4096,4096,32,512,256,native,0.031,0.500,32768,1024,262144,0,129.3902,1062.2,0.11,ok,0.8173
prescan,square,4096,4096,4096,32,512,512,native,0.062,1.000,16384,512,131072,0,104.8955,1310.2,0.07,ok,1.0082
prescan,square,4096,4096,4096,32,512,1024,native,0.125,2.000,8192,256,65536,0,96.0904,1430.3,0.76,ok,1.1006
prescan,square,4096,4096,4096,32,512,2048,native,0.250,4.000,4096,128,32768,0,92.3279,1488.6,0.26,ok,1.1454
prescan,square,4096,4096,4096,32,512,4096,native,0.500,8.000,2048,64,16384,0,90.8471,1512.9,6.29,ok,1.1641
prescan,square,4096,4096,4096,32,1024,256,native,0.031,1.000,16384,1024,262144,0,117.4337,1170.4,0.60,ok,0.9005
prescan,square,4096,4096,4096,32,1024,512,native,0.062,2.000,8192,512,131072,0,98.4106,1396.6,1.28,ok,1.0746
prescan,square,4096,4096,4096,32,1024,1024,native,0.125,4.000,4096,256,65536,0,93.3392,1472.5,1.88,ok,1.1330
prescan,square,4096,4096,4096,32,1024,2048,native,0.250,8.000,2048,128,32768,0,87.4563,1571.5,3.16,ok,1.2092
prescan,square,4096,4096,4096,32,1024,4096,native,0.500,16.000,1024,64,16384,0,136.0095,1010.5,0.85,ok,0.7775
prescan,square,4096,4096,4096,64,64,256,native,0.062,0.062,262144,1024,262144,0,225.9438,608.3,0.19,ok,0.4680
prescan,square,4096,4096,4096,64,64,512,native,0.125,0.125,131072,512,131072,0,204.5428,671.9,0.34,ok,0.5170
prescan,square,4096,4096,4096,64,64,1024,native,0.250,0.250,65536,256,65536,0,181.3227,758.0,0.30,ok,0.5832
prescan,square,4096,4096,4096,64,64,2048,native,0.500,0.500,32768,128,32768,0,171.7685,800.1,0.74,ok,0.6157
prescan,square,4096,4096,4096,64,64,4096,native,1.000,1.000,16384,64,16384,0,160.9848,853.7,0.23,ok,0.6569
prescan,square,4096,4096,4096,64,128,256,native,0.062,0.125,131072,1024,262144,0,168.2865,816.7,4.87,ok,0.6284
prescan,square,4096,4096,4096,64,128,512,native,0.125,0.250,65536,512,131072,0,152.0450,903.9,0.06,ok,0.6955
prescan,square,4096,4096,4096,64,128,1024,native,0.250,0.500,32768,256,65536,0,133.8933,1026.5,0.74,ok,0.7898
prescan,square,4096,4096,4096,64,128,2048,native,0.500,1.000,16384,128,32768,0,125.3061,1096.8,0.13,ok,0.8440
prescan,square,4096,4096,4096,64,128,4096,native,1.000,2.000,8192,64,16384,0,117.6554,1168.1,1.27,ok,0.8988
prescan,square,4096,4096,4096,64,256,256,native,0.062,0.250,65536,1024,262144,0,142.9584,961.4,0.57,ok,0.7397
prescan,square,4096,4096,4096,64,256,512,native,0.125,0.500,32768,512,131072,0,121.2898,1133.1,0.16,ok,0.8719
prescan,square,4096,4096,4096,64,256,1024,native,0.250,1.000,16384,256,65536,0,109.5192,1254.9,2.97,ok,0.9656
prescan,square,4096,4096,4096,64,256,2048,native,0.500,2.000,8192,128,32768,0,102.4460,1341.6,0.25,ok,1.0323
prescan,square,4096,4096,4096,64,256,4096,native,1.000,4.000,4096,64,16384,0,97.1377,1414.9,3.95,ok,1.0887
prescan,square,4096,4096,4096,64,512,256,native,0.062,0.500,32768,1024,262144,0,122.3112,1123.7,0.22,ok,0.8646
prescan,square,4096,4096,4096,64,512,512,native,0.125,1.000,16384,512,131072,0,106.3275,1292.6,1.48,ok,0.9946
prescan,square,4096,4096,4096,64,512,1024,native,0.250,2.000,8192,256,65536,0,98.5922,1394.0,1.97,ok,1.0726
prescan,square,4096,4096,4096,64,512,2048,native,0.500,4.000,4096,128,32768,0,92.9216,1479.1,4.59,ok,1.1381
prescan,square,4096,4096,4096,64,512,4096,native,1.000,8.000,2048,64,16384,0,89.9363,1528.2,1.77,ok,1.1759
prescan,square,4096,4096,4096,64,1024,256,native,0.062,1.000,16384,1024,262144,0,111.8848,1228.4,0.92,ok,0.9452
prescan,square,4096,4096,4096,64,1024,512,native,0.125,2.000,8192,512,131072,0,99.3309,1383.6,0.84,ok,1.0647
prescan,square,4096,4096,4096,64,1024,1024,native,0.250,4.000,4096,256,65536,0,92.3891,1487.6,5.20,ok,1.1446
prescan,square,4096,4096,4096,64,1024,2048,native,0.500,8.000,2048,128,32768,0,89.1939,1540.9,2.13,ok,1.1857
prescan,square,4096,4096,4096,64,1024,4096,native,1.000,16.000,1024,64,16384,0,109.4124,1256.2,2.93,ok,0.9666
prescan,square,4096,4096,4096,128,64,256,native,0.125,0.062,262144,1024,262144,0,226.3345,607.2,0.78,ok,0.4672
prescan,square,4096,4096,4096,128,64,512,native,0.250,0.125,131072,512,131072,0,205.0494,670.3,1.68,ok,0.5157
prescan,square,4096,4096,4096,128,64,1024,native,0.500,0.250,65536,256,65536,0,183.3473,749.6,0.15,ok,0.5768
prescan,square,4096,4096,4096,128,64,2048,native,1.000,0.500,32768,128,32768,0,171.5596,801.1,0.80,ok,0.6164
prescan,square,4096,4096,4096,128,64,4096,native,2.000,1.000,16384,64,16384,0,160.6200,855.7,0.91,ok,0.6584
prescan,square,4096,4096,4096,128,128,256,native,0.125,0.125,131072,1024,262144,0,173.2905,793.1,0.77,ok,0.6103
prescan,square,4096,4096,4096,128,128,512,native,0.250,0.250,65536,512,131072,0,151.4231,907.6,0.16,ok,0.6984
prescan,square,4096,4096,4096,128,128,1024,native,0.500,0.500,32768,256,65536,0,133.5907,1028.8,0.20,ok,0.7916
prescan,square,4096,4096,4096,128,128,2048,native,1.000,1.000,16384,128,32768,0,124.4284,1104.6,0.06,ok,0.8499
prescan,square,4096,4096,4096,128,128,4096,native,2.000,2.000,8192,64,16384,0,119.3479,1151.6,7.77,ok,0.8861
prescan,square,4096,4096,4096,128,256,256,native,0.125,0.250,65536,1024,262144,0,141.0986,974.1,0.72,ok,0.7495
prescan,square,4096,4096,4096,128,256,512,native,0.250,0.500,32768,512,131072,0,121.1883,1134.1,0.56,ok,0.8726
prescan,square,4096,4096,4096,128,256,1024,native,0.500,1.000,16384,256,65536,0,109.2483,1258.0,2.06,ok,0.9680
prescan,square,4096,4096,4096,128,256,2048,native,1.000,2.000,8192,128,32768,0,105.5123,1302.6,0.85,ok,1.0023
prescan,square,4096,4096,4096,128,256,4096,native,2.000,4.000,4096,64,16384,0,99.4607,1381.8,2.36,ok,1.0633
prescan,square,4096,4096,4096,128,512,256,native,0.125,0.500,32768,1024,262144,0,121.9061,1127.4,0.81,ok,0.8675
prescan,square,4096,4096,4096,128,512,512,native,0.250,1.000,16384,512,131072,0,106.7018,1288.1,0.13,ok,0.9911
prescan,square,4096,4096,4096,128,512,1024,native,0.500,2.000,8192,256,65536,0,99.1041,1386.8,0.22,ok,1.0671
prescan,square,4096,4096,4096,128,512,2048,native,1.000,4.000,4096,128,32768,0,92.7828,1481.3,1.40,ok,1.1398
prescan,square,4096,4096,4096,128,512,4096,native,2.000,8.000,2048,64,16384,0,92.8885,1479.6,1.81,ok,1.1385
prescan,square,4096,4096,4096,128,1024,256,native,0.125,1.000,16384,1024,262144,0,113.0594,1215.6,3.20,ok,0.9354
prescan,square,4096,4096,4096,128,1024,512,native,0.250,2.000,8192,512,131072,0,101.4215,1355.1,2.10,ok,1.0427
prescan,square,4096,4096,4096,128,1024,1024,native,0.500,4.000,4096,256,65536,0,91.9765,1494.3,1.69,ok,1.1498
prescan,square,4096,4096,4096,128,1024,2048,native,1.000,8.000,2048,128,32768,0,88.3725,1555.2,0.78,ok,1.1967
prescan,square,4096,4096,4096,128,1024,4096,native,2.000,16.000,1024,64,16384,0,99.4444,1382.1,2.28,ok,1.0634
final,square,4096,4096,4096,32,1024,2048,native,0.250,8.000,2048,128,32768,1,91.5338,1501.5,5.16,ok,1.1507
final,square,4096,4096,4096,128,1024,2048,native,1.000,8.000,2048,128,32768,1,89.3777,1537.7,5.82,ok,1.1784
final,square,4096,4096,4096,64,1024,2048,native,0.500,8.000,2048,128,32768,1,89.0746,1543.0,1.18,ok,1.1825
final,square,4096,4096,4096,64,512,4096,native,1.000,8.000,2048,64,16384,1,92.0289,1493.4,4.24,ok,1.1445
final,square,4096,4096,4096,32,512,4096,native,0.500,8.000,2048,64,16384,1,92.9413,1478.8,2.11,ok,1.1333
final,square,4096,4096,4096,16,1024,2048,native,0.125,8.000,2048,128,32768,1,93.5515,1469.1,4.53,ok,1.1259
final,square,4096,4096,4096,16,1024,1024,native,0.062,4.000,4096,256,65536,1,92.3635,1488.0,1.18,ok,1.1404
final,square,4096,4096,4096,128,1024,1024,native,0.500,4.000,4096,256,65536,1,95.5300,1438.7,4.58,ok,1.1026
final,square,4096,4096,4096,16,256,2048,native,0.125,2.000,8192,128,32768,1,105.3269,1304.9,2.63,ok,1.0000
prescan,llm,64,8192,512,16,64,256,native,0.016,0.062,1024,256,1024,0,0.7530,713.0,4.08,ok,0.7979
prescan,llm,64,8192,512,16,64,512,native,0.031,0.125,512,128,512,0,0.7304,735.1,0.68,ok,0.8226
prescan,llm,64,8192,512,16,64,1024,native,0.062,0.250,256,64,256,0,0.7119,754.1,1.55,ok,0.8439
prescan,llm,64,8192,512,16,64,2048,native,0.125,0.500,128,32,128,0,0.6988,768.3,0.02,ok,0.8597
prescan,llm,64,8192,512,16,64,4096,native,0.250,1.000,64,16,64,0,0.6966,770.7,1.10,ok,0.8624
prescan,llm,64,8192,512,16,128,256,native,0.016,0.125,512,256,1024,0,0.6859,782.7,1.40,ok,0.8759
prescan,llm,64,8192,512,16,128,512,native,0.031,0.250,256,128,512,0,0.6398,839.2,3.58,ok,0.9390
prescan,llm,64,8192,512,16,128,1024,native,0.062,0.500,128,64,256,0,0.6403,838.4,0.53,ok,0.9382
prescan,llm,64,8192,512,16,128,2048,native,0.125,1.000,64,32,128,0,0.6214,864.0,0.80,ok,0.9668
prescan,llm,64,8192,512,16,128,4096,native,0.250,2.000,32,16,64,0,0.6336,847.3,1.25,ok,0.9481
prescan,llm,64,8192,512,16,256,256,native,0.016,0.250,256,256,1024,0,0.6333,847.7,3.58,ok,0.9486
prescan,llm,64,8192,512,16,256,512,native,0.031,0.500,128,128,512,0,0.6003,894.3,2.03,ok,1.0008
prescan,llm,64,8192,512,16,256,1024,native,0.062,1.000,64,64,256,0,0.5987,896.7,1.16,ok,1.0034
prescan,llm,64,8192,512,16,256,2048,native,0.125,2.000,32,32,128,0,0.6008,893.6,0.35,ok,1.0000
prescan,llm,64,8192,512,16,256,4096,native,0.250,4.000,16,16,64,0,0.6293,853.1,0.86,ok,0.9546
prescan,llm,64,8192,512,16,512,256,native,0.016,0.500,128,256,1024,0,0.6173,869.8,1.93,ok,0.9733
prescan,llm,64,8192,512,16,512,512,native,0.031,1.000,64,128,512,0,0.5915,907.7,1.97,ok,1.0157
prescan,llm,64,8192,512,16,512,1024,native,0.062,2.000,32,64,256,0,0.5822,922.1,1.83,ok,1.0318
prescan,llm,64,8192,512,16,512,2048,native,0.125,4.000,16,32,128,0,0.5978,898.1,1.35,ok,1.0050
prescan,llm,64,8192,512,16,512,4096,native,0.250,8.000,8,16,64,0,0.6736,797.0,0.29,ok,0.8919
prescan,llm,64,8192,512,16,1024,256,native,0.016,0.500,128,256,1024,0,0.6195,866.6,1.73,ok,0.9697
prescan,llm,64,8192,512,16,1024,512,native,0.031,1.000,64,128,512,0,0.5935,904.6,0.59,ok,1.0122
prescan,llm,64,8192,512,16,1024,1024,native,0.062,2.000,32,64,256,0,0.5945,903.1,1.34,ok,1.0106
prescan,llm,64,8192,512,16,1024,2048,native,0.125,4.000,16,32,128,0,0.6019,892.0,0.61,ok,0.9982
prescan,llm,64,8192,512,16,1024,4096,native,0.250,8.000,8,16,64,0,0.6988,768.2,6.33,ok,0.8597
prescan,llm,64,8192,512,32,64,256,native,0.031,0.062,1024,256,1024,0,0.7630,703.6,1.38,ok,0.7874
prescan,llm,64,8192,512,32,64,512,native,0.062,0.125,512,128,512,0,0.7265,739.0,2.31,ok,0.8269
prescan,llm,64,8192,512,32,64,1024,native,0.125,0.250,256,64,256,0,0.7130,752.9,0.71,ok,0.8425
prescan,llm,64,8192,512,32,64,2048,native,0.250,0.500,128,32,128,0,0.6930,774.7,1.47,ok,0.8669
prescan,llm,64,8192,512,32,64,4096,native,0.500,1.000,64,16,64,0,0.7085,757.7,0.01,ok,0.8479
prescan,llm,64,8192,512,32,128,256,native,0.031,0.125,512,256,1024,0,0.6798,789.7,1.61,ok,0.8837
prescan,llm,64,8192,512,32,128,512,native,0.062,0.250,256,128,512,0,0.6541,820.8,3.07,ok,0.9185
prescan,llm,64,8192,512,32,128,1024,native,0.125,0.500,128,64,256,0,0.6281,854.7,2.39,ok,0.9565
prescan,llm,64,8192,512,32,128,2048,native,0.250,1.000,64,32,128,0,0.6164,871.0,1.68,ok,0.9747
prescan,llm,64,8192,512,32,128,4096,native,0.500,2.000,32,16,64,0,0.6391,840.1,1.18,ok,0.9401
prescan,llm,64,8192,512,32,256,256,native,0.031,0.250,256,256,1024,0,0.6265,857.0,4.52,ok,0.9589
prescan,llm,64,8192,512,32,256,512,native,0.062,0.500,128,128,512,0,0.6163,871.1,0.01,ok,0.9748
prescan,llm,64,8192,512,32,256,1024,native,0.125,1.000,64,64,256,0,0.5914,907.7,3.22,ok,1.0158
prescan,llm,64,8192,512,32,256,2048,native,0.250,2.000,32,32,128,0,0.5934,904.7,0.98,ok,1.0124
prescan,llm,64,8192,512,32,256,4096,native,0.500,4.000,16,16,64,0,0.6171,870.0,4.04,ok,0.9735
prescan,llm,64,8192,512,32,512,256,native,0.031,0.500,128,256,1024,0,0.6286,854.0,2.09,ok,0.9557
prescan,llm,64,8192,512,32,512,512,native,0.062,1.000,64,128,512,0,0.5963,900.4,0.15,ok,1.0075
prescan,llm,64,8192,512,32,512,1024,native,0.125,2.000,32,64,256,0,0.5956,901.4,0.16,ok,1.0087
prescan,llm,64,8192,512,32,512,2048,native,0.250,4.000,16,32,128,0,0.5982,897.5,1.38,ok,1.0043
prescan,llm,64,8192,512,32,512,4096,native,0.500,8.000,8,16,64,0,0.6997,767.2,1.39,ok,0.8586
prescan,llm,64,8192,512,32,1024,256,native,0.031,0.500,128,256,1024,0,0.6106,879.3,3.48,ok,0.9839
prescan,llm,64,8192,512,32,1024,512,native,0.062,1.000,64,128,512,0,0.6025,891.0,1.82,ok,0.9971
prescan,llm,64,8192,512,32,1024,1024,native,0.125,2.000,32,64,256,0,0.5911,908.3,0.64,ok,1.0164
prescan,llm,64,8192,512,32,1024,2048,native,0.250,4.000,16,32,128,0,0.5936,904.5,1.75,ok,1.0121
prescan,llm,64,8192,512,32,1024,4096,native,0.500,8.000,8,16,64,0,0.7064,760.0,1.26,ok,0.8505
prescan,llm,64,8192,512,64,64,256,native,0.062,0.062,1024,256,1024,0,0.7606,705.8,2.71,ok,0.7898
prescan,llm,64,8192,512,64,64,512,native,0.125,0.125,512,128,512,0,0.7298,735.6,1.05,ok,0.8232
prescan,llm,64,8192,512,64,64,1024,native,0.250,0.250,256,64,256,0,0.6990,768.1,1.86,ok,0.8595
prescan,llm,64,8192,512,64,64,2048,native,0.500,0.500,128,32,128,0,0.6982,768.9,0.51,ok,0.8604
prescan,llm,64,8192,512,64,64,4096,native,1.000,1.000,64,16,64,0,0.6977,769.4,0.20,ok,0.8610
prescan,llm,64,8192,512,64,128,256,native,0.062,0.125,512,256,1024,0,0.6785,791.3,0.80,ok,0.8854
prescan,llm,64,8192,512,64,128,512,native,0.125,0.250,256,128,512,0,0.6466,830.3,3.00,ok,0.9291
prescan,llm,64,8192,512,64,128,1024,native,0.250,0.500,128,64,256,0,0.6360,844.2,1.41,ok,0.9447
prescan,llm,64,8192,512,64,128,2048,native,0.500,1.000,64,32,128,0,0.6307,851.3,0.33,ok,0.9526
prescan,llm,64,8192,512,64,128,4096,native,1.000,2.000,32,16,64,0,0.6464,830.5,3.44,ok,0.9294
prescan,llm,64,8192,512,64,256,256,native,0.062,0.250,256,256,1024,0,0.6424,835.7,1.11,ok,0.9351
prescan,llm,64,8192,512,64,256,512,native,0.125,0.500,128,128,512,0,0.6091,881.4,3.08,ok,0.9863
prescan,llm,64,8192,512,64,256,1024,native,0.250,1.000,64,64,256,0,0.5975,898.5,0.13,ok,1.0055
prescan,llm,64,8192,512,64,256,2048,native,0.500,2.000,32,32,128,0,0.5985,897.0,0.25,ok,1.0038
prescan,llm,64,8192,512,64,256,4096,native,1.000,4.000,16,16,64,0,0.6274,855.7,0.56,ok,0.9575
prescan,llm,64,8192,512,64,512,256,native,0.062,0.500,128,256,1024,0,0.6188,867.5,3.49,ok,0.9708
prescan,llm,64,8192,512,64,512,512,native,0.125,1.000,64,128,512,0,0.6040,888.8,1.57,ok,0.9946
prescan,llm,64,8192,512,64,512,1024,native,0.250,2.000,32,64,256,0,0.5824,921.8,2.15,ok,1.0315
prescan,llm,64,8192,512,64,512,2048,native,0.500,4.000,16,32,128,0,0.5932,905.1,1.46,ok,1.0128
prescan,llm,64,8192,512,64,512,4096,native,1.000,8.000,8,16,64,0,0.7214,744.2,1.94,ok,0.8328
prescan,llm,64,8192,512,64,1024,256,native,0.062,0.500,128,256,1024,0,0.6268,856.6,0.47,ok,0.9585
prescan,llm,64,8192,512,64,1024,512,native,0.125,1.000,64,128,512,0,0.5895,910.8,3.00,ok,1.0192
prescan,llm,64,8192,512,64,1024,1024,native,0.250,2.000,32,64,256,0,0.5805,924.8,0.36,ok,1.0348
prescan,llm,64,8192,512,64,1024,2048,native,0.500,4.000,16,32,128,0,0.5991,896.1,1.47,ok,1.0027
prescan,llm,64,8192,512,64,1024,4096,native,1.000,8.000,8,16,64,0,0.7369,728.6,2.90,ok,0.8153
prescan,llm,64,8192,512,128,64,256,native,0.062,0.062,1024,256,1024,0,0.7730,694.5,2.28,ok,0.7772
prescan,llm,64,8192,512,128,64,512,native,0.125,0.125,512,128,512,0,0.7359,729.5,0.15,ok,0.8163
prescan,llm,64,8192,512,128,64,1024,native,0.250,0.250,256,64,256,0,0.7104,755.7,0.97,ok,0.8457
prescan,llm,64,8192,512,128,64,2048,native,0.500,0.500,128,32,128,0,0.6919,776.0,1.44,ok,0.8683
prescan,llm,64,8192,512,128,64,4096,native,1.000,1.000,64,16,64,0,0.7121,753.9,0.01,ok,0.8437
prescan,llm,64,8192,512,128,128,256,native,0.062,0.125,512,256,1024,0,0.6866,781.9,0.49,ok,0.8750
prescan,llm,64,8192,512,128,128,512,native,0.125,0.250,256,128,512,0,0.6483,828.1,0.49,ok,0.9267
prescan,llm,64,8192,512,128,128,1024,native,0.250,0.500,128,64,256,0,0.6212,864.3,0.19,ok,0.9671
prescan,llm,64,8192,512,128,128,2048,native,0.500,1.000,64,32,128,0,0.6219,863.3,1.99,ok,0.9660
prescan,llm,64,8192,512,128,128,4096,native,1.000,2.000,32,16,64,0,0.6461,830.9,0.66,ok,0.9298
prescan,llm,64,8192,512,128,256,256,native,0.062,0.250,256,256,1024,0,0.6219,863.3,0.55,ok,0.9660
prescan,llm,64,8192,512,128,256,512,native,0.125,0.500,128,128,512,0,0.6198,866.2,0.13,ok,0.9693
prescan,llm,64,8192,512,128,256,1024,native,0.250,1.000,64,64,256,0,0.5952,902.0,1.65,ok,1.0093
prescan,llm,64,8192,512,128,256,2048,native,0.500,2.000,32,32,128,0,0.5988,896.6,0.08,ok,1.0033
prescan,llm,64,8192,512,128,256,4096,native,1.000,4.000,16,16,64,0,0.6251,858.9,2.45,ok,0.9611
prescan,llm,64,8192,512,128,512,256,native,0.062,0.500,128,256,1024,0,0.6283,854.5,1.21,ok,0.9563
prescan,llm,64,8192,512,128,512,512,native,0.125,1.000,64,128,512,0,0.6007,893.8,2.91,ok,1.0002
prescan,llm,64,8192,512,128,512,1024,native,0.250,2.000,32,64,256,0,0.5919,907.0,0.98,ok,1.0149
prescan,llm,64,8192,512,128,512,2048,native,0.500,4.000,16,32,128,0,0.5946,902.9,1.92,ok,1.0104
prescan,llm,64,8192,512,128,512,4096,native,1.000,8.000,8,16,64,0,0.7269,738.6,1.53,ok,0.8265
prescan,llm,64,8192,512,128,1024,256,native,0.062,0.500,128,256,1024,0,0.6113,878.3,2.06,ok,0.9829
prescan,llm,64,8192,512,128,1024,512,native,0.125,1.000,64,128,512,0,0.5985,897.1,3.03,ok,1.0038
prescan,llm,64,8192,512,128,1024,1024,native,0.250,2.000,32,64,256,0,0.5923,906.4,0.18,ok,1.0142
prescan,llm,64,8192,512,128,1024,2048,native,0.500,4.000,16,32,128,0,0.6003,894.3,0.13,ok,1.0007
prescan,llm,64,8192,512,128,1024,4096,native,1.000,8.000,8,16,64,0,0.7370,728.5,1.66,ok,0.8152
final,llm,64,8192,512,64,1024,1024,native,0.250,2.000,32,64,256,251,0.5876,913.6,1.76,ok,1.0225
final,llm,64,8192,512,16,512,1024,native,0.062,2.000,32,64,256,249,0.5894,910.9,1.71,ok,1.0194
final,llm,64,8192,512,64,512,1024,native,0.250,2.000,32,64,256,253,0.5922,906.6,1.34,ok,1.0146
final,llm,64,8192,512,64,1024,512,native,0.125,1.000,64,128,512,252,0.6034,889.8,3.37,ok,0.9959
final,llm,64,8192,512,32,1024,1024,native,0.125,2.000,32,64,256,251,0.5897,910.3,1.65,ok,1.0189
final,llm,64,8192,512,32,256,1024,native,0.125,1.000,64,64,256,252,0.5958,901.0,1.66,ok,1.0085
final,llm,64,8192,512,16,512,512,native,0.031,1.000,64,128,512,226,0.5803,925.1,2.52,ok,1.0354
final,llm,64,8192,512,128,512,1024,native,0.250,2.000,32,64,256,254,0.5931,905.3,0.91,ok,1.0132
final,llm,64,8192,512,128,1024,1024,native,0.250,2.000,32,64,256,255,0.5871,914.4,1.84,ok,1.0234
final,llm,64,8192,512,64,512,2048,native,0.500,4.000,16,32,128,250,0.5963,900.3,1.98,ok,1.0076
final,llm,64,8192,512,32,256,2048,native,0.250,2.000,32,32,128,240,0.5922,906.5,2.06,ok,1.0146
final,llm,64,8192,512,16,1024,512,native,0.031,1.000,64,128,512,250,0.5935,904.6,2.01,ok,1.0125
final,llm,64,8192,512,32,1024,2048,native,0.250,4.000,16,32,128,254,0.5922,906.5,3.00,ok,1.0146
final,llm,64,8192,512,16,1024,1024,native,0.062,2.000,32,64,256,234,0.5820,922.5,2.64,ok,1.0325
final,llm,64,8192,512,128,512,2048,native,0.500,4.000,16,32,128,250,0.5870,914.6,1.12,ok,1.0237
final,llm,64,8192,512,128,256,1024,native,0.250,1.000,64,64,256,249,0.6010,893.2,1.64,ok,0.9997
final,llm,64,8192,512,32,512,1024,native,0.125,2.000,32,64,256,251,0.5919,907.0,1.94,ok,1.0151
final,llm,64,8192,512,32,512,512,native,0.062,1.000,64,128,512,252,0.5973,898.9,3.11,ok,1.0060
final,llm,64,8192,512,64,256,1024,native,0.250,1.000,64,64,256,223,0.5984,897.2,1.36,ok,1.0041
final,llm,64,8192,512,16,512,2048,native,0.125,4.000,16,32,128,251,0.5966,899.8,2.13,ok,1.0071
final,llm,64,8192,512,16,256,2048,native,0.125,2.000,32,32,128,247,0.6009,893.5,2.19,ok,1.0000
prescan,llm,64,16384,512,16,64,256,native,0.016,0.062,2048,512,2048,0,1.6955,633.3,0.39,ok,0.7515
prescan,llm,64,16384,512,16,64,512,native,0.031,0.125,1024,256,1024,0,1.6027,669.9,0.55,ok,0.7950
prescan,llm,64,16384,512,16,64,1024,native,0.062,0.250,512,128,512,0,1.5398,697.3,0.01,ok,0.8275
prescan,llm,64,16384,512,16,64,2048,native,0.125,0.500,256,64,256,0,1.5112,710.5,0.35,ok,0.8432
prescan,llm,64,16384,512,16,64,4096,native,0.250,1.000,128,32,128,0,1.5078,712.1,0.19,ok,0.8451
prescan,llm,64,16384,512,16,128,256,native,0.016,0.125,1024,512,2048,0,1.5257,703.8,0.15,ok,0.8351
prescan,llm,64,16384,512,16,128,512,native,0.031,0.250,512,256,1024,0,1.4337,748.9,0.44,ok,0.8888
prescan,llm,64,16384,512,16,128,1024,native,0.062,0.500,256,128,512,0,1.3812,777.4,0.04,ok,0.9225
prescan,llm,64,16384,512,16,128,2048,native,0.125,1.000,128,64,256,0,1.3520,794.2,1.24,ok,0.9425
prescan,llm,64,16384,512,16,128,4096,native,0.250,2.000,64,32,128,0,1.3723,782.4,0.27,ok,0.9285
prescan,llm,64,16384,512,16,256,256,native,0.016,0.250,512,512,2048,0,1.4294,751.2,0.36,ok,0.8914
prescan,llm,64,16384,512,16,256,512,native,0.031,0.500,256,256,1024,0,1.3411,800.6,0.02,ok,0.9501
prescan,llm,64,16384,512,16,256,1024,native,0.062,1.000,128,128,512,0,1.2976,827.5,0.14,ok,0.9819
prescan,llm,64,16384,512,16,256,2048,native,0.125,2.000,64,64,256,0,1.2742,842.7,0.73,ok,1.0000
prescan,llm,64,16384,512,16,256,4096,native,0.250,4.000,32,32,128,0,1.2897,832.6,0.86,ok,0.9880
prescan,llm,64,16384,512,16,512,256,native,0.016,0.500,256,512,2048,0,1.4431,744.1,5.85,ok,0.8830
prescan,llm,64,16384,512,16,512,512,native,0.031,1.000,128,256,1024,0,1.3011,825.3,0.27,ok,0.9794
prescan,llm,64,16384,512,16,512,1024,native,0.062,2.000,64,128,512,0,1.2570,854.2,0.32,ok,1.0137
prescan,llm,64,16384,512,16,512,2048,native,0.125,4.000,32,64,256,0,1.2316,871.8,0.48,ok,1.0346
prescan,llm,64,16384,512,16,512,4096,native,0.250,8.000,16,32,128,0,1.4379,746.8,6.36,ok,0.8862
prescan,llm,64,16384,512,16,1024,256,native,0.016,0.500,256,512,2048,0,1.3897,772.7,0.16,ok,0.9169
prescan,llm,64,16384,512,16,1024,512,native,0.031,1.000,128,256,1024,0,1.2971,827.8,0.23,ok,0.9824
prescan,llm,64,16384,512,16,1024,1024,native,0.062,2.000,64,128,512,0,1.2605,851.9,0.17,ok,1.0109
prescan,llm,64,16384,512,16,1024,2048,native,0.125,4.000,32,64,256,0,1.2331,870.8,0.58,ok,1.0334
prescan,llm,64,16384,512,16,1024,4096,native,0.250,8.000,16,32,128,0,1.4638,733.5,2.67,ok,0.8705
prescan,llm,64,16384,512,32,64,256,native,0.031,0.062,2048,512,2048,0,1.7130,626.8,0.11,ok,0.7438
prescan,llm,64,16384,512,32,64,512,native,0.062,0.125,1024,256,1024,0,1.6072,668.1,0.42,ok,0.7928
prescan,llm,64,16384,512,32,64,1024,native,0.125,0.250,512,128,512,0,1.5351,699.5,0.31,ok,0.8301
prescan,llm,64,16384,512,32,64,2048,native,0.250,0.500,256,64,256,0,1.5116,710.3,0.95,ok,0.8430
prescan,llm,64,16384,512,32,64,4096,native,0.500,1.000,128,32,128,0,1.5141,709.2,0.13,ok,0.8416
prescan,llm,64,16384,512,32,128,256,native,0.031,0.125,1024,512,2048,0,1.5173,707.7,0.35,ok,0.8398
prescan,llm,64,16384,512,32,128,512,native,0.062,0.250,512,256,1024,0,1.4391,746.1,1.12,ok,0.8854
prescan,llm,64,16384,512,32,128,1024,native,0.125,0.500,256,128,512,0,1.3724,782.4,0.10,ok,0.9284
prescan,llm,64,16384,512,32,128,2048,native,0.250,1.000,128,64,256,0,1.3501,795.3,0.91,ok,0.9438
prescan,llm,64,16384,512,32,128,4096,native,0.500,2.000,64,32,128,0,1.3819,777.0,1.08,ok,0.9221
prescan,llm,64,16384,512,32,256,256,native,0.031,0.250,512,512,2048,0,1.4291,751.4,0.12,ok,0.8916
prescan,llm,64,16384,512,32,256,512,native,0.062,0.500,256,256,1024,0,1.3489,796.0,0.10,ok,0.9446
prescan,llm,64,16384,512,32,256,1024,native,0.125,1.000,128,128,512,0,1.3021,824.6,0.16,ok,0.9786
prescan,llm,64,16384,512,32,256,2048,native,0.250,2.000,64,64,256,0,1.2740,842.8,0.08,ok,1.0002
prescan,llm,64,16384,512,32,256,4096,native,0.500,4.000,32,32,128,0,1.2943,829.6,0.01,ok,0.9845
prescan,llm,64,16384,512,32,512,256,native,0.031,0.500,256,512,2048,0,1.3757,780.5,0.55,ok,0.9262
prescan,llm,64,16384,512,32,512,512,native,0.062,1.000,128,256,1024,0,1.3029,824.1,0.09,ok,0.9780
prescan,llm,64,16384,512,32,512,1024,native,0.125,2.000,64,128,512,0,1.2912,831.6,4.50,ok,0.9868
prescan,llm,64,16384,512,32,512,2048,native,0.250,4.000,32,64,256,0,1.2354,869.1,0.43,ok,1.0314
prescan,llm,64,16384,512,32,512,4096,native,0.500,8.000,16,32,128,0,1.4221,755.0,0.54,ok,0.8960
prescan,llm,64,16384,512,32,1024,256,native,0.031,0.500,256,512,2048,0,1.3766,780.0,1.43,ok,0.9256
prescan,llm,64,16384,512,32,1024,512,native,0.062,1.000,128,256,1024,0,1.3033,823.9,0.21,ok,0.9777
prescan,llm,64,16384,512,32,1024,1024,native,0.125,2.000,64,128,512,0,1.2667,847.7,0.61,ok,1.0059
prescan,llm,64,16384,512,32,1024,2048,native,0.250,4.000,32,64,256,0,1.2371,867.9,0.12,ok,1.0300
prescan,llm,64,16384,512,32,1024,4096,native,0.500,8.000,16,32,128,0,1.4473,741.9,0.35,ok,0.8804
prescan,llm,64,16384,512,64,64,256,native,0.062,0.062,2048,512,2048,0,1.7137,626.5,0.40,ok,0.7435
prescan,llm,64,16384,512,64,64,512,native,0.125,0.125,1024,256,1024,0,1.6059,668.6,0.11,ok,0.7934
prescan,llm,64,16384,512,64,64,1024,native,0.250,0.250,512,128,512,0,1.5403,697.1,0.19,ok,0.8272
prescan,llm,64,16384,512,64,64,2048,native,0.500,0.500,256,64,256,0,1.5071,712.5,0.12,ok,0.8455
prescan,llm,64,16384,512,64,64,4096,native,1.000,1.000,128,32,128,0,1.5304,701.6,0.22,ok,0.8326
prescan,llm,64,16384,512,64,128,256,native,0.062,0.125,1024,512,2048,0,1.5163,708.1,0.54,ok,0.8403
prescan,llm,64,16384,512,64,128,512,native,0.125,0.250,512,256,1024,0,1.4431,744.0,0.09,ok,0.8830
prescan,llm,64,16384,512,64,128,1024,native,0.250,0.500,256,128,512,0,1.3832,776.3,0.52,ok,0.9212
prescan,llm,64,16384,512,64,128,2048,native,0.500,1.000,128,64,256,0,1.3544,792.8,0.50,ok,0.9408
prescan,llm,64,16384,512,64,128,4096,native,1.000,2.000,64,32,128,0,1.3853,775.1,0.10,ok,0.9198
prescan,llm,64,16384,512,64,256,256,native,0.062,0.250,512,512,2048,0,1.4211,755.6,1.30,ok,0.8966
prescan,llm,64,16384,512,64,256,512,native,0.125,0.500,256,256,1024,0,1.3622,788.2,0.25,ok,0.9354
prescan,llm,64,16384,512,64,256,1024,native,0.250,1.000,128,128,512,0,1.2982,827.1,0.11,ok,0.9815
prescan,llm,64,16384,512,64,256,2048,native,0.500,2.000,64,64,256,0,1.2741,842.7,0.98,ok,1.0001
prescan,llm,64,16384,512,64,256,4096,native,1.000,4.000,32,32,128,0,1.2988,826.7,0.52,ok,0.9811
prescan,llm,64,16384,512,64,512,256,native,0.062,0.500,256,512,2048,0,1.3734,781.8,0.49,ok,0.9278
prescan,llm,64,16384,512,64,512,512,native,0.125,1.000,128,256,1024,0,1.3176,814.9,0.42,ok,0.9671
prescan,llm,64,16384,512,64,512,1024,native,0.250,2.000,64,128,512,0,1.2583,853.3,0.66,ok,1.0126
prescan,llm,64,16384,512,64,512,2048,native,0.500,4.000,32,64,256,0,1.2338,870.3,0.67,ok,1.0328
prescan,llm,64,16384,512,64,512,4096,native,1.000,8.000,16,32,128,0,1.4914,720.0,3.00,ok,0.8544
prescan,llm,64,16384,512,64,1024,256,native,0.062,0.500,256,512,2048,0,1.3789,778.7,0.16,ok,0.9241
prescan,llm,64,16384,512,64,1024,512,native,0.125,1.000,128,256,1024,0,1.3175,815.0,0.15,ok,0.9672
prescan,llm,64,16384,512,64,1024,1024,native,0.250,2.000,64,128,512,0,1.2657,848.3,0.14,ok,1.0067
prescan,llm,64,16384,512,64,1024,2048,native,0.500,4.000,32,64,256,0,1.2338,870.2,0.20,ok,1.0327
prescan,llm,64,16384,512,64,1024,4096,native,1.000,8.000,16,32,128,0,1.5132,709.6,0.13,ok,0.8421
prescan,llm,64,16384,512,128,64,256,native,0.062,0.062,2048,512,2048,0,1.7132,626.7,0.61,ok,0.7437
prescan,llm,64,16384,512,128,64,512,native,0.125,0.125,1024,256,1024,0,1.6214,662.2,1.54,ok,0.7859
prescan,llm,64,16384,512,128,64,1024,native,0.250,0.250,512,128,512,0,1.5450,695.0,0.30,ok,0.8247
prescan,llm,64,16384,512,128,64,2048,native,0.500,0.500,256,64,256,0,1.5062,712.9,0.05,ok,0.8460
prescan,llm,64,16384,512,128,64,4096,native,1.000,1.000,128,32,128,0,1.5242,704.4,1.43,ok,0.8360
prescan,llm,64,16384,512,128,128,256,native,0.062,0.125,1024,512,2048,0,1.5199,706.5,0.28,ok,0.8384
prescan,llm,64,16384,512,128,128,512,native,0.125,0.250,512,256,1024,0,1.4434,743.9,0.33,ok,0.8828
prescan,llm,64,16384,512,128,128,1024,native,0.250,0.500,256,128,512,0,1.3785,778.9,0.55,ok,0.9243
prescan,llm,64,16384,512,128,128,2048,native,0.500,1.000,128,64,256,0,1.3444,798.6,1.39,ok,0.9478
prescan,llm,64,16384,512,128,128,4096,native,1.000,2.000,64,32,128,0,1.3847,775.4,0.12,ok,0.9202
prescan,llm,64,16384,512,128,256,256,native,0.062,0.250,512,512,2048,0,1.4233,754.4,0.74,ok,0.8953
prescan,llm,64,16384,512,128,256,512,native,0.125,0.500,256,256,1024,0,1.3624,788.1,0.02,ok,0.9352
prescan,llm,64,16384,512,128,256,1024,native,0.250,1.000,128,128,512,0,1.3012,825.2,0.22,ok,0.9793
prescan,llm,64,16384,512,128,256,2048,native,0.500,2.000,64,64,256,0,1.2769,840.9,0.08,ok,0.9979
prescan,llm,64,16384,512,128,256,4096,native,1.000,4.000,32,32,128,0,1.3027,824.3,0.50,ok,0.9781
prescan,llm,64,16384,512,128,512,256,native,0.062,0.500,256,512,2048,0,1.3804,777.9,0.31,ok,0.9231
prescan,llm,64,16384,512,128,512,512,native,0.125,1.000,128,256,1024,0,1.3224,812.0,0.12,ok,0.9636
prescan,llm,64,16384,512,128,512,1024,native,0.250,2.000,64,128,512,0,1.2618,851.0,0.77,ok,1.0098
prescan,llm,64,16384,512,128,512,2048,native,0.500,4.000,32,64,256,0,1.2327,871.1,0.74,ok,1.0337
prescan,llm,64,16384,512,128,512,4096,native,1.000,8.000,16,32,128,0,1.4584,736.3,0.66,ok,0.8737
prescan,llm,64,16384,512,128,1024,256,native,0.062,0.500,256,512,2048,0,1.3700,783.8,0.71,ok,0.9301
prescan,llm,64,16384,512,128,1024,512,native,0.125,1.000,128,256,1024,0,1.3230,811.6,0.05,ok,0.9632
prescan,llm,64,16384,512,128,1024,1024,native,0.250,2.000,64,128,512,0,1.2707,845.0,0.20,ok,1.0028
prescan,llm,64,16384,512,128,1024,2048,native,0.500,4.000,32,64,256,0,1.2332,870.7,0.02,ok,1.0332
prescan,llm,64,16384,512,128,1024,4096,native,1.000,8.000,16,32,128,0,1.4931,719.2,1.38,ok,0.8534
final,llm,64,16384,512,16,512,2048,native,0.125,4.000,32,64,256,121,1.2344,869.9,0.48,ok,1.0310
final,llm,64,16384,512,128,512,2048,native,0.500,4.000,32,64,256,121,1.2308,872.4,0.40,ok,1.0340
final,llm,64,16384,512,16,1024,2048,native,0.125,4.000,32,64,256,121,1.2357,868.9,0.42,ok,1.0299
final,llm,64,16384,512,128,1024,2048,native,0.500,4.000,32,64,256,121,1.2334,870.6,0.34,ok,1.0319
final,llm,64,16384,512,64,512,2048,native,0.500,4.000,32,64,256,120,1.2321,871.5,0.17,ok,1.0329
final,llm,64,16384,512,64,1024,2048,native,0.500,4.000,32,64,256,120,1.2340,870.1,0.25,ok,1.0313
final,llm,64,16384,512,32,512,2048,native,0.250,4.000,32,64,256,114,1.2375,867.6,1.14,ok,1.0284
final,llm,64,16384,512,32,1024,2048,native,0.250,4.000,32,64,256,121,1.2381,867.2,0.55,ok,1.0279
final,llm,64,16384,512,16,512,1024,native,0.062,2.000,64,128,512,119,1.2532,856.8,0.49,ok,1.0155
final,llm,64,16384,512,64,512,1024,native,0.250,2.000,64,128,512,119,1.2621,850.8,0.87,ok,1.0084
final,llm,64,16384,512,16,1024,1024,native,0.062,2.000,64,128,512,120,1.2556,855.2,0.58,ok,1.0136
final,llm,64,16384,512,128,512,1024,native,0.250,2.000,64,128,512,119,1.2606,851.8,0.23,ok,1.0096
final,llm,64,16384,512,64,1024,1024,native,0.250,2.000,64,128,512,118,1.2610,851.5,0.96,ok,1.0092
final,llm,64,16384,512,32,1024,1024,native,0.125,2.000,64,128,512,119,1.2613,851.3,0.33,ok,1.0090
final,llm,64,16384,512,16,256,2048,native,0.125,2.000,64,64,256,117,1.2727,843.7,0.34,ok,1.0000
prescan,llm,64,32768,512,16,64,256,native,0.016,0.062,4096,1024,4096,0,3.4085,630.0,0.12,ok,0.7465
prescan,llm,64,32768,512,16,64,512,native,0.031,0.125,2048,512,2048,0,3.1981,671.5,0.02,ok,0.7956
prescan,llm,64,32768,512,16,64,1024,native,0.062,0.250,1024,256,1024,0,3.0826,696.6,0.61,ok,0.8254
prescan,llm,64,32768,512,16,64,2048,native,0.125,0.500,512,128,512,0,3.0199,711.1,0.00,ok,0.8426
prescan,llm,64,32768,512,16,64,4096,native,0.250,1.000,256,64,256,0,3.0446,705.3,0.08,ok,0.8357
prescan,llm,64,32768,512,16,128,256,native,0.016,0.125,2048,1024,4096,0,3.0242,710.1,0.31,ok,0.8414
prescan,llm,64,32768,512,16,128,512,native,0.031,0.250,1024,512,2048,0,2.8560,751.9,0.14,ok,0.8909
prescan,llm,64,32768,512,16,128,1024,native,0.062,0.500,512,256,1024,0,2.7646,776.8,0.10,ok,0.9204
prescan,llm,64,32768,512,16,128,2048,native,0.125,1.000,256,128,512,0,2.7023,794.7,0.13,ok,0.9416
prescan,llm,64,32768,512,16,128,4096,native,0.250,2.000,128,64,256,0,2.7521,780.3,0.06,ok,0.9246
prescan,llm,64,32768,512,16,256,256,native,0.016,0.250,1024,1024,4096,0,2.8386,756.5,0.13,ok,0.8964
prescan,llm,64,32768,512,16,256,512,native,0.031,0.500,512,512,2048,0,2.6755,802.7,0.03,ok,0.9510
prescan,llm,64,32768,512,16,256,1024,native,0.062,1.000,256,256,1024,0,2.5889,829.5,0.04,ok,0.9828
prescan,llm,64,32768,512,16,256,2048,native,0.125,2.000,128,128,512,0,2.5445,844.0,0.08,ok,1.0000
prescan,llm,64,32768,512,16,256,4096,native,0.250,4.000,64,64,256,0,2.5754,833.8,0.21,ok,0.9880
prescan,llm,64,32768,512,16,512,256,native,0.016,0.500,512,1024,4096,0,2.7812,772.2,0.22,ok,0.9149
prescan,llm,64,32768,512,16,512,512,native,0.031,1.000,256,512,2048,0,2.5917,828.6,0.22,ok,0.9818
prescan,llm,64,32768,512,16,512,1024,native,0.062,2.000,128,256,1024,0,2.5021,858.3,0.11,ok,1.0169
prescan,llm,64,32768,512,16,512,2048,native,0.125,4.000,64,128,512,0,2.4607,872.7,0.00,ok,1.0340
prescan,llm,64,32768,512,16,512,4096,native,0.250,8.000,32,64,256,0,2.6873,799.1,0.70,ok,0.9468
prescan,llm,64,32768,512,16,1024,256,native,0.016,0.500,512,1024,4096,0,2.7803,772.4,0.11,ok,0.9152
prescan,llm,64,32768,512,16,1024,512,native,0.031,1.000,256,512,2048,0,2.5917,828.6,0.24,ok,0.9818
prescan,llm,64,32768,512,16,1024,1024,native,0.062,2.000,128,256,1024,0,2.5061,856.9,0.09,ok,1.0153
prescan,llm,64,32768,512,16,1024,2048,native,0.125,4.000,64,128,512,0,2.4669,870.5,0.33,ok,1.0314
prescan,llm,64,32768,512,16,1024,4096,native,0.250,8.000,32,64,256,0,2.7946,768.4,7.26,ok,0.9105
prescan,llm,64,32768,512,32,64,256,native,0.031,0.062,4096,1024,4096,0,3.4558,621.4,1.79,ok,0.7363
prescan,llm,64,32768,512,32,64,512,native,0.062,0.125,2048,512,2048,0,3.2061,669.8,0.27,ok,0.7936
prescan,llm,64,32768,512,32,64,1024,native,0.125,0.250,1024,256,1024,0,3.0835,696.4,0.61,ok,0.8252
prescan,llm,64,32768,512,32,64,2048,native,0.250,0.500,512,128,512,0,3.0198,711.1,0.49,ok,0.8426
prescan,llm,64,32768,512,32,64,4096,native,0.500,1.000,256,64,256,0,3.0530,703.4,0.26,ok,0.8334
prescan,llm,64,32768,512,32,128,256,native,0.031,0.125,2048,1024,4096,0,3.0304,708.6,0.02,ok,0.8396
prescan,llm,64,32768,512,32,128,512,native,0.062,0.250,1024,512,2048,0,2.8823,745.1,0.01,ok,0.8828
prescan,llm,64,32768,512,32,128,1024,native,0.125,0.500,512,256,1024,0,2.7615,777.7,0.20,ok,0.9214
prescan,llm,64,32768,512,32,128,2048,native,0.250,1.000,256,128,512,0,2.6970,796.2,0.13,ok,0.9434
prescan,llm,64,32768,512,32,128,4096,native,0.500,2.000,128,64,256,0,2.7636,777.1,0.09,ok,0.9207
prescan,llm,64,32768,512,32,256,256,native,0.031,0.250,1024,1024,4096,0,2.8434,755.2,0.11,ok,0.8949
prescan,llm,64,32768,512,32,256,512,native,0.062,0.500,512,512,2048,0,2.6947,796.9,0.22,ok,0.9442
prescan,llm,64,32768,512,32,256,1024,native,0.125,1.000,256,256,1024,0,2.6003,825.9,0.14,ok,0.9785
prescan,llm,64,32768,512,32,256,2048,native,0.250,2.000,128,128,512,0,2.5455,843.6,0.07,ok,0.9996
prescan,llm,64,32768,512,32,256,4096,native,0.500,4.000,64,64,256,0,2.5781,833.0,0.02,ok,0.9870
prescan,llm,64,32768,512,32,512,256,native,0.031,0.500,512,1024,4096,0,2.7400,783.7,0.21,ok,0.9286
prescan,llm,64,32768,512,32,512,512,native,0.062,1.000,256,512,2048,0,2.5974,826.8,0.05,ok,0.9796
prescan,llm,64,32768,512,32,512,1024,native,0.125,2.000,128,256,1024,0,2.5180,852.8,0.12,ok,1.0105
prescan,llm,64,32768,512,32,512,2048,native,0.250,4.000,64,128,512,0,2.4649,871.2,0.06,ok,1.0323
prescan,llm,64,32768,512,32,512,4096,native,0.500,8.000,32,64,256,0,2.7167,790.5,0.01,ok,0.9366
prescan,llm,64,32768,512,32,1024,256,native,0.031,0.500,512,1024,4096,0,2.7465,781.9,0.19,ok,0.9264
prescan,llm,64,32768,512,32,1024,512,native,0.062,1.000,256,512,2048,0,2.6122,822.1,1.35,ok,0.9741
prescan,llm,64,32768,512,32,1024,1024,native,0.125,2.000,128,256,1024,0,2.7168,790.4,5.36,ok,0.9366
prescan,llm,64,32768,512,32,1024,2048,native,0.250,4.000,64,128,512,0,2.4678,870.2,0.38,ok,1.0311
prescan,llm,64,32768,512,32,1024,4096,native,0.500,8.000,32,64,256,0,2.7296,786.7,1.43,ok,0.9322
prescan,llm,64,32768,512,64,64,256,native,0.062,0.062,4096,1024,4096,0,3.4620,620.3,2.66,ok,0.7350
prescan,llm,64,32768,512,64,64,512,native,0.125,0.125,2048,512,2048,0,3.1978,671.5,0.39,ok,0.7957
prescan,llm,64,32768,512,64,64,1024,native,0.250,0.250,1024,256,1024,0,3.0823,696.7,0.20,ok,0.8255
prescan,llm,64,32768,512,64,64,2048,native,0.500,0.500,512,128,512,0,3.0196,711.2,0.00,ok,0.8426
prescan,llm,64,32768,512,64,64,4096,native,1.000,1.000,256,64,256,0,3.0566,702.6,0.01,ok,0.8324
prescan,llm,64,32768,512,64,128,256,native,0.062,0.125,2048,1024,4096,0,3.0243,710.1,0.05,ok,0.8413
prescan,llm,64,32768,512,64,128,512,native,0.125,0.250,1024,512,2048,0,2.8695,748.4,0.05,ok,0.8867
prescan,llm,64,32768,512,64,128,1024,native,0.250,0.500,512,256,1024,0,2.7628,777.3,0.51,ok,0.9210
prescan,llm,64,32768,512,64,128,2048,native,0.500,1.000,256,128,512,0,2.6996,795.5,0.04,ok,0.9425
prescan,llm,64,32768,512,64,128,4096,native,1.000,2.000,128,64,256,0,2.7703,775.2,0.33,ok,0.9185
prescan,llm,64,32768,512,64,256,256,native,0.062,0.250,1024,1024,4096,0,2.8424,755.5,0.14,ok,0.8952
prescan,llm,64,32768,512,64,256,512,native,0.125,0.500,512,512,2048,0,2.7117,791.9,0.02,ok,0.9383
prescan,llm,64,32768,512,64,256,1024,native,0.250,1.000,256,256,1024,0,2.6027,825.1,0.28,ok,0.9776
prescan,llm,64,32768,512,64,256,2048,native,0.500,2.000,128,128,512,0,2.5421,844.8,0.05,ok,1.0009
prescan,llm,64,32768,512,64,256,4096,native,1.000,4.000,64,64,256,0,2.6029,825.0,1.13,ok,0.9775
prescan,llm,64,32768,512,64,512,256,native,0.062,0.500,512,1024,4096,0,2.7405,783.6,0.12,ok,0.9285
prescan,llm,64,32768,512,64,512,512,native,0.125,1.000,256,512,2048,0,2.6314,816.1,0.25,ok,0.9670
prescan,llm,64,32768,512,64,512,1024,native,0.250,2.000,128,256,1024,0,2.5140,854.2,0.05,ok,1.0121
prescan,llm,64,32768,512,64,512,2048,native,0.500,4.000,64,128,512,0,2.4664,870.7,0.17,ok,1.0317
prescan,llm,64,32768,512,64,512,4096,native,1.000,8.000,32,64,256,0,2.8664,749.2,0.09,ok,0.8877
prescan,llm,64,32768,512,64,1024,256,native,0.062,0.500,512,1024,4096,0,2.7439,782.6,0.06,ok,0.9273
prescan,llm,64,32768,512,64,1024,512,native,0.125,1.000,256,512,2048,0,2.6319,816.0,0.21,ok,0.9668
prescan,llm,64,32768,512,64,1024,1024,native,0.250,2.000,128,256,1024,0,2.5170,853.2,0.14,ok,1.0109
prescan,llm,64,32768,512,64,1024,2048,native,0.500,4.000,64,128,512,0,2.4663,870.7,0.27,ok,1.0317
prescan,llm,64,32768,512,64,1024,4096,native,1.000,8.000,32,64,256,0,2.8712,747.9,0.04,ok,0.8862
prescan,llm,64,32768,512,128,64,256,native,0.062,0.062,4096,1024,4096,0,3.4293,626.2,0.17,ok,0.7420
prescan,llm,64,32768,512,128,64,512,native,0.125,0.125,2048,512,2048,0,3.2040,670.2,0.36,ok,0.7941
prescan,llm,64,32768,512,128,64,1024,native,0.250,0.250,1024,256,1024,0,3.0773,697.9,0.28,ok,0.8269
prescan,llm,64,32768,512,128,64,2048,native,0.500,0.500,512,128,512,0,3.0209,710.9,0.41,ok,0.8423
prescan,llm,64,32768,512,128,64,4096,native,1.000,1.000,256,64,256,0,3.0546,703.0,0.42,ok,0.8330
prescan,llm,64,32768,512,128,128,256,native,0.062,0.125,2048,1024,4096,0,3.0277,709.3,0.00,ok,0.8404
prescan,llm,64,32768,512,128,128,512,native,0.125,0.250,1024,512,2048,0,2.8764,746.6,0.01,ok,0.8846
prescan,llm,64,32768,512,128,128,1024,native,0.250,0.500,512,256,1024,0,2.7576,778.7,0.01,ok,0.9227
prescan,llm,64,32768,512,128,128,2048,native,0.500,1.000,256,128,512,0,2.7025,794.6,0.05,ok,0.9415
prescan,llm,64,32768,512,128,128,4096,native,1.000,2.000,128,64,256,0,2.7681,775.8,0.19,ok,0.9192
prescan,llm,64,32768,512,128,256,256,native,0.062,0.250,1024,1024,4096,0,2.8413,755.8,0.02,ok,0.8955
prescan,llm,64,32768,512,128,256,512,native,0.125,0.500,512,512,2048,0,2.7110,792.1,0.10,ok,0.9386
prescan,llm,64,32768,512,128,256,1024,native,0.250,1.000,256,256,1024,0,2.5949,827.6,0.02,ok,0.9806
prescan,llm,64,32768,512,128,256,2048,native,0.500,2.000,128,128,512,0,2.5404,845.3,0.05,ok,1.0016
prescan,llm,64,32768,512,128,256,4096,native,1.000,4.000,64,64,256,0,2.5884,829.7,0.00,ok,0.9830
prescan,llm,64,32768,512,128,512,256,native,0.062,0.500,512,1024,4096,0,2.7408,783.5,0.11,ok,0.9284
prescan,llm,64,32768,512,128,512,512,native,0.125,1.000,256,512,2048,0,2.6281,817.1,0.06,ok,0.9682
prescan,llm,64,32768,512,128,512,1024,native,0.250,2.000,128,256,1024,0,2.5147,854.0,0.08,ok,1.0118
prescan,llm,64,32768,512,128,512,2048,native,0.500,4.000,64,128,512,0,2.4687,869.9,0.30,ok,1.0307
prescan,llm,64,32768,512,128,512,4096,native,1.000,8.000,32,64,256,0,2.8819,745.2,1.20,ok,0.8829
prescan,llm,64,32768,512,128,1024,256,native,0.062,0.500,512,1024,4096,0,2.7416,783.3,0.01,ok,0.9281
prescan,llm,64,32768,512,128,1024,512,native,0.125,1.000,256,512,2048,0,2.6311,816.2,0.17,ok,0.9671
prescan,llm,64,32768,512,128,1024,1024,native,0.250,2.000,128,256,1024,0,2.5170,853.2,0.08,ok,1.0109
prescan,llm,64,32768,512,128,1024,2048,native,0.500,4.000,64,128,512,0,2.4690,869.8,0.09,ok,1.0306
prescan,llm,64,32768,512,128,1024,4096,native,1.000,8.000,32,64,256,0,2.8776,746.3,0.82,ok,0.8842
final,llm,64,32768,512,16,512,2048,native,0.125,4.000,64,128,512,60,2.4671,870.4,0.29,ok,1.0306
final,llm,64,32768,512,32,512,2048,native,0.250,4.000,64,128,512,60,2.4683,870.0,0.23,ok,1.0301
final,llm,64,32768,512,64,1024,2048,native,0.500,4.000,64,128,512,60,2.4688,869.9,0.22,ok,1.0299
final,llm,64,32768,512,64,512,2048,native,0.500,4.000,64,128,512,60,2.4669,870.5,0.18,ok,1.0307
final,llm,64,32768,512,16,1024,2048,native,0.125,4.000,64,128,512,60,2.4647,871.3,0.31,ok,1.0316
final,llm,64,32768,512,32,1024,2048,native,0.250,4.000,64,128,512,60,2.4679,870.2,0.34,ok,1.0303
final,llm,64,32768,512,128,512,2048,native,0.500,4.000,64,128,512,60,2.4691,869.7,0.28,ok,1.0297
final,llm,64,32768,512,128,1024,2048,native,0.500,4.000,64,128,512,60,2.4665,870.7,0.50,ok,1.0308
final,llm,64,32768,512,16,512,1024,native,0.062,2.000,128,256,1024,59,2.5058,857.0,0.62,ok,1.0147
final,llm,64,32768,512,16,1024,1024,native,0.062,2.000,128,256,1024,59,2.5076,856.4,0.30,ok,1.0139
final,llm,64,32768,512,64,512,1024,native,0.250,2.000,128,256,1024,59,2.5161,853.5,0.17,ok,1.0105
final,llm,64,32768,512,128,512,1024,native,0.250,2.000,128,256,1024,59,2.5119,854.9,0.32,ok,1.0122
final,llm,64,32768,512,64,1024,1024,native,0.250,2.000,128,256,1024,59,2.5188,852.6,0.26,ok,1.0094
final,llm,64,32768,512,128,1024,1024,native,0.250,2.000,128,256,1024,59,2.5139,854.2,0.24,ok,1.0114
final,llm,64,32768,512,32,512,1024,native,0.125,2.000,128,256,1024,59,2.5217,851.6,0.35,ok,1.0082
final,llm,64,32768,512,16,256,2048,native,0.125,2.000,128,128,512,59,2.5425,844.6,0.89,ok,1.0000
prescan,llm,128,8192,512,16,64,256,native,0.016,0.062,2048,256,2048,0,1.3513,794.6,0.38,ok,0.7590
prescan,llm,128,8192,512,16,64,512,native,0.031,0.125,1024,128,1024,0,1.2557,855.1,0.29,ok,0.8168
prescan,llm,128,8192,512,16,64,1024,native,0.062,0.250,512,64,512,0,1.2243,877.1,2.35,ok,0.8378
prescan,llm,128,8192,512,16,64,2048,native,0.125,0.500,256,32,256,0,1.2143,884.2,1.71,ok,0.8446
prescan,llm,128,8192,512,16,64,4096,native,0.250,1.000,128,16,128,0,1.2126,885.5,1.54,ok,0.8459
prescan,llm,128,8192,512,16,128,256,native,0.016,0.125,1024,256,2048,0,1.1785,911.1,0.37,ok,0.8703
prescan,llm,128,8192,512,16,128,512,native,0.031,0.250,512,128,1024,0,1.1085,968.6,1.98,ok,0.9253
prescan,llm,128,8192,512,16,128,1024,native,0.062,0.500,256,64,512,0,1.0841,990.4,1.62,ok,0.9461
prescan,llm,128,8192,512,16,128,2048,native,0.125,1.000,128,32,256,0,1.0661,1007.2,0.43,ok,0.9621
prescan,llm,128,8192,512,16,128,4096,native,0.250,2.000,64,16,128,0,1.0894,985.6,1.94,ok,0.9415
prescan,llm,128,8192,512,16,256,256,native,0.016,0.250,512,256,2048,0,1.1172,961.1,1.13,ok,0.9181
prescan,llm,128,8192,512,16,256,512,native,0.031,0.500,256,128,1024,0,1.0698,1003.7,2.22,ok,0.9588
prescan,llm,128,8192,512,16,256,1024,native,0.062,1.000,128,64,512,0,1.0138,1059.1,1.41,ok,1.0117
prescan,llm,128,8192,512,16,256,2048,native,0.125,2.000,64,32,256,0,1.0257,1046.9,0.36,ok,1.0000
prescan,llm,128,8192,512,16,256,4096,native,0.250,4.000,32,16,128,0,1.0096,1063.6,1.04,ok,1.0160
prescan,llm,128,8192,512,16,512,256,native,0.016,0.500,256,256,2048,0,1.0967,979.0,0.24,ok,0.9352
prescan,llm,128,8192,512,16,512,512,native,0.031,1.000,128,128,1024,0,1.0210,1051.7,0.12,ok,1.0046
prescan,llm,128,8192,512,16,512,1024,native,0.062,2.000,64,64,512,0,0.9832,1092.1,0.15,ok,1.0432
prescan,llm,128,8192,512,16,512,2048,native,0.125,4.000,32,32,256,0,0.9676,1109.7,0.14,ok,1.0600
prescan,llm,128,8192,512,16,512,4096,native,0.250,8.000,16,16,128,0,1.0390,1033.4,0.19,ok,0.9871
prescan,llm,128,8192,512,16,1024,256,native,0.016,0.500,256,256,2048,0,1.0894,985.6,0.57,ok,0.9415
prescan,llm,128,8192,512,16,1024,512,native,0.031,1.000,128,128,1024,0,1.0162,1056.6,0.09,ok,1.0093
prescan,llm,128,8192,512,16,1024,1024,native,0.062,2.000,64,64,512,0,0.9815,1094.0,0.17,ok,1.0450
prescan,llm,128,8192,512,16,1024,2048,native,0.125,4.000,32,32,256,0,0.9650,1112.7,0.10,ok,1.0628
prescan,llm,128,8192,512,16,1024,4096,native,0.250,8.000,16,16,128,0,1.0419,1030.6,0.25,ok,0.9844
prescan,llm,128,8192,512,32,64,256,native,0.031,0.062,2048,256,2048,0,1.3491,795.9,0.01,ok,0.7603
prescan,llm,128,8192,512,32,64,512,native,0.062,0.125,1024,128,1024,0,1.2550,855.6,0.19,ok,0.8173
prescan,llm,128,8192,512,32,64,1024,native,0.125,0.250,512,64,512,0,1.2185,881.2,0.83,ok,0.8417
prescan,llm,128,8192,512,32,64,2048,native,0.250,0.500,256,32,256,0,1.1980,896.3,0.47,ok,0.8562
prescan,llm,128,8192,512,32,64,4096,native,0.500,1.000,128,16,128,0,1.2153,883.5,0.01,ok,0.8439
prescan,llm,128,8192,512,32,128,256,native,0.031,0.125,1024,256,2048,0,1.1850,906.1,0.40,ok,0.8656
prescan,llm,128,8192,512,32,128,512,native,0.062,0.250,512,128,1024,0,1.1064,970.5,0.10,ok,0.9271
prescan,llm,128,8192,512,32,128,1024,native,0.125,0.500,256,64,512,0,1.0863,988.4,0.01,ok,0.9441
prescan,llm,128,8192,512,32,128,2048,native,0.250,1.000,128,32,256,0,1.0659,1007.3,0.08,ok,0.9622
prescan,llm,128,8192,512,32,128,4096,native,0.500,2.000,64,16,128,0,1.0747,999.1,0.05,ok,0.9544
prescan,llm,128,8192,512,32,256,256,native,0.031,0.250,512,256,2048,0,1.1208,958.0,0.00,ok,0.9151
prescan,llm,128,8192,512,32,256,512,native,0.062,0.500,256,128,1024,0,1.0497,1022.9,0.12,ok,0.9771
prescan,llm,128,8192,512,32,256,1024,native,0.125,1.000,128,64,512,0,1.0152,1057.7,0.11,ok,1.0103
prescan,llm,128,8192,512,32,256,2048,native,0.250,2.000,64,32,256,0,0.9922,1082.2,0.16,ok,1.0337
prescan,llm,128,8192,512,32,256,4096,native,0.500,4.000,32,16,128,0,1.0055,1067.8,0.32,ok,1.0200
prescan,llm,128,8192,512,32,512,256,native,0.031,0.500,256,256,2048,0,1.0820,992.3,0.28,ok,0.9479
prescan,llm,128,8192,512,32,512,512,native,0.062,1.000,128,128,1024,0,1.0137,1059.3,0.13,ok,1.0118
prescan,llm,128,8192,512,32,512,1024,native,0.125,2.000,64,64,512,0,0.9815,1094.0,0.02,ok,1.0450
prescan,llm,128,8192,512,32,512,2048,native,0.250,4.000,32,32,256,0,0.9687,1108.5,0.08,ok,1.0588
prescan,llm,128,8192,512,32,512,4096,native,0.500,8.000,16,16,128,0,1.0357,1036.7,0.04,ok,0.9903
prescan,llm,128,8192,512,32,1024,256,native,0.031,0.500,256,256,2048,0,1.0851,989.6,0.65,ok,0.9453
prescan,llm,128,8192,512,32,1024,512,native,0.062,1.000,128,128,1024,0,1.0154,1057.5,0.14,ok,1.0102
prescan,llm,128,8192,512,32,1024,1024,native,0.125,2.000,64,64,512,0,0.9805,1095.1,0.27,ok,1.0461
prescan,llm,128,8192,512,32,1024,2048,native,0.250,4.000,32,32,256,0,0.9687,1108.4,0.04,ok,1.0588
prescan,llm,128,8192,512,32,1024,4096,native,0.500,8.000,16,16,128,0,1.0349,1037.6,0.38,ok,0.9911
prescan,llm,128,8192,512,64,64,256,native,0.062,0.062,2048,256,2048,0,1.3485,796.2,0.19,ok,0.7606
prescan,llm,128,8192,512,64,64,512,native,0.125,0.125,1024,128,1024,0,1.2521,857.5,0.11,ok,0.8191
prescan,llm,128,8192,512,64,64,1024,native,0.250,0.250,512,64,512,0,1.2145,884.1,0.05,ok,0.8445
prescan,llm,128,8192,512,64,64,2048,native,0.500,0.500,256,32,256,0,1.1961,897.7,0.19,ok,0.8575
prescan,llm,128,8192,512,64,64,4096,native,1.000,1.000,128,16,128,0,1.2222,878.6,0.07,ok,0.8392
prescan,llm,128,8192,512,64,128,256,native,0.062,0.125,1024,256,2048,0,1.1844,906.6,0.12,ok,0.8660
prescan,llm,128,8192,512,64,128,512,native,0.125,0.250,512,128,1024,0,1.0956,980.0,1.54,ok,0.9361
prescan,llm,128,8192,512,64,128,1024,native,0.250,0.500,256,64,512,0,1.0680,1005.4,3.66,ok,0.9604
prescan,llm,128,8192,512,64,128,2048,native,0.500,1.000,128,32,256,0,1.0474,1025.2,3.82,ok,0.9793
prescan,llm,128,8192,512,64,128,4096,native,1.000,2.000,64,16,128,0,1.0771,996.9,1.53,ok,0.9522
prescan,llm,128,8192,512,64,256,256,native,0.062,0.250,512,256,2048,0,1.0961,979.6,3.00,ok,0.9358
prescan,llm,128,8192,512,64,256,512,native,0.125,0.500,256,128,1024,0,1.0317,1040.7,3.64,ok,0.9941
prescan,llm,128,8192,512,64,256,1024,native,0.250,1.000,128,64,512,0,0.9950,1079.1,3.72,ok,1.0308
prescan,llm,128,8192,512,64,256,2048,native,0.500,2.000,64,32,256,0,0.9739,1102.5,3.78,ok,1.0531
prescan,llm,128,8192,512,64,256,4096,native,1.000,4.000,32,16,128,0,0.9928,1081.6,2.64,ok,1.0331
prescan,llm,128,8192,512,64,512,256,native,0.062,0.500,256,256,2048,0,1.0587,1014.2,3.47,ok,0.9688
prescan,llm,128,8192,512,64,512,512,native,0.125,1.000,128,128,1024,0,1.0017,1072.0,3.61,ok,1.0240
prescan,llm,128,8192,512,64,512,1024,native,0.250,2.000,64,64,512,0,0.9641,1113.8,3.60,ok,1.0639
prescan,llm,128,8192,512,64,512,2048,native,0.500,4.000,32,32,256,0,0.9505,1129.6,3.62,ok,1.0791
prescan,llm,128,8192,512,64,512,4096,native,1.000,8.000,16,16,128,0,1.0278,1044.7,3.06,ok,0.9979
prescan,llm,128,8192,512,64,1024,256,native,0.062,0.500,256,256,2048,0,1.0583,1014.6,3.48,ok,0.9692
prescan,llm,128,8192,512,64,1024,512,native,0.125,1.000,128,128,1024,0,1.0010,1072.7,3.38,ok,1.0247
prescan,llm,128,8192,512,64,1024,1024,native,0.250,2.000,64,64,512,0,0.9644,1113.4,3.72,ok,1.0635
prescan,llm,128,8192,512,64,1024,2048,native,0.500,4.000,32,32,256,0,0.9509,1129.1,3.74,ok,1.0786
prescan,llm,128,8192,512,64,1024,4096,native,1.000,8.000,16,16,128,0,1.0310,1041.5,2.39,ok,0.9949
prescan,llm,128,8192,512,128,64,256,native,0.125,0.062,2048,256,2048,0,1.3440,798.9,1.17,ok,0.7631
prescan,llm,128,8192,512,128,64,512,native,0.250,0.125,1024,128,1024,0,1.2496,859.3,0.80,ok,0.8208
prescan,llm,128,8192,512,128,64,1024,native,0.500,0.250,512,64,512,0,1.2147,883.9,0.24,ok,0.8444
prescan,llm,128,8192,512,128,64,2048,native,1.000,0.500,256,32,256,0,1.2002,894.6,0.01,ok,0.8546
prescan,llm,128,8192,512,128,64,4096,native,2.000,1.000,128,16,128,0,1.2437,863.3,0.58,ok,0.8247
prescan,llm,128,8192,512,128,128,256,native,0.125,0.125,1024,256,2048,0,1.2155,883.3,6.00,ok,0.8438
prescan,llm,128,8192,512,128,128,512,native,0.250,0.250,512,128,1024,0,1.1013,975.0,0.57,ok,0.9313
prescan,llm,128,8192,512,128,128,1024,native,0.500,0.500,256,64,512,0,1.0607,1012.3,0.48,ok,0.9670
prescan,llm,128,8192,512,128,128,2048,native,1.000,1.000,128,32,256,0,1.0568,1016.0,2.52,ok,0.9705
prescan,llm,128,8192,512,128,128,4096,native,2.000,2.000,64,16,128,0,1.0969,978.8,0.86,ok,0.9350
prescan,llm,128,8192,512,128,256,256,native,0.125,0.250,512,256,2048,0,1.0887,986.3,0.86,ok,0.9421
prescan,llm,128,8192,512,128,256,512,native,0.250,0.500,256,128,1024,0,1.0254,1047.2,1.03,ok,1.0003
prescan,llm,128,8192,512,128,256,1024,native,0.500,1.000,128,64,512,0,0.9947,1079.5,3.58,ok,1.0311
prescan,llm,128,8192,512,128,256,2048,native,1.000,2.000,64,32,256,0,0.9753,1101.0,3.57,ok,1.0517
prescan,llm,128,8192,512,128,256,4096,native,2.000,4.000,32,16,128,0,1.0048,1068.6,2.77,ok,1.0208
prescan,llm,128,8192,512,128,512,256,native,0.125,0.500,256,256,2048,0,1.0607,1012.3,2.56,ok,0.9670
prescan,llm,128,8192,512,128,512,512,native,0.250,1.000,128,128,1024,0,1.0031,1070.5,3.14,ok,1.0225
prescan,llm,128,8192,512,128,512,1024,native,0.500,2.000,64,64,512,0,0.9656,1112.0,2.78,ok,1.0622
prescan,llm,128,8192,512,128,512,2048,native,1.000,4.000,32,32,256,0,0.9551,1124.2,3.30,ok,1.0739
prescan,llm,128,8192,512,128,512,4096,native,2.000,8.000,16,16,128,0,1.0912,984.0,0.26,ok,0.9399
prescan,llm,128,8192,512,128,1024,256,native,0.125,0.500,256,256,2048,0,1.0725,1001.2,2.60,ok,0.9563
prescan,llm,128,8192,512,128,1024,512,native,0.250,1.000,128,128,1024,0,1.0075,1065.7,2.15,ok,1.0180
prescan,llm,128,8192,512,128,1024,1024,native,0.500,2.000,64,64,512,0,0.9669,1110.6,2.95,ok,1.0608
prescan,llm,128,8192,512,128,1024,2048,native,1.000,4.000,32,32,256,0,0.9581,1120.7,2.69,ok,1.0706
prescan,llm,128,8192,512,128,1024,4096,native,2.000,8.000,16,16,128,0,1.1001,976.0,0.86,ok,0.9323
final,llm,128,8192,512,64,512,2048,native,0.500,4.000,32,32,256,152,0.9663,1111.2,0.17,ok,1.0636
final,llm,128,8192,512,64,1024,2048,native,0.500,4.000,32,32,256,155,0.9688,1108.4,0.81,ok,1.0609
final,llm,128,8192,512,128,512,2048,native,1.000,4.000,32,32,256,150,0.9802,1095.4,2.04,ok,1.0485
final,llm,128,8192,512,128,1024,2048,native,1.000,4.000,32,32,256,155,0.9802,1095.5,1.42,ok,1.0486
final,llm,128,8192,512,64,512,1024,native,0.250,2.000,64,64,512,150,0.9849,1090.2,0.18,ok,1.0435
final,llm,128,8192,512,64,1024,1024,native,0.250,2.000,64,64,512,152,0.9890,1085.6,1.40,ok,1.0392
final,llm,128,8192,512,16,1024,2048,native,0.125,4.000,32,32,256,154,0.9668,1110.7,1.17,ok,1.0631
final,llm,128,8192,512,128,512,1024,native,0.500,2.000,64,64,512,151,0.9917,1082.8,1.82,ok,1.0364
final,llm,128,8192,512,128,1024,1024,native,0.500,2.000,64,64,512,151,0.9842,1091.0,0.51,ok,1.0443
final,llm,128,8192,512,16,512,2048,native,0.125,4.000,32,32,256,154,0.9661,1111.4,0.12,ok,1.0639
final,llm,128,8192,512,32,512,2048,native,0.250,4.000,32,32,256,153,0.9704,1106.5,0.27,ok,1.0591
final,llm,128,8192,512,32,1024,2048,native,0.250,4.000,32,32,256,154,0.9705,1106.4,0.16,ok,1.0590
final,llm,128,8192,512,64,256,2048,native,0.500,2.000,64,32,256,145,0.9949,1079.3,0.28,ok,1.0331
final,llm,128,8192,512,128,256,2048,native,1.000,2.000,64,32,256,146,1.0082,1065.0,1.70,ok,1.0194
final,llm,128,8192,512,16,256,2048,native,0.125,2.000,64,32,256,146,1.0278,1044.7,0.25,ok,1.0000
prescan,llm,128,16384,512,16,64,256,native,0.016,0.062,4096,512,4096,0,2.8941,742.0,0.07,ok,0.7257
prescan,llm,128,16384,512,16,64,512,native,0.031,0.125,2048,256,2048,0,2.6795,801.4,0.05,ok,0.7838
prescan,llm,128,16384,512,16,64,1024,native,0.062,0.250,1024,128,1024,0,2.5661,836.9,0.09,ok,0.8184
prescan,llm,128,16384,512,16,64,2048,native,0.125,0.500,512,64,512,0,2.5377,846.2,0.15,ok,0.8275
prescan,llm,128,16384,512,16,64,4096,native,0.250,1.000,256,32,256,0,2.5818,831.8,0.22,ok,0.8134
prescan,llm,128,16384,512,16,128,256,native,0.016,0.125,2048,512,4096,0,2.5186,852.6,0.05,ok,0.8338
prescan,llm,128,16384,512,16,128,512,native,0.031,0.250,1024,256,2048,0,2.3384,918.4,0.16,ok,0.8981
prescan,llm,128,16384,512,16,128,1024,native,0.062,0.500,512,128,1024,0,2.2651,948.1,0.70,ok,0.9272
prescan,llm,128,16384,512,16,128,2048,native,0.125,1.000,256,64,512,0,2.2055,973.7,0.13,ok,0.9522
prescan,llm,128,16384,512,16,128,4096,native,0.250,2.000,128,32,256,0,2.2755,943.7,0.15,ok,0.9229
prescan,llm,128,16384,512,16,256,256,native,0.016,0.250,1024,512,4096,0,2.3852,900.3,0.01,ok,0.8805
prescan,llm,128,16384,512,16,256,512,native,0.031,0.500,512,256,2048,0,2.2314,962.4,0.26,ok,0.9412
prescan,llm,128,16384,512,16,256,1024,native,0.062,1.000,256,128,1024,0,2.1496,999.0,0.34,ok,0.9770
prescan,llm,128,16384,512,16,256,2048,native,0.125,2.000,128,64,512,0,2.1001,1022.6,0.32,ok,1.0000
prescan,llm,128,16384,512,16,256,4096,native,0.250,4.000,64,32,256,0,2.0821,1031.4,0.84,ok,1.0087
prescan,llm,128,16384,512,16,512,256,native,0.016,0.500,512,512,4096,0,2.3036,932.2,0.02,ok,0.9117
prescan,llm,128,16384,512,16,512,512,native,0.031,1.000,256,256,2048,0,2.0937,1025.7,0.20,ok,1.0030
prescan,llm,128,16384,512,16,512,1024,native,0.062,2.000,128,128,1024,0,2.0193,1063.5,2.47,ok,1.0400
prescan,llm,128,16384,512,16,512,2048,native,0.125,4.000,64,64,512,0,1.9635,1093.7,2.76,ok,1.0696
prescan,llm,128,16384,512,16,512,4096,native,0.250,8.000,32,32,256,0,2.1657,991.6,0.21,ok,0.9697
prescan,llm,128,16384,512,16,1024,256,native,0.016,0.500,512,512,4096,0,2.3054,931.5,0.07,ok,0.9110
prescan,llm,128,16384,512,16,1024,512,native,0.031,1.000,256,256,2048,0,2.1011,1022.1,0.26,ok,0.9995
prescan,llm,128,16384,512,16,1024,1024,native,0.062,2.000,128,128,1024,0,2.0469,1049.1,0.09,ok,1.0260
prescan,llm,128,16384,512,16,1024,2048,native,0.125,4.000,64,64,512,0,1.9897,1079.3,0.08,ok,1.0555
prescan,llm,128,16384,512,16,1024,4096,native,0.250,8.000,32,32,256,0,2.1665,991.2,0.77,ok,0.9694
prescan,llm,128,16384,512,32,64,256,native,0.031,0.062,4096,512,4096,0,2.8990,740.8,0.04,ok,0.7244
prescan,llm,128,16384,512,32,64,512,native,0.062,0.125,2048,256,2048,0,2.6762,802.4,0.01,ok,0.7847
prescan,llm,128,16384,512,32,64,1024,native,0.125,0.250,1024,128,1024,0,2.5749,834.0,0.23,ok,0.8156
prescan,llm,128,16384,512,32,64,2048,native,0.250,0.500,512,64,512,0,2.5366,846.6,0.13,ok,0.8279
prescan,llm,128,16384,512,32,64,4096,native,0.500,1.000,256,32,256,0,2.5761,833.6,0.26,ok,0.8152
prescan,llm,128,16384,512,32,128,256,native,0.031,0.125,2048,512,4096,0,2.5357,846.9,0.09,ok,0.8282
prescan,llm,128,16384,512,32,128,512,native,0.062,0.250,1024,256,2048,0,2.3571,911.1,0.08,ok,0.8910
prescan,llm,128,16384,512,32,128,1024,native,0.125,0.500,512,128,1024,0,2.2469,955.8,0.38,ok,0.9347
prescan,llm,128,16384,512,32,128,2048,native,0.250,1.000,256,64,512,0,2.2053,973.8,0.27,ok,0.9523
prescan,llm,128,16384,512,32,128,4096,native,0.500,2.000,128,32,256,0,2.2746,944.1,0.19,ok,0.9233
prescan,llm,128,16384,512,32,256,256,native,0.031,0.250,1024,512,4096,0,2.3562,911.4,0.08,ok,0.8913
prescan,llm,128,16384,512,32,256,512,native,0.062,0.500,512,256,2048,0,2.1830,983.7,0.72,ok,0.9620
prescan,llm,128,16384,512,32,256,1024,native,0.125,1.000,256,128,1024,0,2.0994,1022.9,1.03,ok,1.0003
prescan,llm,128,16384,512,32,256,2048,native,0.250,2.000,128,64,512,0,2.0596,1042.7,2.56,ok,1.0197
prescan,llm,128,16384,512,32,256,4096,native,0.500,4.000,64,32,256,0,2.0908,1027.1,1.86,ok,1.0044
prescan,llm,128,16384,512,32,512,256,native,0.031,0.500,512,512,4096,0,2.2688,946.5,0.10,ok,0.9256
prescan,llm,128,16384,512,32,512,512,native,0.062,1.000,256,256,2048,0,2.1096,1017.9,2.16,ok,0.9955
prescan,llm,128,16384,512,32,512,1024,native,0.125,2.000,128,128,1024,0,2.0293,1058.2,1.70,ok,1.0349
prescan,llm,128,16384,512,32,512,2048,native,0.250,4.000,64,64,512,0,1.9915,1078.3,0.07,ok,1.0545
prescan,llm,128,16384,512,32,512,4096,native,0.500,8.000,32,32,256,0,2.1476,1000.0,1.57,ok,0.9779
prescan,llm,128,16384,512,32,1024,256,native,0.031,0.500,512,512,4096,0,2.2732,944.7,0.78,ok,0.9238
prescan,llm,128,16384,512,32,1024,512,native,0.062,1.000,256,256,2048,0,2.1165,1014.6,2.07,ok,0.9923
prescan,llm,128,16384,512,32,1024,1024,native,0.125,2.000,128,128,1024,0,2.0471,1049.1,0.08,ok,1.0259
prescan,llm,128,16384,512,32,1024,2048,native,0.250,4.000,64,64,512,0,1.9924,1077.9,0.03,ok,1.0541
prescan,llm,128,16384,512,32,1024,4096,native,0.500,8.000,32,32,256,0,2.1536,997.1,0.86,ok,0.9752
prescan,llm,128,16384,512,64,64,256,native,0.062,0.062,4096,512,4096,0,2.8983,741.0,0.00,ok,0.7246
prescan,llm,128,16384,512,64,64,512,native,0.125,0.125,2048,256,2048,0,2.6780,801.9,0.10,ok,0.7842
prescan,llm,128,16384,512,64,64,1024,native,0.250,0.250,1024,128,1024,0,2.5764,833.5,0.03,ok,0.8151
prescan,llm,128,16384,512,64,64,2048,native,0.500,0.500,512,64,512,0,2.5291,849.1,0.18,ok,0.8304
prescan,llm,128,16384,512,64,64,4096,native,1.000,1.000,256,32,256,0,2.5971,826.9,0.18,ok,0.8086
prescan,llm,128,16384,512,64,128,256,native,0.062,0.125,2048,512,4096,0,2.5449,843.9,0.08,ok,0.8252
prescan,llm,128,16384,512,64,128,512,native,0.125,0.250,1024,256,2048,0,2.3458,915.5,0.10,ok,0.8953
prescan,llm,128,16384,512,64,128,1024,native,0.250,0.500,512,128,1024,0,2.2430,957.4,0.01,ok,0.9363
prescan,llm,128,16384,512,64,128,2048,native,0.500,1.000,256,64,512,0,2.2260,964.7,2.44,ok,0.9434
prescan,llm,128,16384,512,64,128,4096,native,1.000,2.000,128,32,256,0,2.2829,940.7,0.07,ok,0.9199
prescan,llm,128,16384,512,64,256,256,native,0.062,0.250,1024,512,4096,0,2.3460,915.4,0.03,ok,0.8952
prescan,llm,128,16384,512,64,256,512,native,0.125,0.500,512,256,2048,0,2.1841,983.2,0.22,ok,0.9615
prescan,llm,128,16384,512,64,256,1024,native,0.250,1.000,256,128,1024,0,2.1082,1018.6,2.06,ok,0.9962
prescan,llm,128,16384,512,64,256,2048,native,0.500,2.000,128,64,512,0,2.0626,1041.2,2.74,ok,1.0182
prescan,llm,128,16384,512,64,256,4096,native,1.000,4.000,64,32,256,0,2.0720,1036.5,2.67,ok,1.0136
prescan,llm,128,16384,512,64,512,256,native,0.062,0.500,512,512,4096,0,2.2660,947.7,2.05,ok,0.9268
prescan,llm,128,16384,512,64,512,512,native,0.125,1.000,256,256,2048,0,2.1174,1014.2,2.44,ok,0.9918
prescan,llm,128,16384,512,64,512,1024,native,0.250,2.000,128,128,1024,0,2.0170,1064.7,2.87,ok,1.0412
prescan,llm,128,16384,512,64,512,2048,native,0.500,4.000,64,64,512,0,1.9774,1086.0,2.38,ok,1.0620
prescan,llm,128,16384,512,64,512,4096,native,1.000,8.000,32,32,256,0,2.1113,1017.1,2.05,ok,0.9947
prescan,llm,128,16384,512,64,1024,256,native,0.062,0.500,512,512,4096,0,2.2568,951.6,1.21,ok,0.9306
prescan,llm,128,16384,512,64,1024,512,native,0.125,1.000,256,256,2048,0,2.0984,1023.4,0.38,ok,1.0008
prescan,llm,128,16384,512,64,1024,1024,native,0.250,2.000,128,128,1024,0,2.0169,1064.8,2.64,ok,1.0413
prescan,llm,128,16384,512,64,1024,2048,native,0.500,4.000,64,64,512,0,1.9748,1087.5,2.68,ok,1.0635
prescan,llm,128,16384,512,64,1024,4096,native,1.000,8.000,32,32,256,0,2.1393,1003.8,1.73,ok,0.9817
prescan,llm,128,16384,512,128,64,256,native,0.125,0.062,4096,512,4096,0,2.8823,745.1,1.16,ok,0.7286
prescan,llm,128,16384,512,128,64,512,native,0.250,0.125,2048,256,2048,0,2.6822,800.6,0.04,ok,0.7830
prescan,llm,128,16384,512,128,64,1024,native,0.500,0.250,1024,128,1024,0,2.5699,835.6,0.01,ok,0.8172
prescan,llm,128,16384,512,128,64,2048,native,1.000,0.500,512,64,512,0,2.5335,847.6,0.03,ok,0.8289
prescan,llm,128,16384,512,128,64,4096,native,2.000,1.000,256,32,256,0,2.6192,819.9,0.01,ok,0.8018
prescan,llm,128,16384,512,128,128,256,native,0.125,0.125,2048,512,4096,0,2.5402,845.4,0.05,ok,0.8268
prescan,llm,128,16384,512,128,128,512,native,0.250,0.250,1024,256,2048,0,2.3440,916.2,0.02,ok,0.8960
prescan,llm,128,16384,512,128,128,1024,native,0.500,0.500,512,128,1024,0,2.2424,957.7,0.05,ok,0.9365
prescan,llm,128,16384,512,128,128,2048,native,1.000,1.000,256,64,512,0,2.1997,976.2,0.08,ok,0.9547
prescan,llm,128,16384,512,128,128,4096,native,2.000,2.000,128,32,256,0,2.2997,933.8,0.40,ok,0.9132
prescan,llm,128,16384,512,128,256,256,native,0.125,0.250,1024,512,4096,0,2.3552,911.8,0.04,ok,0.8917
prescan,llm,128,16384,512,128,256,512,native,0.250,0.500,512,256,2048,0,2.1743,987.7,0.09,ok,0.9659
prescan,llm,128,16384,512,128,256,1024,native,0.500,1.000,256,128,1024,0,2.0808,1032.0,0.10,ok,1.0093
prescan,llm,128,16384,512,128,256,2048,native,1.000,2.000,128,64,512,0,2.0572,1043.9,2.75,ok,1.0208
prescan,llm,128,16384,512,128,256,4096,native,2.000,4.000,64,32,256,0,2.0852,1029.9,2.52,ok,1.0072
prescan,llm,128,16384,512,128,512,256,native,0.125,0.500,512,512,4096,0,2.2636,948.7,0.14,ok,0.9278
prescan,llm,128,16384,512,128,512,512,native,0.250,1.000,256,256,2048,0,2.0870,1029.0,0.31,ok,1.0063
prescan,llm,128,16384,512,128,512,1024,native,0.500,2.000,128,128,1024,0,2.0217,1062.2,2.66,ok,1.0388
prescan,llm,128,16384,512,128,512,2048,native,1.000,4.000,64,64,512,0,1.9765,1086.5,2.57,ok,1.0626
prescan,llm,128,16384,512,128,512,4096,native,2.000,8.000,32,32,256,0,2.2010,975.7,0.14,ok,0.9542
prescan,llm,128,16384,512,128,1024,256,native,0.125,0.500,512,512,4096,0,2.2621,949.3,0.01,ok,0.9284
prescan,llm,128,16384,512,128,1024,512,native,0.250,1.000,256,256,2048,0,2.0861,1029.4,0.12,ok,1.0067
prescan,llm,128,16384,512,128,1024,1024,native,0.500,2.000,128,128,1024,0,2.0207,1062.8,2.57,ok,1.0393
prescan,llm,128,16384,512,128,1024,2048,native,1.000,4.000,64,64,512,0,1.9756,1087.0,2.65,ok,1.0630
prescan,llm,128,16384,512,128,1024,4096,native,2.000,8.000,32,32,256,0,2.1994,976.4,0.13,ok,0.9549
final,llm,128,16384,512,16,512,2048,native,0.125,4.000,64,64,512,75,1.9926,1077.7,0.14,ok,1.0717
final,llm,128,16384,512,64,1024,2048,native,0.500,4.000,64,64,512,74,2.0032,1072.0,0.11,ok,1.0660
final,llm,128,16384,512,128,1024,2048,native,1.000,4.000,64,64,512,74,2.0035,1071.9,6.01,ok,1.0659
final,llm,128,16384,512,128,512,2048,native,1.000,4.000,64,64,512,74,2.0048,1071.2,0.19,ok,1.0652
final,llm,128,16384,512,64,512,2048,native,0.500,4.000,64,64,512,74,2.0022,1072.5,0.21,ok,1.0666
final,llm,128,16384,512,16,1024,2048,native,0.125,4.000,64,64,512,75,1.9933,1077.4,0.23,ok,1.0714
final,llm,128,16384,512,32,512,2048,native,0.250,4.000,64,64,512,75,1.9949,1076.5,0.09,ok,1.0705
final,llm,128,16384,512,32,1024,2048,native,0.250,4.000,64,64,512,75,2.0646,1040.1,0.12,ok,1.0343
final,llm,128,16384,512,64,1024,1024,native,0.250,2.000,128,128,1024,73,2.0613,1041.8,3.25,ok,1.0360
final,llm,128,16384,512,64,512,1024,native,0.250,2.000,128,128,1024,75,2.0435,1050.9,0.94,ok,1.0451
final,llm,128,16384,512,16,512,1024,native,0.062,2.000,128,128,1024,75,2.0504,1047.3,0.12,ok,1.0415
final,llm,128,16384,512,128,1024,1024,native,0.500,2.000,128,128,1024,73,2.0492,1047.9,0.07,ok,1.0421
final,llm,128,16384,512,128,512,1024,native,0.500,2.000,128,128,1024,72,2.0518,1046.6,0.14,ok,1.0408
final,llm,128,16384,512,16,256,2048,native,0.125,2.000,128,64,512,69,2.1355,1005.6,0.74,ok,1.0000
prescan,llm,128,32768,512,16,64,256,native,0.016,0.062,8192,1024,8192,0,5.8857,729.7,2.76,ok,0.7204
prescan,llm,128,32768,512,16,64,512,native,0.031,0.125,4096,512,4096,0,5.4391,789.7,2.92,ok,0.7796
prescan,llm,128,32768,512,16,64,1024,native,0.062,0.250,2048,256,2048,0,5.1983,826.2,2.20,ok,0.8157
prescan,llm,128,32768,512,16,64,2048,native,0.125,0.500,1024,128,1024,0,5.1284,837.5,2.98,ok,0.8268
prescan,llm,128,32768,512,16,64,4096,native,0.250,1.000,512,64,512,0,5.2444,819.0,1.35,ok,0.8085
prescan,llm,128,32768,512,16,128,256,native,0.016,0.125,4096,1024,8192,0,5.0787,845.7,1.77,ok,0.8349
prescan,llm,128,32768,512,16,128,512,native,0.031,0.250,2048,512,4096,0,4.7354,907.0,0.64,ok,0.8954
prescan,llm,128,32768,512,16,128,1024,native,0.062,0.500,1024,256,2048,0,4.6060,932.5,1.20,ok,0.9206
prescan,llm,128,32768,512,16,128,2048,native,0.125,1.000,512,128,1024,0,4.4940,955.7,0.36,ok,0.9435
prescan,llm,128,32768,512,16,128,4096,native,0.250,2.000,256,64,512,0,4.6449,924.7,2.27,ok,0.9129
prescan,llm,128,32768,512,16,256,256,native,0.016,0.250,2048,1024,8192,0,4.8373,887.9,2.30,ok,0.8766
prescan,llm,128,32768,512,16,256,512,native,0.031,0.500,1024,512,4096,0,4.5356,947.0,1.73,ok,0.9349
prescan,llm,128,32768,512,16,256,1024,native,0.062,1.000,512,256,2048,0,4.3653,983.9,0.91,ok,0.9714
prescan,llm,128,32768,512,16,256,2048,native,0.125,2.000,256,128,1024,0,4.2403,1012.9,0.19,ok,1.0000
prescan,llm,128,32768,512,16,256,4096,native,0.250,4.000,128,64,512,0,4.1801,1027.5,0.15,ok,1.0144
prescan,llm,128,32768,512,16,512,256,native,0.016,0.500,1024,1024,8192,0,4.6766,918.4,2.23,ok,0.9067
prescan,llm,128,32768,512,16,512,512,native,0.031,1.000,512,512,4096,0,4.2921,1000.7,0.03,ok,0.9879
prescan,llm,128,32768,512,16,512,1024,native,0.062,2.000,256,256,2048,0,4.0907,1049.9,0.01,ok,1.0366
prescan,llm,128,32768,512,16,512,2048,native,0.125,4.000,128,128,1024,0,3.9815,1078.7,0.01,ok,1.0650
prescan,llm,128,32768,512,16,512,4096,native,0.250,8.000,64,64,512,0,4.2609,1008.0,0.35,ok,0.9952
prescan,llm,128,32768,512,16,1024,256,native,0.016,0.500,1024,1024,8192,0,4.6790,917.9,2.40,ok,0.9062
prescan,llm,128,32768,512,16,1024,512,native,0.031,1.000,512,512,4096,0,4.2922,1000.7,0.03,ok,0.9879
prescan,llm,128,32768,512,16,1024,1024,native,0.062,2.000,256,256,2048,0,4.0887,1050.5,0.07,ok,1.0371
prescan,llm,128,32768,512,16,1024,2048,native,0.125,4.000,128,128,1024,0,3.9832,1078.3,0.20,ok,1.0646
prescan,llm,128,32768,512,16,1024,4096,native,0.250,8.000,64,64,512,0,4.2661,1006.8,0.07,ok,0.9940
prescan,llm,128,32768,512,32,64,256,native,0.031,0.062,8192,1024,8192,0,5.8914,729.0,2.75,ok,0.7198
prescan,llm,128,32768,512,32,64,512,native,0.062,0.125,4096,512,4096,0,5.4097,793.9,1.69,ok,0.7838
prescan,llm,128,32768,512,32,64,1024,native,0.125,0.250,2048,256,2048,0,5.1707,830.6,0.44,ok,0.8201
prescan,llm,128,32768,512,32,64,2048,native,0.250,0.500,1024,128,1024,0,5.1045,841.4,0.63,ok,0.8307
prescan,llm,128,32768,512,32,64,4096,native,0.500,1.000,512,64,512,0,5.2527,817.7,1.07,ok,0.8073
prescan,llm,128,32768,512,32,128,256,native,0.031,0.125,4096,1024,8192,0,5.1068,841.0,0.64,ok,0.8303
prescan,llm,128,32768,512,32,128,512,native,0.062,0.250,2048,512,4096,0,4.8057,893.7,1.21,ok,0.8824
prescan,llm,128,32768,512,32,128,1024,native,0.125,0.500,1024,256,2048,0,4.6083,932.0,0.09,ok,0.9202
prescan,llm,128,32768,512,32,128,2048,native,0.250,1.000,512,128,1024,0,4.5174,950.8,0.07,ok,0.9387
prescan,llm,128,32768,512,32,128,4096,native,0.500,2.000,256,64,512,0,4.6385,925.9,1.53,ok,0.9141
prescan,llm,128,32768,512,32,256,256,native,0.031,0.250,2048,1024,8192,0,4.7553,903.2,0.78,ok,0.8917
prescan,llm,128,32768,512,32,256,512,native,0.062,0.500,1024,512,4096,0,4.4746,959.9,2.12,ok,0.9476
prescan,llm,128,32768,512,32,256,1024,native,0.125,1.000,512,256,2048,0,4.2851,1002.3,0.45,ok,0.9895
prescan,llm,128,32768,512,32,256,2048,native,0.250,2.000,256,128,1024,0,4.1757,1028.6,0.04,ok,1.0155
prescan,llm,128,32768,512,32,256,4096,native,0.500,4.000,128,64,512,0,4.1877,1025.6,0.09,ok,1.0126
prescan,llm,128,32768,512,32,512,256,native,0.031,0.500,1024,1024,8192,0,4.6409,925.5,0.33,ok,0.9137
prescan,llm,128,32768,512,32,512,512,native,0.062,1.000,512,512,4096,0,4.2848,1002.4,0.08,ok,0.9896
prescan,llm,128,32768,512,32,512,1024,native,0.125,2.000,256,256,2048,0,4.0926,1049.4,0.02,ok,1.0361
prescan,llm,128,32768,512,32,512,2048,native,0.250,4.000,128,128,1024,0,3.9986,1074.1,0.04,ok,1.0604
prescan,llm,128,32768,512,32,512,4096,native,0.500,8.000,64,64,512,0,4.2515,1010.2,0.17,ok,0.9974
prescan,llm,128,32768,512,32,1024,256,native,0.031,0.500,1024,1024,8192,0,4.6479,924.1,0.08,ok,0.9123
prescan,llm,128,32768,512,32,1024,512,native,0.062,1.000,512,512,4096,0,4.2847,1002.4,0.16,ok,0.9896
prescan,llm,128,32768,512,32,1024,1024,native,0.125,2.000,256,256,2048,0,4.0964,1048.5,0.03,ok,1.0351
prescan,llm,128,32768,512,32,1024,2048,native,0.250,4.000,128,128,1024,0,3.9980,1074.3,0.09,ok,1.0606
prescan,llm,128,32768,512,32,1024,4096,native,0.500,8.000,64,64,512,0,4.2466,1011.4,0.02,ok,0.9985
prescan,llm,128,32768,512,64,64,256,native,0.062,0.062,8192,1024,8192,0,5.8977,728.2,2.68,ok,0.7190
prescan,llm,128,32768,512,64,64,512,native,0.125,0.125,4096,512,4096,0,5.4639,786.1,1.92,ok,0.7761
prescan,llm,128,32768,512,64,64,1024,native,0.250,0.250,2048,256,2048,0,5.2265,821.8,0.94,ok,0.8113
prescan,llm,128,32768,512,64,64,2048,native,0.500,0.500,1024,128,1024,0,5.1249,838.1,0.63,ok,0.8274
prescan,llm,128,32768,512,64,64,4096,native,1.000,1.000,512,64,512,0,5.2750,814.2,1.00,ok,0.8039
prescan,llm,128,32768,512,64,128,256,native,0.062,0.125,4096,1024,8192,0,5.1300,837.2,0.67,ok,0.8266
prescan,llm,128,32768,512,64,128,512,native,0.125,0.250,2048,512,4096,0,4.7851,897.6,1.11,ok,0.8861
prescan,llm,128,32768,512,64,128,1024,native,0.250,0.500,1024,256,2048,0,4.6056,932.6,0.09,ok,0.9207
prescan,llm,128,32768,512,64,128,2048,native,0.500,1.000,512,128,1024,0,4.5127,951.7,0.12,ok,0.9396
prescan,llm,128,32768,512,64,128,4096,native,1.000,2.000,256,64,512,0,4.6838,917.0,0.51,ok,0.9053
prescan,llm,128,32768,512,64,256,256,native,0.062,0.250,2048,1024,8192,0,4.7776,899.0,0.06,ok,0.8875
prescan,llm,128,32768,512,64,256,512,native,0.125,0.500,1024,512,4096,0,4.4692,961.0,0.08,ok,0.9488
prescan,llm,128,32768,512,64,256,1024,native,0.250,1.000,512,256,2048,0,4.2683,1006.3,0.33,ok,0.9934
prescan,llm,128,32768,512,64,256,2048,native,0.500,2.000,256,128,1024,0,4.1704,1029.9,0.05,ok,1.0168
prescan,llm,128,32768,512,64,256,4096,native,1.000,4.000,128,64,512,0,4.2049,1021.4,0.27,ok,1.0084
prescan,llm,128,32768,512,64,512,256,native,0.062,0.500,1024,1024,8192,0,4.6026,933.2,0.20,ok,0.9213
prescan,llm,128,32768,512,64,512,512,native,0.125,1.000,512,512,4096,0,4.2922,1000.6,0.12,ok,0.9879
prescan,llm,128,32768,512,64,512,1024,native,0.250,2.000,256,256,2048,0,4.0950,1048.8,0.02,ok,1.0355
prescan,llm,128,32768,512,64,512,2048,native,0.500,4.000,128,128,1024,0,3.9918,1075.9,0.07,ok,1.0622
prescan,llm,128,32768,512,64,512,4096,native,1.000,8.000,64,64,512,0,4.3013,998.5,1.08,ok,0.9858
prescan,llm,128,32768,512,64,1024,256,native,0.062,0.500,1024,1024,8192,0,4.6061,932.4,0.09,ok,0.9206
prescan,llm,128,32768,512,64,1024,512,native,0.125,1.000,512,512,4096,0,4.2946,1000.1,0.02,ok,0.9874
prescan,llm,128,32768,512,64,1024,1024,native,0.250,2.000,256,256,2048,0,4.0947,1048.9,0.07,ok,1.0356
prescan,llm,128,32768,512,64,1024,2048,native,0.500,4.000,128,128,1024,0,3.9912,1076.1,0.11,ok,1.0624
prescan,llm,128,32768,512,64,1024,4096,native,1.000,8.000,64,64,512,0,4.2783,1003.9,0.08,ok,0.9911
prescan,llm,128,32768,512,128,64,256,native,0.125,0.062,8192,1024,8192,0,5.9742,718.9,0.16,ok,0.7098
prescan,llm,128,32768,512,128,64,512,native,0.250,0.125,4096,512,4096,0,5.5168,778.5,0.02,ok,0.7686
prescan,llm,128,32768,512,128,64,1024,native,0.500,0.250,2048,256,2048,0,5.2902,811.9,0.02,ok,0.8015
prescan,llm,128,32768,512,128,64,2048,native,1.000,0.500,1024,128,1024,0,5.2032,825.5,0.09,ok,0.8149
prescan,llm,128,32768,512,128,64,4096,native,2.000,1.000,512,64,512,0,5.3776,798.7,1.14,ok,0.7885
prescan,llm,128,32768,512,128,128,256,native,0.125,0.125,4096,1024,8192,0,5.1756,829.8,1.74,ok,0.8193
prescan,llm,128,32768,512,128,128,512,native,0.250,0.250,2048,512,4096,0,4.8169,891.6,0.32,ok,0.8803
prescan,llm,128,32768,512,128,128,1024,native,0.500,0.500,1024,256,2048,0,4.5995,933.8,0.09,ok,0.9219
prescan,llm,128,32768,512,128,128,2048,native,1.000,1.000,512,128,1024,0,4.5182,950.6,0.05,ok,0.9385
prescan,llm,128,32768,512,128,128,4096,native,2.000,2.000,256,64,512,0,4.6679,920.1,2.59,ok,0.9084
prescan,llm,128,32768,512,128,256,256,native,0.125,0.250,2048,1024,8192,0,4.7598,902.3,0.43,ok,0.8909
prescan,llm,128,32768,512,128,256,512,native,0.250,0.500,1024,512,4096,0,4.4608,962.8,0.05,ok,0.9506
prescan,llm,128,32768,512,128,256,1024,native,0.500,1.000,512,256,2048,0,4.2609,1008.0,0.25,ok,0.9952
prescan,llm,128,32768,512,128,256,2048,native,1.000,2.000,256,128,1024,0,4.1653,1031.1,0.05,ok,1.0180
prescan,llm,128,32768,512,128,256,4096,native,2.000,4.000,128,64,512,0,4.2390,1013.2,0.56,ok,1.0003
prescan,llm,128,32768,512,128,512,256,native,0.125,0.500,1024,1024,8192,0,4.5905,935.6,2.64,ok,0.9237
prescan,llm,128,32768,512,128,512,512,native,0.250,1.000,512,512,4096,0,4.2591,1008.4,1.15,ok,0.9956
prescan,llm,128,32768,512,128,512,1024,native,0.500,2.000,256,256,2048,0,4.0830,1051.9,0.11,ok,1.0385
prescan,llm,128,32768,512,128,512,2048,native,1.000,4.000,128,128,1024,0,4.0101,1071.0,0.41,ok,1.0574
prescan,llm,128,32768,512,128,512,4096,native,2.000,8.000,64,64,512,0,4.4907,956.4,3.19,ok,0.9442
prescan,llm,128,32768,512,128,1024,256,native,0.125,0.500,1024,1024,8192,0,4.5937,935.0,2.42,ok,0.9231
prescan,llm,128,32768,512,128,1024,512,native,0.250,1.000,512,512,4096,0,4.2707,1005.7,0.78,ok,0.9929
prescan,llm,128,32768,512,128,1024,1024,native,0.500,2.000,256,256,2048,0,4.0790,1052.9,0.12,ok,1.0395
prescan,llm,128,32768,512,128,1024,2048,native,1.000,4.000,128,128,1024,0,4.0009,1073.5,0.14,ok,1.0598
prescan,llm,128,32768,512,128,1024,4096,native,2.000,8.000,64,64,512,0,4.4644,962.1,1.38,ok,0.9498
final,llm,128,32768,512,16,512,2048,native,0.125,4.000,128,128,1024,36,4.1291,1040.2,0.16,ok,1.0629
final,llm,128,32768,512,16,1024,2048,native,0.125,4.000,128,128,1024,36,4.1299,1040.0,0.09,ok,1.0627
final,llm,128,32768,512,64,1024,2048,native,0.500,4.000,128,128,1024,36,4.1363,1038.4,0.26,ok,1.0611
final,llm,128,32768,512,64,512,2048,native,0.500,4.000,128,128,1024,36,4.1382,1037.9,0.10,ok,1.0606
final,llm,128,32768,512,32,1024,2048,native,0.250,4.000,128,128,1024,36,4.1453,1036.1,0.18,ok,1.0587
final,llm,128,32768,512,32,512,2048,native,0.250,4.000,128,128,1024,36,4.1433,1036.6,0.06,ok,1.0593
final,llm,128,32768,512,128,1024,2048,native,1.000,4.000,128,128,1024,35,4.1461,1035.9,0.11,ok,1.0585
final,llm,128,32768,512,128,512,2048,native,1.000,4.000,128,128,1024,36,4.3160,995.1,5.93,ok,1.0169
final,llm,128,32768,512,128,1024,1024,native,0.500,2.000,256,256,2048,34,4.2308,1015.2,4.25,ok,1.0374
final,llm,128,32768,512,128,512,1024,native,0.500,2.000,256,256,2048,35,4.2328,1014.7,0.10,ok,1.0369
final,llm,128,32768,512,16,1024,1024,native,0.062,2.000,256,256,2048,37,4.0925,1049.5,0.10,ok,1.0724
final,llm,128,32768,512,16,512,1024,native,0.062,2.000,256,256,2048,36,4.0888,1050.4,5.90,ok,1.0734
final,llm,128,32768,512,32,512,1024,native,0.125,2.000,256,256,2048,36,4.0948,1048.9,0.08,ok,1.0718
final,llm,128,32768,512,64,1024,1024,native,0.250,2.000,256,256,2048,35,4.2430,1012.2,0.05,ok,1.0344
final,llm,128,32768,512,64,512,1024,native,0.250,2.000,256,256,2048,35,4.2405,1012.9,0.08,ok,1.0350
final,llm,128,32768,512,32,1024,1024,native,0.125,2.000,256,256,2048,35,4.2385,1013.3,0.15,ok,1.0355
final,llm,128,32768,512,16,256,2048,native,0.125,2.000,256,128,1024,34,4.3888,978.6,1.65,ok,1.0000
prescan,ds-id1,64,7168,2112,16,64,256,native,0.016,0.062,3696,924,3696,0,3.4492,561.8,0.54,ok,0.6547
prescan,ds-id1,64,7168,2112,16,64,512,native,0.031,0.125,1848,462,1848,0,2.9146,664.9,0.15,ok,0.7748
prescan,ds-id1,64,7168,2112,16,64,1024,native,0.062,0.250,924,231,924,0,2.7433,706.4,0.87,ok,0.8232
prescan,ds-id1,64,7168,2112,16,64,2048,native,0.125,0.500,528,132,528,0,2.6787,723.4,1.44,ok,0.8430
prescan,ds-id1,64,7168,2112,16,64,4096,native,0.250,1.000,264,66,264,0,2.7186,712.8,1.99,ok,0.8307
prescan,ds-id1,64,7168,2112,16,128,256,native,0.016,0.125,1904,924,3696,0,2.7086,715.4,0.10,ok,0.8337
prescan,ds-id1,64,7168,2112,16,128,512,native,0.031,0.250,952,462,1848,0,2.5492,760.1,0.06,ok,0.8858
prescan,ds-id1,64,7168,2112,16,128,1024,native,0.062,0.500,476,231,924,0,2.4721,783.9,1.66,ok,0.9135
prescan,ds-id1,64,7168,2112,16,128,2048,native,0.125,1.000,272,132,528,0,2.4271,798.4,0.46,ok,0.9304
prescan,ds-id1,64,7168,2112,16,128,4096,native,0.250,2.000,136,66,264,0,2.3596,821.2,4.20,ok,0.9570
prescan,ds-id1,64,7168,2112,16,256,256,native,0.016,0.250,1008,924,3696,0,2.5290,766.2,0.29,ok,0.8929
prescan,ds-id1,64,7168,2112,16,256,512,native,0.031,0.500,504,462,1848,0,2.3440,826.7,2.23,ok,0.9634
prescan,ds-id1,64,7168,2112,16,256,1024,native,0.062,1.000,252,231,924,0,2.2567,858.7,2.79,ok,1.0007
prescan,ds-id1,64,7168,2112,16,256,2048,native,0.125,2.000,144,132,528,0,2.2582,858.1,2.72,ok,1.0000
prescan,ds-id1,64,7168,2112,16,256,4096,native,0.250,4.000,72,66,264,0,2.3129,837.8,2.92,ok,0.9763
prescan,ds-id1,64,7168,2112,16,512,256,native,0.016,0.500,560,924,3696,0,2.3777,815.0,2.94,ok,0.9497
prescan,ds-id1,64,7168,2112,16,512,512,native,0.031,1.000,280,462,1848,0,2.2943,844.6,2.24,ok,0.9842
prescan,ds-id1,64,7168,2112,16,512,1024,native,0.062,2.000,140,231,924,0,2.2235,871.5,1.72,ok,1.0156
prescan,ds-id1,64,7168,2112,16,512,2048,native,0.125,4.000,80,132,528,0,2.2232,871.6,2.73,ok,1.0158
prescan,ds-id1,64,7168,2112,16,512,4096,native,0.250,8.000,40,66,264,0,2.4223,800.0,1.69,ok,0.9322
prescan,ds-id1,64,7168,2112,16,1024,256,native,0.016,1.000,336,924,3696,0,2.4028,806.4,2.47,ok,0.9398
prescan,ds-id1,64,7168,2112,16,1024,512,native,0.031,2.000,168,462,1848,0,2.2647,855.6,8.15,ok,0.9971
prescan,ds-id1,64,7168,2112,16,1024,1024,native,0.062,4.000,84,231,924,0,2.2465,862.6,3.88,ok,1.0052
prescan,ds-id1,64,7168,2112,16,1024,2048,native,0.125,8.000,48,132,528,0,2.4726,783.7,0.17,ok,0.9133
prescan,ds-id1,64,7168,2112,16,1024,4096,native,0.250,16.000,24,66,264,0,3.6659,528.6,0.27,ok,0.6160
prescan,ds-id1,64,7168,2112,32,64,256,native,0.031,0.062,3696,924,3696,0,3.4412,563.1,0.68,ok,0.6562
prescan,ds-id1,64,7168,2112,32,64,512,native,0.062,0.125,1848,462,1848,0,2.9294,661.5,0.12,ok,0.7709
prescan,ds-id1,64,7168,2112,32,64,1024,native,0.125,0.250,924,231,924,0,2.7352,708.4,0.63,ok,0.8256
prescan,ds-id1,64,7168,2112,32,64,2048,native,0.250,0.500,528,132,528,0,2.7166,713.3,0.47,ok,0.8312
prescan,ds-id1,64,7168,2112,32,64,4096,native,0.500,1.000,264,66,264,0,2.7425,706.6,0.28,ok,0.8234
prescan,ds-id1,64,7168,2112,32,128,256,native,0.031,0.125,1904,924,3696,0,2.6907,720.2,0.77,ok,0.8393
prescan,ds-id1,64,7168,2112,32,128,512,native,0.062,0.250,952,462,1848,0,2.5301,765.9,0.91,ok,0.8925
prescan,ds-id1,64,7168,2112,32,128,1024,native,0.125,0.500,476,231,924,0,2.4073,805.0,2.08,ok,0.9381
prescan,ds-id1,64,7168,2112,32,128,2048,native,0.250,1.000,272,132,528,0,2.4009,807.1,0.68,ok,0.9406
prescan,ds-id1,64,7168,2112,32,128,4096,native,0.500,2.000,136,66,264,0,2.3454,826.2,0.31,ok,0.9628
prescan,ds-id1,64,7168,2112,32,256,256,native,0.031,0.250,1008,924,3696,0,2.4299,797.5,3.31,ok,0.9293
prescan,ds-id1,64,7168,2112,32,256,512,native,0.062,0.500,504,462,1848,0,2.3946,809.2,0.36,ok,0.9430
prescan,ds-id1,64,7168,2112,32,256,1024,native,0.125,1.000,252,231,924,0,2.3045,840.8,0.71,ok,0.9799
prescan,ds-id1,64,7168,2112,32,256,2048,native,0.250,2.000,144,132,528,0,2.2809,849.5,2.17,ok,0.9900
prescan,ds-id1,64,7168,2112,32,256,4096,native,0.500,4.000,72,66,264,0,2.3201,835.2,0.05,ok,0.9733
prescan,ds-id1,64,7168,2112,32,512,256,native,0.031,0.500,560,924,3696,0,2.4017,806.8,2.50,ok,0.9403
prescan,ds-id1,64,7168,2112,32,512,512,native,0.062,1.000,280,462,1848,0,2.3237,833.9,2.95,ok,0.9718
prescan,ds-id1,64,7168,2112,32,512,1024,native,0.125,2.000,140,231,924,0,2.2405,864.9,2.25,ok,1.0079
prescan,ds-id1,64,7168,2112,32,512,2048,native,0.250,4.000,80,132,528,0,2.2240,871.3,3.34,ok,1.0154
prescan,ds-id1,64,7168,2112,32,512,4096,native,0.500,8.000,40,66,264,0,2.4452,792.5,1.24,ok,0.9235
prescan,ds-id1,64,7168,2112,32,1024,256,native,0.031,1.000,336,924,3696,0,2.3847,812.6,3.02,ok,0.9470
prescan,ds-id1,64,7168,2112,32,1024,512,native,0.062,2.000,168,462,1848,0,2.3027,841.5,2.84,ok,0.9807
prescan,ds-id1,64,7168,2112,32,1024,1024,native,0.125,4.000,84,231,924,0,2.2521,860.4,3.06,ok,1.0027
prescan,ds-id1,64,7168,2112,32,1024,2048,native,0.250,8.000,48,132,528,0,2.4361,795.5,0.85,ok,0.9270
prescan,ds-id1,64,7168,2112,32,1024,4096,native,0.500,16.000,24,66,264,0,3.2607,594.3,0.02,ok,0.6926
prescan,ds-id1,64,7168,2112,64,64,256,native,0.062,0.062,3696,924,3696,0,3.4848,556.1,1.39,ok,0.6480
prescan,ds-id1,64,7168,2112,64,64,512,native,0.125,0.125,1848,462,1848,0,3.0145,642.8,0.32,ok,0.7491
prescan,ds-id1,64,7168,2112,64,64,1024,native,0.250,0.250,924,231,924,0,2.7543,703.5,0.58,ok,0.8199
prescan,ds-id1,64,7168,2112,64,64,2048,native,0.500,0.500,528,132,528,0,2.7191,712.6,0.40,ok,0.8305
prescan,ds-id1,64,7168,2112,64,64,4096,native,1.000,1.000,264,66,264,0,2.6978,718.3,0.92,ok,0.8371
prescan,ds-id1,64,7168,2112,64,128,256,native,0.062,0.125,1904,924,3696,0,2.5837,750.0,0.18,ok,0.8740
prescan,ds-id1,64,7168,2112,64,128,512,native,0.125,0.250,952,462,1848,0,2.4848,779.9,0.29,ok,0.9088
prescan,ds-id1,64,7168,2112,64,128,1024,native,0.250,0.500,476,231,924,0,2.3644,819.5,0.29,ok,0.9551
prescan,ds-id1,64,7168,2112,64,128,2048,native,0.500,1.000,272,132,528,0,2.3390,828.4,0.87,ok,0.9654
prescan,ds-id1,64,7168,2112,64,128,4096,native,1.000,2.000,136,66,264,0,2.3248,833.5,0.63,ok,0.9713
prescan,ds-id1,64,7168,2112,64,256,256,native,0.062,0.250,1008,924,3696,0,2.4266,798.6,3.77,ok,0.9306
prescan,ds-id1,64,7168,2112,64,256,512,native,0.125,0.500,504,462,1848,0,2.3797,814.3,4.86,ok,0.9489
prescan,ds-id1,64,7168,2112,64,256,1024,native,0.250,1.000,252,231,924,0,2.2588,857.9,1.37,ok,0.9997
prescan,ds-id1,64,7168,2112,64,256,2048,native,0.500,2.000,144,132,528,0,2.2475,862.2,1.73,ok,1.0047
prescan,ds-id1,64,7168,2112,64,256,4096,native,1.000,4.000,72,66,264,0,2.2326,868.0,0.30,ok,1.0115
prescan,ds-id1,64,7168,2112,64,512,256,native,0.062,0.500,560,924,3696,0,2.3908,810.5,1.07,ok,0.9445
prescan,ds-id1,64,7168,2112,64,512,512,native,0.125,1.000,280,462,1848,0,2.3145,837.2,0.79,ok,0.9757
prescan,ds-id1,64,7168,2112,64,512,1024,native,0.250,2.000,140,231,924,0,2.1894,885.1,1.06,ok,1.0314
prescan,ds-id1,64,7168,2112,64,512,2048,native,0.500,4.000,80,132,528,0,2.2026,879.8,0.92,ok,1.0252
prescan,ds-id1,64,7168,2112,64,512,4096,native,1.000,8.000,40,66,264,0,2.5829,750.2,0.01,ok,0.8743
prescan,ds-id1,64,7168,2112,64,1024,256,native,0.062,1.000,336,924,3696,0,2.3843,812.7,1.35,ok,0.9471
prescan,ds-id1,64,7168,2112,64,1024,512,native,0.125,2.000,168,462,1848,0,2.2891,846.5,0.70,ok,0.9865
prescan,ds-id1,64,7168,2112,64,1024,1024,native,0.250,4.000,84,231,924,0,2.1942,883.1,0.85,ok,1.0292
prescan,ds-id1,64,7168,2112,64,1024,2048,native,0.500,8.000,48,132,528,0,2.5833,750.1,0.02,ok,0.8741
prescan,ds-id1,64,7168,2112,64,1024,4096,native,1.000,16.000,24,66,264,0,3.1635,612.5,2.11,ok,0.7138
prescan,ds-id1,64,7168,2112,128,64,256,native,0.062,0.062,3696,924,3696,0,3.5146,551.3,0.35,ok,0.6425
prescan,ds-id1,64,7168,2112,128,64,512,native,0.125,0.125,1848,462,1848,0,3.0745,630.3,1.71,ok,0.7345
prescan,ds-id1,64,7168,2112,128,64,1024,native,0.250,0.250,924,231,924,0,2.7987,692.4,2.68,ok,0.8069
prescan,ds-id1,64,7168,2112,128,64,2048,native,0.500,0.500,528,132,528,0,2.7221,711.9,0.32,ok,0.8296
prescan,ds-id1,64,7168,2112,128,64,4096,native,1.000,1.000,264,66,264,0,2.7181,712.9,1.46,ok,0.8308
prescan,ds-id1,64,7168,2112,128,128,256,native,0.062,0.125,1904,924,3696,0,2.5819,750.5,0.64,ok,0.8746
prescan,ds-id1,64,7168,2112,128,128,512,native,0.125,0.250,952,462,1848,0,2.4874,779.0,0.38,ok,0.9079
prescan,ds-id1,64,7168,2112,128,128,1024,native,0.250,0.500,476,231,924,0,2.3926,809.9,2.37,ok,0.9438
prescan,ds-id1,64,7168,2112,128,128,2048,native,0.500,1.000,272,132,528,0,2.3685,818.1,2.18,ok,0.9534
prescan,ds-id1,64,7168,2112,128,128,4096,native,1.000,2.000,136,66,264,0,2.3471,825.6,2.92,ok,0.9621
prescan,ds-id1,64,7168,2112,128,256,256,native,0.062,0.250,1008,924,3696,0,2.4340,796.1,2.35,ok,0.9278
prescan,ds-id1,64,7168,2112,128,256,512,native,0.125,0.500,504,462,1848,0,2.3959,808.8,2.41,ok,0.9425
prescan,ds-id1,64,7168,2112,128,256,1024,native,0.250,1.000,252,231,924,0,2.2334,867.6,3.12,ok,1.0111
prescan,ds-id1,64,7168,2112,128,256,2048,native,0.500,2.000,144,132,528,0,2.2249,870.9,3.50,ok,1.0149
prescan,ds-id1,64,7168,2112,128,256,4096,native,1.000,4.000,72,66,264,0,2.2192,873.2,2.21,ok,1.0176
prescan,ds-id1,64,7168,2112,128,512,256,native,0.062,0.500,560,924,3696,0,2.3306,831.4,1.61,ok,0.9689
prescan,ds-id1,64,7168,2112,128,512,512,native,0.125,1.000,280,462,1848,0,2.2589,857.8,1.60,ok,0.9997
prescan,ds-id1,64,7168,2112,128,512,1024,native,0.250,2.000,140,231,924,0,2.1674,894.0,2.67,ok,1.0419
prescan,ds-id1,64,7168,2112,128,512,2048,native,0.500,4.000,80,132,528,0,2.1971,881.9,1.97,ok,1.0278
prescan,ds-id1,64,7168,2112,128,512,4096,native,1.000,8.000,40,66,264,0,2.5554,758.3,1.97,ok,0.8837
prescan,ds-id1,64,7168,2112,128,1024,256,native,0.062,1.000,336,924,3696,0,2.3394,828.3,2.79,ok,0.9653
prescan,ds-id1,64,7168,2112,128,1024,512,native,0.125,2.000,168,462,1848,0,2.2697,853.7,2.95,ok,0.9949
prescan,ds-id1,64,7168,2112,128,1024,1024,native,0.250,4.000,84,231,924,0,2.1616,896.4,1.87,ok,1.0447
prescan,ds-id1,64,7168,2112,128,1024,2048,native,0.500,8.000,48,132,528,0,2.5555,758.3,1.79,ok,0.8837
prescan,ds-id1,64,7168,2112,128,1024,4096,native,1.000,16.000,24,66,264,0,3.1696,611.4,1.83,ok,0.7124
final,ds-id1,64,7168,2112,128,1024,1024,native,0.250,4.000,84,231,924,68,2.2083,877.5,1.45,ok,1.0438
final,ds-id1,64,7168,2112,128,512,1024,native,0.250,2.000,140,231,924,66,2.2420,864.3,1.45,ok,1.0281
final,ds-id1,64,7168,2112,64,512,1024,native,0.250,2.000,140,231,924,68,2.2537,859.8,1.00,ok,1.0228
final,ds-id1,64,7168,2112,64,1024,1024,native,0.250,4.000,84,231,924,65,2.2815,849.3,2.76,ok,1.0103
final,ds-id1,64,7168,2112,128,512,2048,native,0.500,4.000,80,132,528,64,2.2703,853.5,2.70,ok,1.0153
final,ds-id1,64,7168,2112,64,512,2048,native,0.500,4.000,80,132,528,64,2.2584,858.0,0.41,ok,1.0206
final,ds-id1,64,7168,2112,128,256,4096,native,1.000,4.000,72,66,264,67,2.2760,851.4,0.59,ok,1.0127
final,ds-id1,64,7168,2112,16,512,2048,native,0.125,4.000,80,132,528,66,2.2838,848.5,0.61,ok,1.0093
final,ds-id1,64,7168,2112,16,512,1024,native,0.062,2.000,140,231,924,66,2.2728,852.6,0.43,ok,1.0142
final,ds-id1,64,7168,2112,32,512,2048,native,0.250,4.000,80,132,528,67,2.2982,843.2,1.04,ok,1.0030
final,ds-id1,64,7168,2112,128,256,2048,native,0.500,2.000,144,132,528,65,2.3054,840.5,0.74,ok,0.9998
final,ds-id1,64,7168,2112,16,256,2048,native,0.125,2.000,144,132,528,65,2.3050,840.7,0.68,ok,1.0000
prescan,ds-id2,64,1536,24576,16,64,256,native,0.016,0.062,9216,2304,9216,0,9.5344,506.8,5.39,ok,0.6369
prescan,ds-id2,64,1536,24576,16,64,512,native,0.031,0.125,4608,1152,4608,0,8.7093,554.8,3.15,ok,0.6972
prescan,ds-id2,64,1536,24576,16,64,1024,native,0.062,0.250,3072,768,3072,0,8.5659,564.1,1.61,ok,0.7089
prescan,ds-id2,64,1536,24576,16,64,2048,native,0.094,0.375,1536,384,1536,0,7.5739,638.0,0.15,ok,0.8017
prescan,ds-id2,64,1536,24576,16,64,4096,native,0.094,0.375,1536,384,1536,0,7.4950,644.7,2.18,ok,0.8101
prescan,ds-id2,64,1536,24576,16,128,256,native,0.016,0.125,4608,2304,9216,0,8.1421,593.4,1.05,ok,0.7458
prescan,ds-id2,64,1536,24576,16,128,512,native,0.031,0.250,2304,1152,4608,0,7.3958,653.3,0.09,ok,0.8210
prescan,ds-id2,64,1536,24576,16,128,1024,native,0.062,0.500,1536,768,3072,0,7.4217,651.0,0.32,ok,0.8181
prescan,ds-id2,64,1536,24576,16,128,2048,native,0.094,0.750,768,384,1536,0,6.6701,724.4,2.27,ok,0.9103
prescan,ds-id2,64,1536,24576,16,128,4096,native,0.094,0.750,768,384,1536,0,6.6701,724.4,2.19,ok,0.9103
prescan,ds-id2,64,1536,24576,16,256,256,native,0.016,0.250,2304,2304,9216,0,8.0178,602.6,0.55,ok,0.7573
prescan,ds-id2,64,1536,24576,16,256,512,native,0.031,0.500,1152,1152,4608,0,7.0882,681.7,0.04,ok,0.8566
prescan,ds-id2,64,1536,24576,16,256,1024,native,0.062,1.000,768,768,3072,0,6.9976,690.5,0.72,ok,0.8677
prescan,ds-id2,64,1536,24576,16,256,2048,native,0.094,1.500,384,384,1536,0,6.0721,795.7,2.42,ok,1.0000
prescan,ds-id2,64,1536,24576,16,256,4096,native,0.094,1.500,384,384,1536,0,6.1440,786.4,0.06,ok,0.9883
prescan,ds-id2,64,1536,24576,16,512,256,native,0.016,0.500,1152,2304,9216,0,7.4736,646.5,2.49,ok,0.8125
prescan,ds-id2,64,1536,24576,16,512,512,native,0.031,1.000,576,1152,4608,0,6.8418,706.2,1.55,ok,0.8875
prescan,ds-id2,64,1536,24576,16,512,1024,native,0.062,2.000,384,768,3072,0,6.7965,710.9,0.36,ok,0.8934
prescan,ds-id2,64,1536,24576,16,512,2048,native,0.094,3.000,192,384,1536,0,5.9358,814.0,0.05,ok,1.0230
prescan,ds-id2,64,1536,24576,16,512,4096,native,0.094,3.000,192,384,1536,0,5.9373,813.8,0.05,ok,1.0227
prescan,ds-id2,64,1536,24576,16,1024,256,native,0.016,1.000,576,2304,9216,0,7.4304,650.3,1.54,ok,0.8172
prescan,ds-id2,64,1536,24576,16,1024,512,native,0.031,2.000,288,1152,4608,0,6.5649,736.0,1.63,ok,0.9249
prescan,ds-id2,64,1536,24576,16,1024,1024,native,0.062,4.000,192,768,3072,0,6.5150,741.6,2.80,ok,0.9320
prescan,ds-id2,64,1536,24576,16,1024,2048,native,0.094,6.000,96,384,1536,0,6.0853,794.0,2.63,ok,0.9978
prescan,ds-id2,64,1536,24576,16,1024,4096,native,0.094,6.000,96,384,1536,0,6.0877,793.7,2.68,ok,0.9974
prescan,ds-id2,64,1536,24576,32,64,256,native,0.031,0.062,9216,2304,9216,0,9.7491,495.6,6.74,ok,0.6228
prescan,ds-id2,64,1536,24576,32,64,512,native,0.062,0.125,4608,1152,4608,0,8.7756,550.6,1.30,ok,0.6919
prescan,ds-id2,64,1536,24576,32,64,1024,native,0.125,0.250,3072,768,3072,0,8.4535,571.6,0.26,ok,0.7183
prescan,ds-id2,64,1536,24576,32,64,2048,native,0.188,0.375,1536,384,1536,0,7.4470,648.8,2.34,ok,0.8154
prescan,ds-id2,64,1536,24576,32,64,4096,native,0.188,0.375,1536,384,1536,0,7.4466,648.9,2.37,ok,0.8154
prescan,ds-id2,64,1536,24576,32,128,256,native,0.031,0.125,4608,2304,9216,0,8.2207,587.8,1.22,ok,0.7386
prescan,ds-id2,64,1536,24576,32,128,512,native,0.062,0.250,2304,1152,4608,0,7.8599,614.7,0.79,ok,0.7725
prescan,ds-id2,64,1536,24576,32,128,1024,native,0.125,0.500,1536,768,3072,0,7.6448,632.0,0.38,ok,0.7943
prescan,ds-id2,64,1536,24576,32,128,2048,native,0.188,0.750,768,384,1536,0,6.6275,729.1,2.33,ok,0.9162
prescan,ds-id2,64,1536,24576,32,128,4096,native,0.188,0.750,768,384,1536,0,6.7046,720.7,0.04,ok,0.9056
prescan,ds-id2,64,1536,24576,32,256,256,native,0.031,0.250,2304,2304,9216,0,7.6641,630.4,2.26,ok,0.7923
prescan,ds-id2,64,1536,24576,32,256,512,native,0.062,0.500,1152,1152,4608,0,7.3308,659.1,0.98,ok,0.8283
prescan,ds-id2,64,1536,24576,32,256,1024,native,0.125,1.000,768,768,3072,0,7.1516,675.6,1.05,ok,0.8491
prescan,ds-id2,64,1536,24576,32,256,2048,native,0.188,1.500,384,384,1536,0,6.1555,785.0,0.04,ok,0.9865
prescan,ds-id2,64,1536,24576,32,256,4096,native,0.188,1.500,384,384,1536,0,6.1637,783.9,0.21,ok,0.9851
prescan,ds-id2,64,1536,24576,32,512,256,native,0.031,0.500,1152,2304,9216,0,7.4909,645.0,0.89,ok,0.8106
prescan,ds-id2,64,1536,24576,32,512,512,native,0.062,1.000,576,1152,4608,0,6.9092,699.3,2.19,ok,0.8788
prescan,ds-id2,64,1536,24576,32,512,1024,native,0.125,2.000,384,768,3072,0,6.7513,715.7,0.11,ok,0.8994
prescan,ds-id2,64,1536,24576,32,512,2048,native,0.188,3.000,192,384,1536,0,5.9537,811.6,0.06,ok,1.0199
prescan,ds-id2,64,1536,24576,32,512,4096,native,0.188,3.000,192,384,1536,0,5.9556,811.3,0.13,ok,1.0196
prescan,ds-id2,64,1536,24576,32,1024,256,native,0.031,1.000,576,2304,9216,0,7.2870,663.1,0.22,ok,0.8333
prescan,ds-id2,64,1536,24576,32,1024,512,native,0.062,2.000,288,1152,4608,0,6.7417,716.7,0.48,ok,0.9007
prescan,ds-id2,64,1536,24576,32,1024,1024,native,0.125,4.000,192,768,3072,0,6.6185,730.0,0.50,ok,0.9174
prescan,ds-id2,64,1536,24576,32,1024,2048,native,0.188,6.000,96,384,1536,0,6.0912,793.2,0.08,ok,0.9969
prescan,ds-id2,64,1536,24576,32,1024,4096,native,0.188,6.000,96,384,1536,0,6.0935,792.9,0.08,ok,0.9965
prescan,ds-id2,64,1536,24576,64,64,256,native,0.062,0.062,9216,2304,9216,0,9.6648,499.9,1.51,ok,0.6283
prescan,ds-id2,64,1536,24576,64,64,512,native,0.125,0.125,4608,1152,4608,0,8.7358,553.1,0.13,ok,0.6951
prescan,ds-id2,64,1536,24576,64,64,1024,native,0.250,0.250,3072,768,3072,0,8.4381,572.6,1.35,ok,0.7196
prescan,ds-id2,64,1536,24576,64,64,2048,native,0.375,0.375,1536,384,1536,0,7.4733,646.5,0.17,ok,0.8125
prescan,ds-id2,64,1536,24576,64,64,4096,native,0.375,0.375,1536,384,1536,0,7.4651,647.3,0.12,ok,0.8134
prescan,ds-id2,64,1536,24576,64,128,256,native,0.062,0.125,4608,2304,9216,0,7.7009,627.4,1.43,ok,0.7885
prescan,ds-id2,64,1536,24576,64,128,512,native,0.125,0.250,2304,1152,4608,0,7.3020,661.7,0.69,ok,0.8316
prescan,ds-id2,64,1536,24576,64,128,1024,native,0.250,0.500,1536,768,3072,0,7.2313,668.2,0.59,ok,0.8397
prescan,ds-id2,64,1536,24576,64,128,2048,native,0.375,0.750,768,384,1536,0,6.6973,721.5,0.05,ok,0.9066
prescan,ds-id2,64,1536,24576,64,128,4096,native,0.375,0.750,768,384,1536,0,6.6972,721.5,0.18,ok,0.9067
prescan,ds-id2,64,1536,24576,64,256,256,native,0.062,0.250,2304,2304,9216,0,7.3109,660.9,0.71,ok,0.8305
prescan,ds-id2,64,1536,24576,64,256,512,native,0.125,0.500,1152,1152,4608,0,6.8969,700.6,0.21,ok,0.8804
prescan,ds-id2,64,1536,24576,64,256,1024,native,0.250,1.000,768,768,3072,0,6.7896,711.6,1.23,ok,0.8943
prescan,ds-id2,64,1536,24576,64,256,2048,native,0.375,1.500,384,384,1536,0,6.2113,777.9,0.18,ok,0.9776
prescan,ds-id2,64,1536,24576,64,256,4096,native,0.375,1.500,384,384,1536,0,6.2154,777.4,0.00,ok,0.9769
prescan,ds-id2,64,1536,24576,64,512,256,native,0.062,0.500,1152,2304,9216,0,7.2345,667.9,0.37,ok,0.8393
prescan,ds-id2,64,1536,24576,64,512,512,native,0.125,1.000,576,1152,4608,0,6.7606,714.7,1.47,ok,0.8982
prescan,ds-id2,64,1536,24576,64,512,1024,native,0.250,2.000,384,768,3072,0,6.7046,720.7,0.49,ok,0.9057
prescan,ds-id2,64,1536,24576,64,512,2048,native,0.375,3.000,192,384,1536,0,6.0306,801.2,0.09,ok,1.0069
prescan,ds-id2,64,1536,24576,64,512,4096,native,0.375,3.000,192,384,1536,0,6.0258,801.9,0.01,ok,1.0077
prescan,ds-id2,64,1536,24576,64,1024,256,native,0.062,1.000,576,2304,9216,0,7.2809,663.6,0.28,ok,0.8340
prescan,ds-id2,64,1536,24576,64,1024,512,native,0.125,2.000,288,1152,4608,0,6.7273,718.2,0.17,ok,0.9026
prescan,ds-id2,64,1536,24576,64,1024,1024,native,0.250,4.000,192,768,3072,0,6.7425,716.6,0.81,ok,0.9006
prescan,ds-id2,64,1536,24576,64,1024,2048,native,0.375,6.000,96,384,1536,0,6.0980,792.4,0.13,ok,0.9958
prescan,ds-id2,64,1536,24576,64,1024,4096,native,0.375,6.000,96,384,1536,0,6.1345,787.6,0.63,ok,0.9898
prescan,ds-id2,64,1536,24576,128,64,256,native,0.062,0.062,9216,2304,9216,0,9.8864,488.7,4.16,ok,0.6142
prescan,ds-id2,64,1536,24576,128,64,512,native,0.125,0.125,4608,1152,4608,0,8.9667,538.9,4.29,ok,0.6772
prescan,ds-id2,64,1536,24576,128,64,1024,native,0.250,0.250,3072,768,3072,0,8.4527,571.6,2.39,ok,0.7184
prescan,ds-id2,64,1536,24576,128,64,2048,native,0.375,0.375,1536,384,1536,0,7.4658,647.2,0.05,ok,0.8133
prescan,ds-id2,64,1536,24576,128,64,4096,native,0.375,0.375,1536,384,1536,0,7.4630,647.4,0.07,ok,0.8136
prescan,ds-id2,64,1536,24576,128,128,256,native,0.062,0.125,4608,2304,9216,0,7.6719,629.8,0.70,ok,0.7915
prescan,ds-id2,64,1536,24576,128,128,512,native,0.125,0.250,2304,1152,4608,0,7.3511,657.3,0.40,ok,0.8260
prescan,ds-id2,64,1536,24576,128,128,1024,native,0.250,0.500,1536,768,3072,0,7.2459,666.8,0.54,ok,0.8380
prescan,ds-id2,64,1536,24576,128,128,2048,native,0.375,0.750,768,384,1536,0,6.6998,721.2,0.03,ok,0.9063
prescan,ds-id2,64,1536,24576,128,128,4096,native,0.375,0.750,768,384,1536,0,6.7029,720.9,0.13,ok,0.9059
prescan,ds-id2,64,1536,24576,128,256,256,native,0.062,0.250,2304,2304,9216,0,7.2856,663.2,0.01,ok,0.8334
prescan,ds-id2,64,1536,24576,128,256,512,native,0.125,0.500,1152,1152,4608,0,6.9393,696.3,1.85,ok,0.8750
prescan,ds-id2,64,1536,24576,128,256,1024,native,0.250,1.000,768,768,3072,0,6.8603,704.3,1.15,ok,0.8851
prescan,ds-id2,64,1536,24576,128,256,2048,native,0.375,1.500,384,384,1536,0,6.2203,776.8,0.06,ok,0.9762
prescan,ds-id2,64,1536,24576,128,256,4096,native,0.375,1.500,384,384,1536,0,6.2179,777.1,0.03,ok,0.9765
prescan,ds-id2,64,1536,24576,128,512,256,native,0.062,0.500,1152,2304,9216,0,7.2472,666.7,0.00,ok,0.8378
prescan,ds-id2,64,1536,24576,128,512,512,native,0.125,1.000,576,1152,4608,0,6.7547,715.3,0.69,ok,0.8989
prescan,ds-id2,64,1536,24576,128,512,1024,native,0.250,2.000,384,768,3072,0,6.6968,721.5,0.01,ok,0.9067
prescan,ds-id2,64,1536,24576,128,512,2048,native,0.375,3.000,192,384,1536,0,6.0237,802.1,0.14,ok,1.0080
prescan,ds-id2,64,1536,24576,128,512,4096,native,0.375,3.000,192,384,1536,0,6.0247,802.0,0.10,ok,1.0079
prescan,ds-id2,64,1536,24576,128,1024,256,native,0.062,1.000,576,2304,9216,0,7.2449,666.9,0.28,ok,0.8381
prescan,ds-id2,64,1536,24576,128,1024,512,native,0.125,2.000,288,1152,4608,0,6.7028,720.9,0.02,ok,0.9059
prescan,ds-id2,64,1536,24576,128,1024,1024,native,0.250,4.000,192,768,3072,0,6.6795,723.4,0.10,ok,0.9091
prescan,ds-id2,64,1536,24576,128,1024,2048,native,0.375,6.000,96,384,1536,0,6.0954,792.7,0.08,ok,0.9962
prescan,ds-id2,64,1536,24576,128,1024,4096,native,0.375,6.000,96,384,1536,0,6.0994,792.2,0.14,ok,0.9955
final,ds-id2,64,1536,24576,16,512,2048,native,0.094,3.000,192,384,1536,23,6.2687,770.8,0.45,ok,1.0121
final,ds-id2,64,1536,24576,16,512,4096,native,0.094,3.000,192,384,1536,23,6.2223,776.5,2.42,ok,1.0197
final,ds-id2,64,1536,24576,32,512,2048,native,0.188,3.000,192,384,1536,24,6.2262,776.1,1.03,ok,1.0191
final,ds-id2,64,1536,24576,32,512,4096,native,0.188,3.000,192,384,1536,24,6.1609,784.3,2.03,ok,1.0299
final,ds-id2,64,1536,24576,128,512,2048,native,0.375,3.000,192,384,1536,24,6.2087,778.2,0.23,ok,1.0219
final,ds-id2,64,1536,24576,128,512,4096,native,0.375,3.000,192,384,1536,24,6.2048,778.7,0.16,ok,1.0226
final,ds-id2,64,1536,24576,64,512,4096,native,0.375,3.000,192,384,1536,24,6.2065,778.5,0.07,ok,1.0223
final,ds-id2,64,1536,24576,64,512,2048,native,0.375,3.000,192,384,1536,24,6.2070,778.5,0.12,ok,1.0222
final,ds-id2,64,1536,24576,16,256,2048,native,0.094,1.500,384,384,1536,23,6.3448,761.5,0.16,ok,1.0000
final,ds-id2,64,1536,24576,16,1024,2048,native,0.094,6.000,96,384,1536,23,6.2257,776.1,2.53,ok,1.0191
final,ds-id2,64,1536,24576,16,1024,4096,native,0.094,6.000,96,384,1536,24,6.2258,776.1,0.50,ok,1.0191
final,ds-id2,64,1536,24576,32,1024,2048,native,0.188,6.000,96,384,1536,23,6.2992,767.1,0.30,ok,1.0072
final,ds-id2,64,1536,24576,32,1024,4096,native,0.188,6.000,96,384,1536,24,6.1054,791.4,0.47,ok,1.0392
final,ds-id2,64,1536,24576,128,1024,2048,native,0.375,6.000,96,384,1536,24,6.1179,789.8,2.73,ok,1.0371
final,ds-id2,64,1536,24576,64,1024,2048,native,0.375,6.000,96,384,1536,23,6.2832,769.0,1.77,ok,1.0098
final,ds-id2,64,1536,24576,128,1024,4096,native,0.375,6.000,96,384,1536,22,6.4573,748.3,0.68,ok,0.9826
prescan,ds-id3,64,512,32768,16,64,256,native,0.016,0.062,4096,1024,4096,0,4.1558,516.7,3.93,ok,0.6827
prescan,ds-id3,64,512,32768,16,64,512,native,0.031,0.125,2048,512,2048,0,3.3197,646.9,0.02,ok,0.8546
prescan,ds-id3,64,512,32768,16,64,1024,native,0.031,0.125,2048,512,2048,0,3.3236,646.1,0.16,ok,0.8536
prescan,ds-id3,64,512,32768,16,64,2048,native,0.031,0.125,2048,512,2048,0,3.3258,645.7,0.21,ok,0.8530
prescan,ds-id3,64,512,32768,16,64,4096,native,0.031,0.125,2048,512,2048,0,3.3216,646.5,0.16,ok,0.8541
prescan,ds-id3,64,512,32768,16,128,256,native,0.016,0.125,2048,1024,4096,0,3.6551,587.5,0.04,ok,0.7762
prescan,ds-id3,64,512,32768,16,128,512,native,0.031,0.250,1024,512,2048,0,2.9741,722.1,0.01,ok,0.9539
prescan,ds-id3,64,512,32768,16,128,1024,native,0.031,0.250,1024,512,2048,0,2.9714,722.7,0.23,ok,0.9548
prescan,ds-id3,64,512,32768,16,128,2048,native,0.031,0.250,1024,512,2048,0,3.0199,711.1,3.06,ok,0.9394
prescan,ds-id3,64,512,32768,16,128,4096,native,0.031,0.250,1024,512,2048,0,2.9750,721.8,0.64,ok,0.9536
prescan,ds-id3,64,512,32768,16,256,256,native,0.016,0.250,1024,1024,4096,0,3.5091,612.0,0.15,ok,0.8085
prescan,ds-id3,64,512,32768,16,256,512,native,0.031,0.500,512,512,2048,0,2.7828,771.7,0.00,ok,1.0195
prescan,ds-id3,64,512,32768,16,256,1024,native,0.031,0.500,512,512,2048,0,2.8301,758.8,2.82,ok,1.0024
prescan,ds-id3,64,512,32768,16,256,2048,native,0.031,0.500,512,512,2048,0,2.8370,757.0,3.57,ok,1.0000
prescan,ds-id3,64,512,32768,16,256,4096,native,0.031,0.500,512,512,2048,0,2.8432,755.3,3.23,ok,0.9978
prescan,ds-id3,64,512,32768,16,512,256,native,0.016,0.500,512,1024,4096,0,3.3230,646.2,0.06,ok,0.8537
prescan,ds-id3,64,512,32768,16,512,512,native,0.031,1.000,256,512,2048,0,2.7210,789.2,1.03,ok,1.0426
prescan,ds-id3,64,512,32768,16,512,1024,native,0.031,1.000,256,512,2048,0,2.7497,781.0,3.24,ok,1.0317
prescan,ds-id3,64,512,32768,16,512,2048,native,0.031,1.000,256,512,2048,0,2.7571,778.9,2.71,ok,1.0290
prescan,ds-id3,64,512,32768,16,512,4096,native,0.031,1.000,256,512,2048,0,2.7978,767.6,0.26,ok,1.0140
prescan,ds-id3,64,512,32768,16,1024,256,native,0.016,1.000,256,1024,4096,0,3.2555,659.6,1.99,ok,0.8714
prescan,ds-id3,64,512,32768,16,1024,512,native,0.031,2.000,128,512,2048,0,2.7152,790.9,2.89,ok,1.0448
prescan,ds-id3,64,512,32768,16,1024,1024,native,0.031,2.000,128,512,2048,0,2.7364,784.8,1.39,ok,1.0368
prescan,ds-id3,64,512,32768,16,1024,2048,native,0.031,2.000,128,512,2048,0,2.7601,778.1,0.36,ok,1.0279
prescan,ds-id3,64,512,32768,16,1024,4096,native,0.031,2.000,128,512,2048,0,2.7657,776.5,0.12,ok,1.0258
prescan,ds-id3,64,512,32768,32,64,256,native,0.031,0.062,4096,1024,4096,0,4.1325,519.7,0.81,ok,0.6865
prescan,ds-id3,64,512,32768,32,64,512,native,0.062,0.125,2048,512,2048,0,3.3202,646.8,0.01,ok,0.8545
prescan,ds-id3,64,512,32768,32,64,1024,native,0.062,0.125,2048,512,2048,0,3.3209,646.7,0.08,ok,0.8543
prescan,ds-id3,64,512,32768,32,64,2048,native,0.062,0.125,2048,512,2048,0,3.3205,646.7,0.04,ok,0.8544
prescan,ds-id3,64,512,32768,32,64,4096,native,0.062,0.125,2048,512,2048,0,3.3166,647.5,0.34,ok,0.8554
prescan,ds-id3,64,512,32768,32,128,256,native,0.031,0.125,2048,1024,4096,0,3.6897,582.0,0.20,ok,0.7689
prescan,ds-id3,64,512,32768,32,128,512,native,0.062,0.250,1024,512,2048,0,2.9706,722.9,0.33,ok,0.9550
prescan,ds-id3,64,512,32768,32,128,1024,native,0.062,0.250,1024,512,2048,0,2.9824,720.0,1.24,ok,0.9512
prescan,ds-id3,64,512,32768,32,128,2048,native,0.062,0.250,1024,512,2048,0,2.9875,718.8,1.61,ok,0.9496
prescan,ds-id3,64,512,32768,32,128,4096,native,0.062,0.250,1024,512,2048,0,3.0146,712.4,3.20,ok,0.9411
prescan,ds-id3,64,512,32768,32,256,256,native,0.031,0.250,1024,1024,4096,0,3.4004,631.5,0.48,ok,0.8343
prescan,ds-id3,64,512,32768,32,256,512,native,0.062,0.500,512,512,2048,0,2.7894,769.9,0.01,ok,1.0170
prescan,ds-id3,64,512,32768,32,256,1024,native,0.062,0.500,512,512,2048,0,2.8376,756.8,3.29,ok,0.9998
prescan,ds-id3,64,512,32768,32,256,2048,native,0.062,0.500,512,512,2048,0,2.8392,756.4,3.32,ok,0.9992
prescan,ds-id3,64,512,32768,32,256,4096,native,0.062,0.500,512,512,2048,0,2.8914,742.7,0.21,ok,0.9812
prescan,ds-id3,64,512,32768,32,512,256,native,0.031,0.500,512,1024,4096,0,3.2658,657.6,0.58,ok,0.8687
prescan,ds-id3,64,512,32768,32,512,512,native,0.062,1.000,256,512,2048,0,2.7421,783.1,1.71,ok,1.0346
prescan,ds-id3,64,512,32768,32,512,1024,native,0.062,1.000,256,512,2048,0,2.8036,766.0,0.32,ok,1.0119
prescan,ds-id3,64,512,32768,32,512,2048,native,0.062,1.000,256,512,2048,0,2.8031,766.1,0.30,ok,1.0121
prescan,ds-id3,64,512,32768,32,512,4096,native,0.062,1.000,256,512,2048,0,2.8030,766.1,0.16,ok,1.0121
prescan,ds-id3,64,512,32768,32,1024,256,native,0.031,1.000,256,1024,4096,0,3.2485,661.1,4.15,ok,0.8733
prescan,ds-id3,64,512,32768,32,1024,512,native,0.062,2.000,128,512,2048,0,2.7658,776.5,0.20,ok,1.0258
prescan,ds-id3,64,512,32768,32,1024,1024,native,0.062,2.000,128,512,2048,0,2.7666,776.2,0.01,ok,1.0255
prescan,ds-id3,64,512,32768,32,1024,2048,native,0.062,2.000,128,512,2048,0,2.7647,776.7,0.17,ok,1.0261
prescan,ds-id3,64,512,32768,32,1024,4096,native,0.062,2.000,128,512,2048,0,2.7633,777.1,0.34,ok,1.0267
prescan,ds-id3,64,512,32768,64,64,256,native,0.062,0.062,4096,1024,4096,0,4.0575,529.3,0.25,ok,0.6992
prescan,ds-id3,64,512,32768,64,64,512,native,0.125,0.125,2048,512,2048,0,3.3148,647.8,0.24,ok,0.8559
prescan,ds-id3,64,512,32768,64,64,1024,native,0.125,0.125,2048,512,2048,0,3.3168,647.4,0.34,ok,0.8553
prescan,ds-id3,64,512,32768,64,64,2048,native,0.125,0.125,2048,512,2048,0,3.3183,647.2,0.08,ok,0.8550
prescan,ds-id3,64,512,32768,64,64,4096,native,0.125,0.125,2048,512,2048,0,3.3248,645.9,0.16,ok,0.8533
prescan,ds-id3,64,512,32768,64,128,256,native,0.062,0.125,2048,1024,4096,0,3.4404,624.2,0.10,ok,0.8246
prescan,ds-id3,64,512,32768,64,128,512,native,0.125,0.250,1024,512,2048,0,2.9749,721.9,0.30,ok,0.9537
prescan,ds-id3,64,512,32768,64,128,1024,native,0.125,0.250,1024,512,2048,0,3.0163,712.0,3.28,ok,0.9405
prescan,ds-id3,64,512,32768,64,128,2048,native,0.125,0.250,1024,512,2048,0,3.0434,705.6,1.69,ok,0.9322
prescan,ds-id3,64,512,32768,64,128,4096,native,0.125,0.250,1024,512,2048,0,3.0702,699.5,0.31,ok,0.9241
prescan,ds-id3,64,512,32768,64,256,256,native,0.062,0.250,1024,1024,4096,0,3.2328,664.3,0.73,ok,0.8776
prescan,ds-id3,64,512,32768,64,256,512,native,0.125,0.500,512,512,2048,0,2.8478,754.1,3.46,ok,0.9962
prescan,ds-id3,64,512,32768,64,256,1024,native,0.125,0.500,512,512,2048,0,2.8931,742.3,0.31,ok,0.9806
prescan,ds-id3,64,512,32768,64,256,2048,native,0.125,0.500,512,512,2048,0,2.8937,742.1,0.10,ok,0.9804
prescan,ds-id3,64,512,32768,64,256,4096,native,0.125,0.500,512,512,2048,0,2.8930,742.3,0.20,ok,0.9806
prescan,ds-id3,64,512,32768,64,512,256,native,0.062,0.500,512,1024,4096,0,3.2175,667.4,1.29,ok,0.8817
prescan,ds-id3,64,512,32768,64,512,512,native,0.125,1.000,256,512,2048,0,2.8026,766.3,0.20,ok,1.0123
prescan,ds-id3,64,512,32768,64,512,1024,native,0.125,1.000,256,512,2048,0,2.8034,766.0,0.26,ok,1.0120
prescan,ds-id3,64,512,32768,64,512,2048,native,0.125,1.000,256,512,2048,0,2.8040,765.9,0.23,ok,1.0118
prescan,ds-id3,64,512,32768,64,512,4096,native,0.125,1.000,256,512,2048,0,2.8038,765.9,0.30,ok,1.0118
prescan,ds-id3,64,512,32768,64,1024,256,native,0.062,1.000,256,1024,4096,0,3.3016,650.4,1.44,ok,0.8593
prescan,ds-id3,64,512,32768,64,1024,512,native,0.125,2.000,128,512,2048,0,2.7532,780.0,0.76,ok,1.0304
prescan,ds-id3,64,512,32768,64,1024,1024,native,0.125,2.000,128,512,2048,0,2.7605,777.9,0.32,ok,1.0277
prescan,ds-id3,64,512,32768,64,1024,2048,native,0.125,2.000,128,512,2048,0,2.7604,778.0,0.32,ok,1.0278
prescan,ds-id3,64,512,32768,64,1024,4096,native,0.125,2.000,128,512,2048,0,2.7602,778.0,0.28,ok,1.0278
prescan,ds-id3,64,512,32768,128,64,256,native,0.062,0.062,4096,1024,4096,0,4.1039,523.3,3.08,ok,0.6913
prescan,ds-id3,64,512,32768,128,64,512,native,0.125,0.125,2048,512,2048,0,3.3167,647.5,0.39,ok,0.8554
prescan,ds-id3,64,512,32768,128,64,1024,native,0.125,0.125,2048,512,2048,0,3.3100,648.8,0.01,ok,0.8571
prescan,ds-id3,64,512,32768,128,64,2048,native,0.125,0.125,2048,512,2048,0,3.3166,647.5,0.43,ok,0.8554
prescan,ds-id3,64,512,32768,128,64,4096,native,0.125,0.125,2048,512,2048,0,3.3196,646.9,0.16,ok,0.8546
prescan,ds-id3,64,512,32768,128,128,256,native,0.062,0.125,2048,1024,4096,0,3.4300,626.1,0.05,ok,0.8271
prescan,ds-id3,64,512,32768,128,128,512,native,0.125,0.250,1024,512,2048,0,2.9723,722.5,0.33,ok,0.9545
prescan,ds-id3,64,512,32768,128,128,1024,native,0.125,0.250,1024,512,2048,0,3.0370,707.1,2.49,ok,0.9341
prescan,ds-id3,64,512,32768,128,128,2048,native,0.125,0.250,1024,512,2048,0,3.0693,699.7,0.32,ok,0.9243
prescan,ds-id3,64,512,32768,128,128,4096,native,0.125,0.250,1024,512,2048,0,3.0559,702.7,1.47,ok,0.9284
prescan,ds-id3,64,512,32768,128,256,256,native,0.062,0.250,1024,1024,4096,0,3.2347,663.9,1.23,ok,0.8770
prescan,ds-id3,64,512,32768,128,256,512,native,0.125,0.500,512,512,2048,0,2.8946,741.9,0.00,ok,0.9801
prescan,ds-id3,64,512,32768,128,256,1024,native,0.125,0.500,512,512,2048,0,2.8939,742.1,0.30,ok,0.9803
prescan,ds-id3,64,512,32768,128,256,2048,native,0.125,0.500,512,512,2048,0,2.8934,742.2,0.36,ok,0.9805
prescan,ds-id3,64,512,32768,128,256,4096,native,0.125,0.500,512,512,2048,0,2.8909,742.8,0.40,ok,0.9813
prescan,ds-id3,64,512,32768,128,512,256,native,0.062,0.500,512,1024,4096,0,3.1876,673.7,0.33,ok,0.8900
prescan,ds-id3,64,512,32768,128,512,512,native,0.125,1.000,256,512,2048,0,2.7981,767.5,0.71,ok,1.0139
prescan,ds-id3,64,512,32768,128,512,1024,native,0.125,1.000,256,512,2048,0,2.8041,765.8,0.27,ok,1.0117
prescan,ds-id3,64,512,32768,128,512,2048,native,0.125,1.000,256,512,2048,0,2.8044,765.8,0.23,ok,1.0116
prescan,ds-id3,64,512,32768,128,512,4096,native,0.125,1.000,256,512,2048,0,2.8049,765.6,0.00,ok,1.0114
prescan,ds-id3,64,512,32768,128,1024,256,native,0.062,1.000,256,1024,4096,0,3.3903,633.4,6.18,ok,0.8368
prescan,ds-id3,64,512,32768,128,1024,512,native,0.125,2.000,128,512,2048,0,2.7932,768.8,0.56,ok,1.0157
prescan,ds-id3,64,512,32768,128,1024,1024,native,0.125,2.000,128,512,2048,0,2.7635,777.1,0.41,ok,1.0266
prescan,ds-id3,64,512,32768,128,1024,2048,native,0.125,2.000,128,512,2048,0,2.7645,776.8,0.05,ok,1.0262
prescan,ds-id3,64,512,32768,128,1024,4096,native,0.125,2.000,128,512,2048,0,2.7605,777.9,0.37,ok,1.0277
final,ds-id3,64,512,32768,16,1024,512,native,0.031,2.000,128,512,2048,54,2.7666,776.2,0.59,ok,1.0413
final,ds-id3,64,512,32768,16,512,512,native,0.031,1.000,256,512,2048,52,2.8071,765.0,0.64,ok,1.0263
final,ds-id3,64,512,32768,16,1024,1024,native,0.031,2.000,128,512,2048,54,2.7668,776.2,1.50,ok,1.0412
final,ds-id3,64,512,32768,32,512,512,native,0.062,1.000,256,512,2048,52,2.8108,764.0,3.10,ok,1.0249
final,ds-id3,64,512,32768,16,512,1024,native,0.031,1.000,256,512,2048,53,2.8086,764.6,0.41,ok,1.0257
final,ds-id3,64,512,32768,64,1024,512,native,0.125,2.000,128,512,2048,52,2.7855,771.0,0.96,ok,1.0342
final,ds-id3,64,512,32768,16,512,2048,native,0.031,1.000,256,512,2048,51,2.8000,766.9,0.37,ok,1.0289
final,ds-id3,64,512,32768,16,1024,2048,native,0.031,2.000,128,512,2048,54,2.7705,775.1,0.72,ok,1.0398
final,ds-id3,64,512,32768,64,1024,4096,native,0.125,2.000,128,512,2048,54,2.7716,774.8,1.51,ok,1.0394
final,ds-id3,64,512,32768,64,1024,2048,native,0.125,2.000,128,512,2048,54,2.8060,765.3,1.98,ok,1.0267
final,ds-id3,64,512,32768,128,1024,4096,native,0.125,2.000,128,512,2048,54,2.7855,770.9,1.98,ok,1.0342
final,ds-id3,64,512,32768,64,1024,1024,native,0.125,2.000,128,512,2048,53,2.7756,773.7,1.84,ok,1.0379
final,ds-id3,64,512,32768,32,1024,4096,native,0.062,2.000,128,512,2048,52,2.7705,775.1,1.04,ok,1.0398
final,ds-id3,64,512,32768,128,1024,1024,native,0.125,2.000,128,512,2048,55,2.7658,776.4,0.38,ok,1.0416
final,ds-id3,64,512,32768,128,1024,2048,native,0.125,2.000,128,512,2048,54,2.7592,778.3,0.19,ok,1.0441
final,ds-id3,64,512,32768,32,1024,2048,native,0.062,2.000,128,512,2048,54,2.8179,762.1,2.53,ok,1.0223
final,ds-id3,64,512,32768,16,1024,4096,native,0.031,2.000,128,512,2048,54,2.8078,764.8,1.67,ok,1.0260
final,ds-id3,64,512,32768,32,1024,512,native,0.062,2.000,128,512,2048,52,2.8104,764.1,2.31,ok,1.0251
final,ds-id3,64,512,32768,32,1024,1024,native,0.062,2.000,128,512,2048,52,2.7738,774.2,1.41,ok,1.0386
final,ds-id3,64,512,32768,16,256,512,native,0.031,0.500,512,512,2048,51,2.8903,743.0,0.33,ok,0.9967
final,ds-id3,64,512,32768,32,256,512,native,0.062,0.500,512,512,2048,51,2.8878,743.7,0.28,ok,0.9976
final,ds-id3,64,512,32768,128,1024,512,native,0.125,2.000,128,512,2048,54,2.7707,775.1,0.48,ok,1.0398
final,ds-id3,64,512,32768,16,256,2048,native,0.031,0.500,512,512,2048,51,2.8809,745.4,6.44,ok,1.0000
prescan,ds-id4,64,16384,7168,16,64,256,native,0.016,0.062,28672,7168,28672,0,28.3695,529.9,1.10,ok,0.6942
prescan,ds-id4,64,16384,7168,16,64,512,native,0.031,0.125,14336,3584,14336,0,24.2546,619.8,5.89,ok,0.8120
prescan,ds-id4,64,16384,7168,16,64,1024,native,0.062,0.250,7168,1792,7168,0,24.7623,607.1,0.01,ok,0.7953
prescan,ds-id4,64,16384,7168,16,64,2048,native,0.125,0.500,3584,896,3584,0,22.9543,654.9,1.53,ok,0.8580
prescan,ds-id4,64,16384,7168,16,64,4096,native,0.250,1.000,1792,448,1792,0,23.0770,651.4,2.76,ok,0.8534
prescan,ds-id4,64,16384,7168,16,128,256,native,0.016,0.125,14336,7168,28672,0,22.8798,657.0,2.61,ok,0.8608
prescan,ds-id4,64,16384,7168,16,128,512,native,0.031,0.250,7168,3584,14336,0,21.4735,700.0,4.73,ok,0.9172
prescan,ds-id4,64,16384,7168,16,128,1024,native,0.062,0.500,3584,1792,7168,0,22.0150,682.8,2.80,ok,0.8946
prescan,ds-id4,64,16384,7168,16,128,2048,native,0.125,1.000,1792,896,3584,0,20.7115,725.8,5.10,ok,0.9509
prescan,ds-id4,64,16384,7168,16,128,4096,native,0.250,2.000,896,448,1792,0,21.0991,712.5,3.34,ok,0.9334
prescan,ds-id4,64,16384,7168,16,256,256,native,0.016,0.250,7168,7168,28672,0,22.2601,675.3,3.07,ok,0.8848
prescan,ds-id4,64,16384,7168,16,256,512,native,0.031,0.500,3584,3584,14336,0,20.9615,717.1,4.04,ok,0.9396
prescan,ds-id4,64,16384,7168,16,256,1024,native,0.062,1.000,1792,1792,7168,0,21.3758,703.2,4.45,ok,0.9214
prescan,ds-id4,64,16384,7168,16,256,2048,native,0.125,2.000,896,896,3584,0,19.6946,763.3,3.34,ok,1.0000
prescan,ds-id4,64,16384,7168,16,256,4096,native,0.250,4.000,448,448,1792,0,20.0256,750.7,0.97,ok,0.9835
prescan,ds-id4,64,16384,7168,16,512,256,native,0.016,0.500,3584,7168,28672,0,21.1569,710.5,5.92,ok,0.9309
prescan,ds-id4,64,16384,7168,16,512,512,native,0.031,1.000,1792,3584,14336,0,20.7850,723.2,8.22,ok,0.9475
prescan,ds-id4,64,16384,7168,16,512,1024,native,0.062,2.000,896,1792,7168,0,20.2075,743.9,2.99,ok,0.9746
prescan,ds-id4,64,16384,7168,16,512,2048,native,0.125,4.000,448,896,3584,0,19.0220,790.3,3.12,ok,1.0354
prescan,ds-id4,64,16384,7168,16,512,4096,native,0.250,8.000,224,448,1792,0,20.5762,730.6,3.67,ok,0.9572
prescan,ds-id4,64,16384,7168,16,1024,256,native,0.016,1.000,1792,7168,28672,0,19.4217,774.0,3.58,ok,1.0140
prescan,ds-id4,64,16384,7168,16,1024,512,native,0.031,2.000,896,3584,14336,0,18.6509,806.0,2.69,ok,1.0560
prescan,ds-id4,64,16384,7168,16,1024,1024,native,0.062,4.000,448,1792,7168,0,18.9086,795.0,4.08,ok,1.0416
prescan,ds-id4,64,16384,7168,16,1024,2048,native,0.125,8.000,224,896,3584,0,20.1128,747.4,2.64,ok,0.9792
prescan,ds-id4,64,16384,7168,16,1024,4096,native,0.250,16.000,112,448,1792,0,34.7161,433.0,0.57,ok,0.5673
prescan,ds-id4,64,16384,7168,32,64,256,native,0.031,0.062,28672,7168,28672,0,29.9750,501.5,3.51,ok,0.6570
prescan,ds-id4,64,16384,7168,32,64,512,native,0.062,0.125,14336,3584,14336,0,24.9386,602.8,2.65,ok,0.7897
prescan,ds-id4,64,16384,7168,32,64,1024,native,0.125,0.250,7168,1792,7168,0,25.3219,593.7,0.59,ok,0.7778
prescan,ds-id4,64,16384,7168,32,64,2048,native,0.250,0.500,3584,896,3584,0,23.4019,642.4,1.41,ok,0.8416
prescan,ds-id4,64,16384,7168,32,64,4096,native,0.500,1.000,1792,448,1792,0,23.4912,639.9,2.01,ok,0.8384
prescan,ds-id4,64,16384,7168,32,128,256,native,0.031,0.125,14336,7168,28672,0,22.9705,654.4,1.53,ok,0.8574
prescan,ds-id4,64,16384,7168,32,128,512,native,0.062,0.250,7168,3584,14336,0,22.6813,662.8,2.62,ok,0.8683
prescan,ds-id4,64,16384,7168,32,128,1024,native,0.125,0.500,3584,1792,7168,0,23.1599,649.1,0.94,ok,0.8504
prescan,ds-id4,64,16384,7168,32,128,2048,native,0.250,1.000,1792,896,3584,0,20.8835,719.8,2.67,ok,0.9431
prescan,ds-id4,64,16384,7168,32,128,4096,native,0.500,2.000,896,448,1792,0,21.0744,713.3,2.56,ok,0.9345
prescan,ds-id4,64,16384,7168,32,256,256,native,0.031,0.250,7168,7168,28672,0,21.3329,704.7,7.88,ok,0.9232
prescan,ds-id4,64,16384,7168,32,256,512,native,0.062,0.500,3584,3584,14336,0,21.2130,708.6,1.75,ok,0.9284
prescan,ds-id4,64,16384,7168,32,256,1024,native,0.125,1.000,1792,1792,7168,0,21.0478,714.2,1.29,ok,0.9357
prescan,ds-id4,64,16384,7168,32,256,2048,native,0.250,2.000,896,896,3584,0,20.4388,735.5,10.16,ok,0.9636
prescan,ds-id4,64,16384,7168,32,256,4096,native,0.500,4.000,448,448,1792,0,21.0373,714.6,14.99,ok,0.9362
prescan,ds-id4,64,16384,7168,32,512,256,native,0.031,0.500,3584,7168,28672,0,20.8527,720.9,4.81,ok,0.9445
prescan,ds-id4,64,16384,7168,32,512,512,native,0.062,1.000,1792,3584,14336,0,20.7524,724.4,4.48,ok,0.9490
prescan,ds-id4,64,16384,7168,32,512,1024,native,0.125,2.000,896,1792,7168,0,19.9008,755.4,5.57,ok,0.9896
prescan,ds-id4,64,16384,7168,32,512,2048,native,0.250,4.000,448,896,3584,0,19.6336,765.6,8.74,ok,1.0031
prescan,ds-id4,64,16384,7168,32,512,4096,native,0.500,8.000,224,448,1792,0,22.2753,674.8,17.00,ok,0.8841
prescan,ds-id4,64,16384,7168,32,1024,256,native,0.031,1.000,1792,7168,28672,0,20.3729,737.9,12.23,ok,0.9667
prescan,ds-id4,64,16384,7168,32,1024,512,native,0.062,2.000,896,3584,14336,0,19.4942,771.1,10.45,ok,1.0103
prescan,ds-id4,64,16384,7168,32,1024,1024,native,0.125,4.000,448,1792,7168,0,20.2073,743.9,7.81,ok,0.9746
prescan,ds-id4,64,16384,7168,32,1024,2048,native,0.250,8.000,224,896,3584,0,21.8238,688.8,12.15,ok,0.9024
prescan,ds-id4,64,16384,7168,32,1024,4096,native,0.500,16.000,112,448,1792,0,33.3139,451.2,20.83,ok,0.5912
prescan,ds-id4,64,16384,7168,64,64,256,native,0.062,0.062,28672,7168,28672,0,30.1154,499.2,4.17,ok,0.6540
prescan,ds-id4,64,16384,7168,64,64,512,native,0.125,0.125,14336,3584,14336,0,26.8176,560.5,3.16,ok,0.7344
prescan,ds-id4,64,16384,7168,64,64,1024,native,0.250,0.250,7168,1792,7168,0,26.9266,558.3,2.63,ok,0.7314
prescan,ds-id4,64,16384,7168,64,64,2048,native,0.500,0.500,3584,896,3584,0,23.5835,637.4,3.81,ok,0.8351
prescan,ds-id4,64,16384,7168,64,64,4096,native,1.000,1.000,1792,448,1792,0,23.8224,631.0,0.37,ok,0.8267
prescan,ds-id4,64,16384,7168,64,128,256,native,0.062,0.125,14336,7168,28672,0,23.2158,647.5,0.01,ok,0.8483
prescan,ds-id4,64,16384,7168,64,128,512,native,0.125,0.250,7168,3584,14336,0,21.8530,687.9,0.90,ok,0.9012
prescan,ds-id4,64,16384,7168,64,128,1024,native,0.250,0.500,3584,1792,7168,0,22.4375,670.0,0.17,ok,0.8778
prescan,ds-id4,64,16384,7168,64,128,2048,native,0.500,1.000,1792,896,3584,0,21.3120,705.3,0.78,ok,0.9241
prescan,ds-id4,64,16384,7168,64,128,4096,native,1.000,2.000,896,448,1792,0,21.5045,699.0,2.95,ok,0.9158
prescan,ds-id4,64,16384,7168,64,256,256,native,0.062,0.250,7168,7168,28672,0,21.8031,689.5,2.50,ok,0.9033
prescan,ds-id4,64,16384,7168,64,256,512,native,0.125,0.500,3584,3584,14336,0,20.7239,725.4,2.03,ok,0.9503
prescan,ds-id4,64,16384,7168,64,256,1024,native,0.250,1.000,1792,1792,7168,0,20.9727,716.8,1.74,ok,0.9391
prescan,ds-id4,64,16384,7168,64,256,2048,native,0.500,2.000,896,896,3584,0,20.2560,742.1,2.89,ok,0.9723
prescan,ds-id4,64,16384,7168,64,256,4096,native,1.000,4.000,448,448,1792,0,20.4606,734.7,3.97,ok,0.9626
prescan,ds-id4,64,16384,7168,64,512,256,native,0.062,0.500,3584,7168,28672,0,20.9356,718.0,3.17,ok,0.9407
prescan,ds-id4,64,16384,7168,64,512,512,native,0.125,1.000,1792,3584,14336,0,20.4461,735.2,3.50,ok,0.9632
prescan,ds-id4,64,16384,7168,64,512,1024,native,0.250,2.000,896,1792,7168,0,20.1993,744.2,0.68,ok,0.9750
prescan,ds-id4,64,16384,7168,64,512,2048,native,0.500,4.000,448,896,3584,0,19.8489,757.3,0.37,ok,0.9922
prescan,ds-id4,64,16384,7168,64,512,4096,native,1.000,8.000,224,448,1792,0,21.1539,710.6,1.20,ok,0.9310
prescan,ds-id4,64,16384,7168,64,1024,256,native,0.062,1.000,1792,7168,28672,0,20.4858,733.8,0.06,ok,0.9614
prescan,ds-id4,64,16384,7168,64,1024,512,native,0.125,2.000,896,3584,14336,0,19.7894,759.6,1.47,ok,0.9952
prescan,ds-id4,64,16384,7168,64,1024,1024,native,0.250,4.000,448,1792,7168,0,19.8534,757.2,1.17,ok,0.9920
prescan,ds-id4,64,16384,7168,64,1024,2048,native,0.500,8.000,224,896,3584,0,21.5469,697.7,1.55,ok,0.9140
prescan,ds-id4,64,16384,7168,64,1024,4096,native,1.000,16.000,112,448,1792,0,27.5819,545.0,6.86,ok,0.7140
prescan,ds-id4,64,16384,7168,128,64,256,native,0.062,0.062,28672,7168,28672,0,30.0441,500.3,0.41,ok,0.6555
prescan,ds-id4,64,16384,7168,128,64,512,native,0.125,0.125,14336,3584,14336,0,26.8957,558.9,1.03,ok,0.7323
prescan,ds-id4,64,16384,7168,128,64,1024,native,0.250,0.250,7168,1792,7168,0,27.2412,551.8,0.49,ok,0.7230
prescan,ds-id4,64,16384,7168,128,64,2048,native,0.500,0.500,3584,896,3584,0,23.8409,630.5,0.97,ok,0.8261
prescan,ds-id4,64,16384,7168,128,64,4096,native,1.000,1.000,1792,448,1792,0,23.8233,631.0,0.61,ok,0.8267
prescan,ds-id4,64,16384,7168,128,128,256,native,0.062,0.125,14336,7168,28672,0,22.9936,653.8,2.19,ok,0.8565
prescan,ds-id4,64,16384,7168,128,128,512,native,0.125,0.250,7168,3584,14336,0,21.9234,685.7,1.13,ok,0.8983
prescan,ds-id4,64,16384,7168,128,128,1024,native,0.250,0.500,3584,1792,7168,0,22.1440,678.8,2.59,ok,0.8894
prescan,ds-id4,64,16384,7168,128,128,2048,native,0.500,1.000,1792,896,3584,0,21.2495,707.4,0.11,ok,0.9268
prescan,ds-id4,64,16384,7168,128,128,4096,native,1.000,2.000,896,448,1792,0,21.2989,705.8,0.82,ok,0.9247
prescan,ds-id4,64,16384,7168,128,256,256,native,0.062,0.250,7168,7168,28672,0,21.5245,698.4,0.01,ok,0.9150
prescan,ds-id4,64,16384,7168,128,256,512,native,0.125,0.500,3584,3584,14336,0,20.5737,730.7,0.26,ok,0.9573
prescan,ds-id4,64,16384,7168,128,256,1024,native,0.250,1.000,1792,1792,7168,0,20.7849,723.2,0.18,ok,0.9475
prescan,ds-id4,64,16384,7168,128,256,2048,native,0.500,2.000,896,896,3584,0,19.9796,752.4,0.11,ok,0.9857
prescan,ds-id4,64,16384,7168,128,256,4096,native,1.000,4.000,448,448,1792,0,20.1802,744.9,0.95,ok,0.9759
prescan,ds-id4,64,16384,7168,128,512,256,native,0.062,0.500,3584,7168,28672,0,20.6211,729.0,0.56,ok,0.9551
prescan,ds-id4,64,16384,7168,128,512,512,native,0.125,1.000,1792,3584,14336,0,19.8122,758.7,0.56,ok,0.9941
prescan,ds-id4,64,16384,7168,128,512,1024,native,0.250,2.000,896,1792,7168,0,19.7589,760.8,1.71,ok,0.9967
prescan,ds-id4,64,16384,7168,128,512,2048,native,0.500,4.000,448,896,3584,0,19.4658,772.2,0.66,ok,1.0118
prescan,ds-id4,64,16384,7168,128,512,4096,native,1.000,8.000,224,448,1792,0,20.7339,725.0,3.50,ok,0.9499
prescan,ds-id4,64,16384,7168,128,1024,256,native,0.062,1.000,1792,7168,28672,0,20.2298,743.1,0.12,ok,0.9735
prescan,ds-id4,64,16384,7168,128,1024,512,native,0.125,2.000,896,3584,14336,0,19.2377,781.4,0.29,ok,1.0238
prescan,ds-id4,64,16384,7168,128,1024,1024,native,0.250,4.000,448,1792,7168,0,19.3542,776.7,0.31,ok,1.0176
prescan,ds-id4,64,16384,7168,128,1024,2048,native,0.500,8.000,224,896,3584,0,21.2918,706.0,8.05,ok,0.9250
prescan,ds-id4,64,16384,7168,128,1024,4096,native,1.000,16.000,112,448,1792,0,27.3684,549.3,6.70,ok,0.7196
final,ds-id4,64,16384,7168,16,1024,512,native,0.031,2.000,896,3584,14336,7,19.6352,765.6,1.30,ok,1.0505
final,ds-id4,64,16384,7168,16,1024,1024,native,0.062,4.000,448,1792,7168,7,19.8656,756.7,4.54,ok,1.0383
final,ds-id4,64,16384,7168,16,512,2048,native,0.125,4.000,448,896,3584,7,19.7480,761.2,1.05,ok,1.0445
final,ds-id4,64,16384,7168,128,1024,512,native,0.125,2.000,896,3584,14336,7,19.7188,762.3,1.37,ok,1.0460
final,ds-id4,64,16384,7168,128,1024,1024,native,0.250,4.000,448,1792,7168,7,19.7036,762.9,1.11,ok,1.0469
final,ds-id4,64,16384,7168,16,1024,256,native,0.016,1.000,1792,7168,28672,7,19.7853,759.8,0.23,ok,1.0425
final,ds-id4,64,16384,7168,128,512,2048,native,0.500,4.000,448,896,3584,7,19.9486,753.6,1.85,ok,1.0340
final,ds-id4,64,16384,7168,32,1024,512,native,0.062,2.000,896,3584,14336,7,19.8619,756.8,1.17,ok,1.0385
final,ds-id4,64,16384,7168,16,256,2048,native,0.125,2.000,896,896,3584,7,20.6268,728.8,2.04,ok,1.0000
prescan,ds-id5,64,7168,4096,16,64,256,native,0.016,0.062,7168,1792,7168,0,7.6285,492.6,2.98,ok,0.7018
prescan,ds-id5,64,7168,4096,16,64,512,native,0.031,0.125,3584,896,3584,0,6.7127,559.8,5.53,ok,0.7975
prescan,ds-id5,64,7168,4096,16,64,1024,native,0.062,0.250,1792,448,1792,0,6.6192,567.8,3.67,ok,0.8088
prescan,ds-id5,64,7168,4096,16,64,2048,native,0.125,0.500,1024,256,1024,0,6.4170,585.7,3.12,ok,0.8343
prescan,ds-id5,64,7168,4096,16,64,4096,native,0.250,1.000,512,128,512,0,6.1587,610.2,3.81,ok,0.8693
prescan,ds-id5,64,7168,4096,16,128,256,native,0.016,0.125,3584,1792,7168,0,6.0442,621.8,7.12,ok,0.8858
prescan,ds-id5,64,7168,4096,16,128,512,native,0.031,0.250,1792,896,3584,0,5.6433,665.9,14.04,ok,0.9487
prescan,ds-id5,64,7168,4096,16,128,1024,native,0.062,0.500,896,448,1792,0,5.5171,681.2,10.68,ok,0.9704
prescan,ds-id5,64,7168,4096,16,128,2048,native,0.125,1.000,512,256,1024,0,5.6433,665.9,3.78,ok,0.9487
prescan,ds-id5,64,7168,4096,16,128,4096,native,0.250,2.000,256,128,512,0,5.4431,690.4,1.41,ok,0.9836
prescan,ds-id5,64,7168,4096,16,256,256,native,0.016,0.250,1792,1792,7168,0,5.8203,645.7,1.87,ok,0.9198
prescan,ds-id5,64,7168,4096,16,256,512,native,0.031,0.500,896,896,3584,0,5.5579,676.2,2.16,ok,0.9632
prescan,ds-id5,64,7168,4096,16,256,1024,native,0.062,1.000,448,448,1792,0,5.4428,690.5,0.29,ok,0.9836
prescan,ds-id5,64,7168,4096,16,256,2048,native,0.125,2.000,256,256,1024,0,5.3536,702.0,0.14,ok,1.0000
prescan,ds-id5,64,7168,4096,16,256,4096,native,0.250,4.000,128,128,512,0,5.1142,734.8,1.80,ok,1.0468
prescan,ds-id5,64,7168,4096,16,512,256,native,0.016,0.500,896,1792,7168,0,5.4148,694.0,2.91,ok,0.9887
prescan,ds-id5,64,7168,4096,16,512,512,native,0.031,1.000,448,896,3584,0,5.4020,695.7,2.20,ok,0.9911
prescan,ds-id5,64,7168,4096,16,512,1024,native,0.062,2.000,224,448,1792,0,5.2954,709.7,1.75,ok,1.0110
prescan,ds-id5,64,7168,4096,16,512,2048,native,0.125,4.000,128,256,1024,0,5.1575,728.7,1.14,ok,1.0380
prescan,ds-id5,64,7168,4096,16,512,4096,native,0.250,8.000,64,128,512,0,4.9568,758.2,1.85,ok,1.0801
prescan,ds-id5,64,7168,4096,16,1024,256,native,0.016,1.000,448,1792,7168,0,5.3237,705.9,1.30,ok,1.0056
prescan,ds-id5,64,7168,4096,16,1024,512,native,0.031,2.000,224,896,3584,0,5.0680,741.5,0.52,ok,1.0564
prescan,ds-id5,64,7168,4096,16,1024,1024,native,0.062,4.000,112,448,1792,0,5.1196,734.1,0.74,ok,1.0457
prescan,ds-id5,64,7168,4096,16,1024,2048,native,0.125,8.000,64,256,1024,0,5.1068,735.9,1.47,ok,1.0483
prescan,ds-id5,64,7168,4096,16,1024,4096,native,0.250,16.000,32,128,512,0,6.7070,560.3,2.93,ok,0.7982
prescan,ds-id5,64,7168,4096,32,64,256,native,0.031,0.062,7168,1792,7168,0,7.3727,509.7,3.28,ok,0.7261
prescan,ds-id5,64,7168,4096,32,64,512,native,0.062,0.125,3584,896,3584,0,6.4549,582.2,3.23,ok,0.8294
prescan,ds-id5,64,7168,4096,32,64,1024,native,0.125,0.250,1792,448,1792,0,6.3956,587.6,0.80,ok,0.8371
prescan,ds-id5,64,7168,4096,32,64,2048,native,0.250,0.500,1024,256,1024,0,6.2623,600.1,3.33,ok,0.8549
prescan,ds-id5,64,7168,4096,32,64,4096,native,0.500,1.000,512,128,512,0,5.9226,634.5,3.73,ok,0.9039
prescan,ds-id5,64,7168,4096,32,128,256,native,0.031,0.125,3584,1792,7168,0,5.7859,649.5,0.99,ok,0.9253
prescan,ds-id5,64,7168,4096,32,128,512,native,0.062,0.250,1792,896,3584,0,5.9559,631.0,2.00,ok,0.8989
prescan,ds-id5,64,7168,4096,32,128,1024,native,0.125,0.500,896,448,1792,0,5.8685,640.4,3.07,ok,0.9123
prescan,ds-id5,64,7168,4096,32,128,2048,native,0.250,1.000,512,256,1024,0,5.7323,655.6,1.61,ok,0.9339
prescan,ds-id5,64,7168,4096,32,128,4096,native,0.500,2.000,256,128,512,0,5.3163,706.9,3.47,ok,1.0070
prescan,ds-id5,64,7168,4096,32,256,256,native,0.031,0.250,1792,1792,7168,0,5.6028,670.8,8.33,ok,0.9555
prescan,ds-id5,64,7168,4096,32,256,512,native,0.062,0.500,896,896,3584,0,5.4451,690.2,1.69,ok,0.9832
prescan,ds-id5,64,7168,4096,32,256,1024,native,0.125,1.000,448,448,1792,0,5.2476,716.1,4.05,ok,1.0202
prescan,ds-id5,64,7168,4096,32,256,2048,native,0.250,2.000,256,256,1024,0,5.1787,725.7,2.12,ok,1.0338
prescan,ds-id5,64,7168,4096,32,256,4096,native,0.500,4.000,128,128,512,0,4.9241,763.2,3.58,ok,1.0872
prescan,ds-id5,64,7168,4096,32,512,256,native,0.031,0.500,896,1792,7168,0,5.2743,712.5,3.10,ok,1.0151
prescan,ds-id5,64,7168,4096,32,512,512,native,0.062,1.000,448,896,3584,0,5.1977,723.0,5.55,ok,1.0300
prescan,ds-id5,64,7168,4096,32,512,1024,native,0.125,2.000,224,448,1792,0,5.3456,703.0,1.36,ok,1.0015
prescan,ds-id5,64,7168,4096,32,512,2048,native,0.250,4.000,128,256,1024,0,5.0933,737.8,1.52,ok,1.0511
prescan,ds-id5,64,7168,4096,32,512,4096,native,0.500,8.000,64,128,512,0,4.8698,771.7,4.14,ok,1.0993
prescan,ds-id5,64,7168,4096,32,1024,256,native,0.031,1.000,448,1792,7168,0,5.1429,730.7,3.82,ok,1.0410
prescan,ds-id5,64,7168,4096,32,1024,512,native,0.062,2.000,224,896,3584,0,5.1888,724.3,0.79,ok,1.0318
prescan,ds-id5,64,7168,4096,32,1024,1024,native,0.125,4.000,112,448,1792,0,5.2537,715.3,0.12,ok,1.0190
prescan,ds-id5,64,7168,4096,32,1024,2048,native,0.250,8.000,64,256,1024,0,5.0041,751.0,0.07,ok,1.0698
prescan,ds-id5,64,7168,4096,32,1024,4096,native,0.500,16.000,32,128,512,0,5.9145,635.4,1.68,ok,0.9052
prescan,ds-id5,64,7168,4096,64,64,256,native,0.062,0.062,7168,1792,7168,0,7.4059,507.4,3.85,ok,0.7229
prescan,ds-id5,64,7168,4096,64,64,512,native,0.125,0.125,3584,896,3584,0,6.6251,567.3,3.45,ok,0.8081
prescan,ds-id5,64,7168,4096,64,64,1024,native,0.250,0.250,1792,448,1792,0,6.3402,592.7,2.80,ok,0.8444
prescan,ds-id5,64,7168,4096,64,64,2048,native,0.500,0.500,1024,256,1024,0,6.3889,588.2,3.14,ok,0.8380
prescan,ds-id5,64,7168,4096,64,64,4096,native,1.000,1.000,512,128,512,0,5.9919,627.2,0.35,ok,0.8935
prescan,ds-id5,64,7168,4096,64,128,256,native,0.062,0.125,3584,1792,7168,0,5.7283,656.1,4.60,ok,0.9346
prescan,ds-id5,64,7168,4096,64,128,512,native,0.125,0.250,1792,896,3584,0,5.6463,665.6,1.81,ok,0.9482
prescan,ds-id5,64,7168,4096,64,128,1024,native,0.250,0.500,896,448,1792,0,5.4251,692.7,0.45,ok,0.9868
prescan,ds-id5,64,7168,4096,64,128,2048,native,0.500,1.000,512,256,1024,0,5.3202,706.4,0.52,ok,1.0063
prescan,ds-id5,64,7168,4096,64,128,4096,native,1.000,2.000,256,128,512,0,5.4495,689.6,4.88,ok,0.9824
prescan,ds-id5,64,7168,4096,64,256,256,native,0.062,0.250,1792,1792,7168,0,5.5777,673.8,3.02,ok,0.9598
prescan,ds-id5,64,7168,4096,64,256,512,native,0.125,0.500,896,896,3584,0,5.4095,694.7,2.87,ok,0.9897
prescan,ds-id5,64,7168,4096,64,256,1024,native,0.250,1.000,448,448,1792,0,5.3989,696.1,2.96,ok,0.9916
prescan,ds-id5,64,7168,4096,64,256,2048,native,0.500,2.000,256,256,1024,0,5.0308,747.0,3.66,ok,1.0642
prescan,ds-id5,64,7168,4096,64,256,4096,native,1.000,4.000,128,128,512,0,5.1290,732.7,1.56,ok,1.0438
prescan,ds-id5,64,7168,4096,64,512,256,native,0.062,0.500,896,1792,7168,0,5.3534,702.0,0.02,ok,1.0000
prescan,ds-id5,64,7168,4096,64,512,512,native,0.125,1.000,448,896,3584,0,5.1868,724.6,0.28,ok,1.0322
prescan,ds-id5,64,7168,4096,64,512,1024,native,0.250,2.000,224,448,1792,0,5.3619,700.9,0.26,ok,0.9985
prescan,ds-id5,64,7168,4096,64,512,2048,native,0.500,4.000,128,256,1024,0,5.0084,750.4,3.17,ok,1.0689
prescan,ds-id5,64,7168,4096,64,512,4096,native,1.000,8.000,64,128,512,0,5.1195,734.1,1.01,ok,1.0457
prescan,ds-id5,64,7168,4096,64,1024,256,native,0.062,1.000,448,1792,7168,0,5.4222,693.1,9.80,ok,0.9874
prescan,ds-id5,64,7168,4096,64,1024,512,native,0.125,2.000,224,896,3584,0,5.1885,724.3,3.97,ok,1.0318
prescan,ds-id5,64,7168,4096,64,1024,1024,native,0.250,4.000,112,448,1792,0,5.2559,715.0,3.19,ok,1.0186
prescan,ds-id5,64,7168,4096,64,1024,2048,native,0.500,8.000,64,256,1024,0,5.0306,747.0,2.86,ok,1.0642
prescan,ds-id5,64,7168,4096,64,1024,4096,native,1.000,16.000,32,128,512,0,5.6929,660.1,2.70,ok,0.9404
prescan,ds-id5,64,7168,4096,128,64,256,native,0.062,0.062,7168,1792,7168,0,7.7466,485.1,0.74,ok,0.6911
prescan,ds-id5,64,7168,4096,128,64,512,native,0.125,0.125,3584,896,3584,0,6.7024,560.7,1.89,ok,0.7988
prescan,ds-id5,64,7168,4096,128,64,1024,native,0.250,0.250,1792,448,1792,0,6.4947,578.6,1.14,ok,0.8243
prescan,ds-id5,64,7168,4096,128,64,2048,native,0.500,0.500,1024,256,1024,0,6.4297,584.5,2.17,ok,0.8326
prescan,ds-id5,64,7168,4096,128,64,4096,native,1.000,1.000,512,128,512,0,5.9358,633.1,0.86,ok,0.9019
prescan,ds-id5,64,7168,4096,128,128,256,native,0.062,0.125,3584,1792,7168,0,5.8456,642.9,1.81,ok,0.9158
prescan,ds-id5,64,7168,4096,128,128,512,native,0.125,0.250,1792,896,3584,0,5.7176,657.3,3.38,ok,0.9363
prescan,ds-id5,64,7168,4096,128,128,1024,native,0.250,0.500,896,448,1792,0,5.5442,677.8,3.00,ok,0.9656
prescan,ds-id5,64,7168,4096,128,128,2048,native,0.500,1.000,512,256,1024,0,5.4436,690.4,2.73,ok,0.9835
prescan,ds-id5,64,7168,4096,128,128,4096,native,1.000,2.000,256,128,512,0,5.4705,687.0,2.56,ok,0.9786
prescan,ds-id5,64,7168,4096,128,256,256,native,0.062,0.250,1792,1792,7168,0,5.5470,677.5,2.64,ok,0.9651
prescan,ds-id5,64,7168,4096,128,256,512,native,0.125,0.500,896,896,3584,0,5.3814,698.4,1.98,ok,0.9948
prescan,ds-id5,64,7168,4096,128,256,1024,native,0.250,1.000,448,448,1792,0,5.3640,700.6,0.71,ok,0.9981
prescan,ds-id5,64,7168,4096,128,256,2048,native,0.500,2.000,256,256,1024,0,5.1600,728.3,0.46,ok,1.0375
prescan,ds-id5,64,7168,4096,128,256,4096,native,1.000,4.000,128,128,512,0,5.2792,711.9,1.01,ok,1.0141
prescan,ds-id5,64,7168,4096,128,512,256,native,0.062,0.500,896,1792,7168,0,5.4757,686.3,0.77,ok,0.9777
prescan,ds-id5,64,7168,4096,128,512,512,native,0.125,1.000,448,896,3584,0,5.2852,711.1,0.85,ok,1.0130
prescan,ds-id5,64,7168,4096,128,512,1024,native,0.250,2.000,224,448,1792,0,5.3482,702.7,1.35,ok,1.0010
prescan,ds-id5,64,7168,4096,128,512,2048,native,0.500,4.000,128,256,1024,0,5.0385,745.9,0.01,ok,1.0626
prescan,ds-id5,64,7168,4096,128,512,4096,native,1.000,8.000,64,128,512,0,5.3280,705.3,0.76,ok,1.0048
prescan,ds-id5,64,7168,4096,128,1024,256,native,0.062,1.000,448,1792,7168,0,5.4006,695.9,0.20,ok,0.9913
prescan,ds-id5,64,7168,4096,128,1024,512,native,0.125,2.000,224,896,3584,0,5.2065,721.8,0.91,ok,1.0283
prescan,ds-id5,64,7168,4096,128,1024,1024,native,0.250,4.000,112,448,1792,0,5.2610,714.3,1.60,ok,1.0176
prescan,ds-id5,64,7168,4096,128,1024,2048,native,0.500,8.000,64,256,1024,0,5.0979,737.2,1.69,ok,1.0502
prescan,ds-id5,64,7168,4096,128,1024,4096,native,1.000,16.000,32,128,512,0,5.8290,644.7,0.22,ok,0.9185
final,ds-id5,64,7168,4096,32,512,4096,native,0.500,8.000,64,128,512,28,5.3027,708.7,1.69,ok,1.0421
final,ds-id5,64,7168,4096,32,256,4096,native,0.500,4.000,128,128,512,27,5.1315,732.4,6.04,ok,1.0768
final,ds-id5,64,7168,4096,16,512,4096,native,0.250,8.000,64,128,512,30,5.0852,739.0,1.46,ok,1.0866
final,ds-id5,64,7168,4096,32,1024,2048,native,0.250,8.000,64,256,1024,30,5.0935,737.8,1.26,ok,1.0849
final,ds-id5,64,7168,4096,64,512,2048,native,0.500,4.000,128,256,1024,30,5.0124,749.8,0.70,ok,1.1024
final,ds-id5,64,7168,4096,64,1024,2048,native,0.500,8.000,64,256,1024,29,5.0141,749.5,0.56,ok,1.1020
final,ds-id5,64,7168,4096,64,256,2048,native,0.500,2.000,256,256,1024,30,5.1549,729.0,2.72,ok,1.0719
final,ds-id5,64,7168,4096,128,512,2048,native,0.500,4.000,128,256,1024,29,5.0702,741.2,1.32,ok,1.0898
final,ds-id5,64,7168,4096,16,256,2048,native,0.125,2.000,256,256,1024,27,5.5257,680.1,4.57,ok,1.0000
prescan,ds-id6,64,2048,7168,16,64,256,native,0.016,0.062,3584,896,3584,0,3.4622,542.7,3.89,ok,0.7572
prescan,ds-id6,64,2048,7168,16,64,512,native,0.031,0.125,1792,448,1792,0,3.1862,589.7,0.55,ok,0.8228
prescan,ds-id6,64,2048,7168,16,64,1024,native,0.062,0.250,896,224,896,0,3.3064,568.3,0.33,ok,0.7929
prescan,ds-id6,64,2048,7168,16,64,2048,native,0.125,0.500,448,112,448,0,3.1355,599.3,0.26,ok,0.8361
prescan,ds-id6,64,2048,7168,16,64,4096,native,0.125,0.500,448,112,448,0,3.1260,601.1,0.27,ok,0.8386
prescan,ds-id6,64,2048,7168,16,128,256,native,0.016,0.125,1792,896,3584,0,3.1055,605.1,0.29,ok,0.8442
prescan,ds-id6,64,2048,7168,16,128,512,native,0.031,0.250,896,448,1792,0,2.8645,656.0,0.00,ok,0.9152
prescan,ds-id6,64,2048,7168,16,128,1024,native,0.062,0.500,448,224,896,0,2.8975,648.5,0.56,ok,0.9048
prescan,ds-id6,64,2048,7168,16,128,2048,native,0.125,1.000,224,112,448,0,2.7760,676.9,0.36,ok,0.9444
prescan,ds-id6,64,2048,7168,16,128,4096,native,0.125,1.000,224,112,448,0,2.8021,670.6,2.11,ok,0.9356
prescan,ds-id6,64,2048,7168,16,256,256,native,0.016,0.250,896,896,3584,0,2.8369,662.4,3.18,ok,0.9241
prescan,ds-id6,64,2048,7168,16,256,512,native,0.031,0.500,448,448,1792,0,2.7295,688.4,1.43,ok,0.9604
prescan,ds-id6,64,2048,7168,16,256,1024,native,0.062,1.000,224,224,896,0,2.6379,712.3,3.33,ok,0.9938
prescan,ds-id6,64,2048,7168,16,256,2048,native,0.125,2.000,112,112,448,0,2.6216,716.8,0.10,ok,1.0000
prescan,ds-id6,64,2048,7168,16,256,4096,native,0.125,2.000,112,112,448,0,2.6147,718.6,0.21,ok,1.0026
prescan,ds-id6,64,2048,7168,16,512,256,native,0.016,0.500,448,896,3584,0,2.6388,712.1,0.24,ok,0.9935
prescan,ds-id6,64,2048,7168,16,512,512,native,0.031,1.000,224,448,1792,0,2.5992,722.9,0.19,ok,1.0086
prescan,ds-id6,64,2048,7168,16,512,1024,native,0.062,2.000,112,224,896,0,2.5187,746.0,0.16,ok,1.0408
prescan,ds-id6,64,2048,7168,16,512,2048,native,0.125,4.000,56,112,448,0,2.3632,795.1,0.13,ok,1.1093
prescan,ds-id6,64,2048,7168,16,512,4096,native,0.125,4.000,56,112,448,0,2.3616,795.7,0.18,ok,1.1101
prescan,ds-id6,64,2048,7168,16,1024,256,native,0.016,1.000,224,896,3584,0,2.4652,762.2,0.00,ok,1.0634
prescan,ds-id6,64,2048,7168,16,1024,512,native,0.031,2.000,112,448,1792,0,2.3554,797.8,0.10,ok,1.1130
prescan,ds-id6,64,2048,7168,16,1024,1024,native,0.062,4.000,56,224,896,0,2.3481,800.2,0.19,ok,1.1165
prescan,ds-id6,64,2048,7168,16,1024,2048,native,0.125,8.000,28,112,448,0,2.4518,766.4,0.01,ok,1.0692
prescan,ds-id6,64,2048,7168,16,1024,4096,native,0.125,8.000,28,112,448,0,2.4894,754.8,2.83,ok,1.0531
prescan,ds-id6,64,2048,7168,32,64,256,native,0.031,0.062,3584,896,3584,0,3.3594,559.3,2.83,ok,0.7804
prescan,ds-id6,64,2048,7168,32,64,512,native,0.062,0.125,1792,448,1792,0,3.2635,575.8,7.53,ok,0.8033
prescan,ds-id6,64,2048,7168,32,64,1024,native,0.125,0.250,896,224,896,0,3.2349,580.9,6.54,ok,0.8104
prescan,ds-id6,64,2048,7168,32,64,2048,native,0.250,0.500,448,112,448,0,3.1654,593.6,0.49,ok,0.8282
prescan,ds-id6,64,2048,7168,32,64,4096,native,0.250,0.500,448,112,448,0,3.1629,594.1,1.14,ok,0.8288
prescan,ds-id6,64,2048,7168,32,128,256,native,0.031,0.125,1792,896,3584,0,2.9120,645.3,4.28,ok,0.9003
prescan,ds-id6,64,2048,7168,32,128,512,native,0.062,0.250,896,448,1792,0,2.8682,655.1,5.25,ok,0.9140
prescan,ds-id6,64,2048,7168,32,128,1024,native,0.125,0.500,448,224,896,0,2.8415,661.3,1.40,ok,0.9226
prescan,ds-id6,64,2048,7168,32,128,2048,native,0.250,1.000,224,112,448,0,2.7809,675.7,0.29,ok,0.9427
prescan,ds-id6,64,2048,7168,32,128,4096,native,0.250,1.000,224,112,448,0,2.7721,677.8,0.72,ok,0.9457
prescan,ds-id6,64,2048,7168,32,256,256,native,0.031,0.250,896,896,3584,0,2.7743,677.3,2.77,ok,0.9449
prescan,ds-id6,64,2048,7168,32,256,512,native,0.062,0.500,448,448,1792,0,2.7034,695.1,4.70,ok,0.9697
prescan,ds-id6,64,2048,7168,32,256,1024,native,0.125,1.000,224,224,896,0,2.6362,712.8,0.27,ok,0.9945
prescan,ds-id6,64,2048,7168,32,256,2048,native,0.250,2.000,112,112,448,0,2.5853,726.8,0.43,ok,1.0140
prescan,ds-id6,64,2048,7168,32,256,4096,native,0.250,2.000,112,112,448,0,2.5972,723.5,1.58,ok,1.0094
prescan,ds-id6,64,2048,7168,32,512,256,native,0.031,0.500,448,896,3584,0,2.6551,707.7,0.23,ok,0.9874
prescan,ds-id6,64,2048,7168,32,512,512,native,0.062,1.000,224,448,1792,0,2.6302,714.4,1.17,ok,0.9967
prescan,ds-id6,64,2048,7168,32,512,1024,native,0.125,2.000,112,224,896,0,2.5197,745.7,2.83,ok,1.0404
prescan,ds-id6,64,2048,7168,32,512,2048,native,0.250,4.000,56,112,448,0,2.3794,789.7,0.73,ok,1.1018
prescan,ds-id6,64,2048,7168,32,512,4096,native,0.250,4.000,56,112,448,0,2.3687,793.3,0.14,ok,1.1068
prescan,ds-id6,64,2048,7168,32,1024,256,native,0.031,1.000,224,896,3584,0,2.4694,760.9,0.15,ok,1.0616
prescan,ds-id6,64,2048,7168,32,1024,512,native,0.062,2.000,112,448,1792,0,2.3960,784.2,2.60,ok,1.0941
prescan,ds-id6,64,2048,7168,32,1024,1024,native,0.125,4.000,56,224,896,0,2.3814,789.0,1.18,ok,1.1008
prescan,ds-id6,64,2048,7168,32,1024,2048,native,0.250,8.000,28,112,448,0,2.4720,760.1,0.33,ok,1.0605
prescan,ds-id6,64,2048,7168,32,1024,4096,native,0.250,8.000,28,112,448,0,2.4788,758.0,0.02,ok,1.0576
prescan,ds-id6,64,2048,7168,64,64,256,native,0.062,0.062,3584,896,3584,0,3.4317,547.6,0.19,ok,0.7639
prescan,ds-id6,64,2048,7168,64,64,512,native,0.125,0.125,1792,448,1792,0,3.3465,561.5,0.61,ok,0.7834
prescan,ds-id6,64,2048,7168,64,64,1024,native,0.250,0.250,896,224,896,0,3.2525,577.7,1.18,ok,0.8060
prescan,ds-id6,64,2048,7168,64,64,2048,native,0.500,0.500,448,112,448,0,3.1094,604.3,4.42,ok,0.8431
prescan,ds-id6,64,2048,7168,64,64,4096,native,0.500,0.500,448,112,448,0,3.1142,603.4,3.64,ok,0.8418
prescan,ds-id6,64,2048,7168,64,128,256,native,0.062,0.125,1792,896,3584,0,2.7524,682.7,3.36,ok,0.9525
prescan,ds-id6,64,2048,7168,64,128,512,native,0.125,0.250,896,448,1792,0,2.7576,681.4,0.00,ok,0.9506
prescan,ds-id6,64,2048,7168,64,128,1024,native,0.250,0.500,448,224,896,0,2.7354,686.9,0.29,ok,0.9584
prescan,ds-id6,64,2048,7168,64,128,2048,native,0.500,1.000,224,112,448,0,2.6461,710.1,0.83,ok,0.9907
prescan,ds-id6,64,2048,7168,64,128,4096,native,0.500,1.000,224,112,448,0,2.6660,704.8,0.54,ok,0.9833
prescan,ds-id6,64,2048,7168,64,256,256,native,0.062,0.250,896,896,3584,0,2.6903,698.5,0.20,ok,0.9745
prescan,ds-id6,64,2048,7168,64,256,512,native,0.125,0.500,448,448,1792,0,2.5814,727.9,0.11,ok,1.0156
prescan,ds-id6,64,2048,7168,64,256,1024,native,0.250,1.000,224,224,896,0,2.5663,732.2,0.37,ok,1.0215
prescan,ds-id6,64,2048,7168,64,256,2048,native,0.500,2.000,112,112,448,0,2.4782,758.2,0.40,ok,1.0579
prescan,ds-id6,64,2048,7168,64,256,4096,native,0.500,2.000,112,112,448,0,2.4657,762.1,0.53,ok,1.0632
prescan,ds-id6,64,2048,7168,64,512,256,native,0.062,0.500,448,896,3584,0,2.5890,725.8,0.77,ok,1.0126
prescan,ds-id6,64,2048,7168,64,512,512,native,0.125,1.000,224,448,1792,0,2.5015,751.2,0.42,ok,1.0480
prescan,ds-id6,64,2048,7168,64,512,1024,native,0.250,2.000,112,224,896,0,2.4652,762.2,1.23,ok,1.0634
prescan,ds-id6,64,2048,7168,64,512,2048,native,0.500,4.000,56,112,448,0,2.3781,790.2,0.11,ok,1.1024
prescan,ds-id6,64,2048,7168,64,512,4096,native,0.500,4.000,56,112,448,0,2.3777,790.3,0.02,ok,1.1025
prescan,ds-id6,64,2048,7168,64,1024,256,native,0.062,1.000,224,896,3584,0,2.5206,745.5,0.43,ok,1.0400
prescan,ds-id6,64,2048,7168,64,1024,512,native,0.125,2.000,112,448,1792,0,2.4202,776.4,0.43,ok,1.0832
prescan,ds-id6,64,2048,7168,64,1024,1024,native,0.250,4.000,56,224,896,0,2.3852,787.8,1.40,ok,1.0991
prescan,ds-id6,64,2048,7168,64,1024,2048,native,0.500,8.000,28,112,448,0,2.5655,732.4,0.01,ok,1.0218
prescan,ds-id6,64,2048,7168,64,1024,4096,native,0.500,8.000,28,112,448,0,2.7211,690.6,11.08,ok,0.9634
prescan,ds-id6,64,2048,7168,128,64,256,native,0.062,0.062,3584,896,3584,0,3.4414,546.0,1.19,ok,0.7618
prescan,ds-id6,64,2048,7168,128,64,512,native,0.125,0.125,1792,448,1792,0,3.3266,564.9,0.61,ok,0.7881
prescan,ds-id6,64,2048,7168,128,64,1024,native,0.250,0.250,896,224,896,0,3.2617,576.1,0.31,ok,0.8037
prescan,ds-id6,64,2048,7168,128,64,2048,native,0.500,0.500,448,112,448,0,3.1068,604.8,2.21,ok,0.8438
prescan,ds-id6,64,2048,7168,128,64,4096,native,0.500,0.500,448,112,448,0,3.0830,609.5,3.92,ok,0.8503
prescan,ds-id6,64,2048,7168,128,128,256,native,0.062,0.125,1792,896,3584,0,2.8388,661.9,2.52,ok,0.9235
prescan,ds-id6,64,2048,7168,128,128,512,native,0.125,0.250,896,448,1792,0,2.7542,682.2,0.37,ok,0.9518
prescan,ds-id6,64,2048,7168,128,128,1024,native,0.250,0.500,448,224,896,0,2.7639,679.9,0.77,ok,0.9485
prescan,ds-id6,64,2048,7168,128,128,2048,native,0.500,1.000,224,112,448,0,2.6672,704.5,0.10,ok,0.9829
prescan,ds-id6,64,2048,7168,128,128,4096,native,0.500,1.000,224,112,448,0,2.6663,704.8,0.78,ok,0.9832
prescan,ds-id6,64,2048,7168,128,256,256,native,0.062,0.250,896,896,3584,0,2.6835,700.2,0.19,ok,0.9769
prescan,ds-id6,64,2048,7168,128,256,512,native,0.125,0.500,448,448,1792,0,2.5730,730.3,0.06,ok,1.0189
prescan,ds-id6,64,2048,7168,128,256,1024,native,0.250,1.000,224,224,896,0,2.5672,731.9,0.66,ok,1.0212
prescan,ds-id6,64,2048,7168,128,256,2048,native,0.500,2.000,112,112,448,0,2.4796,757.8,0.52,ok,1.0573
prescan,ds-id6,64,2048,7168,128,256,4096,native,0.500,2.000,112,112,448,0,2.4699,760.8,0.63,ok,1.0614
prescan,ds-id6,64,2048,7168,128,512,256,native,0.062,0.500,448,896,3584,0,2.5959,723.8,0.67,ok,1.0099
prescan,ds-id6,64,2048,7168,128,512,512,native,0.125,1.000,224,448,1792,0,2.4966,752.7,0.08,ok,1.0501
prescan,ds-id6,64,2048,7168,128,512,1024,native,0.250,2.000,112,224,896,0,2.4788,758.1,2.01,ok,1.0576
prescan,ds-id6,64,2048,7168,128,512,2048,native,0.500,4.000,56,112,448,0,2.3785,790.0,0.04,ok,1.1022
prescan,ds-id6,64,2048,7168,128,512,4096,native,0.500,4.000,56,112,448,0,2.3793,789.8,0.03,ok,1.1018
prescan,ds-id6,64,2048,7168,128,1024,256,native,0.062,1.000,224,896,3584,0,2.5355,741.1,1.45,ok,1.0339
prescan,ds-id6,64,2048,7168,128,1024,512,native,0.125,2.000,112,448,1792,0,2.4581,764.4,2.49,ok,1.0665
prescan,ds-id6,64,2048,7168,128,1024,1024,native,0.250,4.000,56,224,896,0,2.4335,772.2,2.51,ok,1.0773
prescan,ds-id6,64,2048,7168,128,1024,2048,native,0.500,8.000,28,112,448,0,2.5759,729.5,0.61,ok,1.0177
prescan,ds-id6,64,2048,7168,128,1024,4096,native,0.500,8.000,28,112,448,0,2.5840,727.2,1.14,ok,1.0145
final,ds-id6,64,2048,7168,16,1024,1024,native,0.062,4.000,56,224,896,63,2.4450,768.5,1.04,ok,1.0714
final,ds-id6,64,2048,7168,16,1024,512,native,0.031,2.000,112,448,1792,63,2.4685,761.2,0.11,ok,1.0613
final,ds-id6,64,2048,7168,16,512,4096,native,0.125,4.000,56,112,448,63,2.4474,767.8,0.89,ok,1.0704
final,ds-id6,64,2048,7168,16,512,2048,native,0.125,4.000,56,112,448,63,2.4497,767.0,0.23,ok,1.0694
final,ds-id6,64,2048,7168,32,512,4096,native,0.250,4.000,56,112,448,60,2.4544,765.6,0.16,ok,1.0673
final,ds-id6,64,2048,7168,64,512,4096,native,0.500,4.000,56,112,448,63,2.4634,762.8,0.16,ok,1.0634
final,ds-id6,64,2048,7168,64,512,2048,native,0.500,4.000,56,112,448,61,2.4567,764.9,0.96,ok,1.0664
final,ds-id6,64,2048,7168,128,512,2048,native,0.500,4.000,56,112,448,60,2.4619,763.3,1.60,ok,1.0641
final,ds-id6,64,2048,7168,128,512,4096,native,0.500,4.000,56,112,448,63,2.4538,765.8,0.71,ok,1.0676
final,ds-id6,64,2048,7168,32,512,2048,native,0.250,4.000,56,112,448,60,2.4536,765.8,0.97,ok,1.0677
final,ds-id6,64,2048,7168,32,1024,1024,native,0.125,4.000,56,224,896,60,2.4249,774.9,1.46,ok,1.0803
final,ds-id6,64,2048,7168,64,1024,1024,native,0.250,4.000,56,224,896,60,2.4559,765.1,1.12,ok,1.0667
final,ds-id6,64,2048,7168,32,1024,512,native,0.062,2.000,112,448,1792,59,2.4889,755.0,1.42,ok,1.0526
final,ds-id6,64,2048,7168,16,256,2048,native,0.125,2.000,112,112,448,55,2.6197,717.3,0.50,ok,1.0000
prescan,ds-id7,128,7168,2112,16,64,256,native,0.016,0.062,7392,924,7392,0,5.5919,693.1,0.77,ok,0.6886
prescan,ds-id7,128,7168,2112,16,64,512,native,0.031,0.125,3696,462,3696,0,4.9418,784.2,0.03,ok,0.7791
prescan,ds-id7,128,7168,2112,16,64,1024,native,0.062,0.250,1848,231,1848,0,4.8619,797.1,2.67,ok,0.7919
prescan,ds-id7,128,7168,2112,16,64,2048,native,0.125,0.500,1056,132,1056,0,4.7345,818.6,3.68,ok,0.8132
prescan,ds-id7,128,7168,2112,16,64,4096,native,0.250,1.000,528,66,528,0,4.7553,815.0,0.41,ok,0.8097
prescan,ds-id7,128,7168,2112,16,128,256,native,0.016,0.125,3808,924,7392,0,4.6142,839.9,2.31,ok,0.8344
prescan,ds-id7,128,7168,2112,16,128,512,native,0.031,0.250,1904,462,3696,0,4.3968,881.4,0.72,ok,0.8757
prescan,ds-id7,128,7168,2112,16,128,1024,native,0.062,0.500,952,231,1848,0,4.2765,906.2,1.89,ok,0.9004
prescan,ds-id7,128,7168,2112,16,128,2048,native,0.125,1.000,544,132,1056,0,4.2472,912.5,0.61,ok,0.9066
prescan,ds-id7,128,7168,2112,16,128,4096,native,0.250,2.000,272,66,528,0,4.1554,932.7,0.49,ok,0.9266
prescan,ds-id7,128,7168,2112,16,256,256,native,0.016,0.250,2016,924,7392,0,4.3488,891.2,0.13,ok,0.8854
prescan,ds-id7,128,7168,2112,16,256,512,native,0.031,0.500,1008,462,3696,0,3.9692,976.4,0.23,ok,0.9700
prescan,ds-id7,128,7168,2112,16,256,1024,native,0.062,1.000,504,231,1848,0,3.8450,1007.9,0.18,ok,1.0014
prescan,ds-id7,128,7168,2112,16,256,2048,native,0.125,2.000,288,132,1056,0,3.8503,1006.5,0.34,ok,1.0000
prescan,ds-id7,128,7168,2112,16,256,4096,native,0.250,4.000,144,66,528,0,3.7569,1031.6,0.03,ok,1.0249
prescan,ds-id7,128,7168,2112,16,512,256,native,0.016,0.500,1120,924,7392,0,4.0404,959.2,0.11,ok,0.9529
prescan,ds-id7,128,7168,2112,16,512,512,native,0.031,1.000,560,462,3696,0,3.8142,1016.1,0.07,ok,1.0095
prescan,ds-id7,128,7168,2112,16,512,1024,native,0.062,2.000,280,231,1848,0,3.6948,1048.9,0.53,ok,1.0421
prescan,ds-id7,128,7168,2112,16,512,2048,native,0.125,4.000,160,132,1056,0,3.6398,1064.8,0.04,ok,1.0578
prescan,ds-id7,128,7168,2112,16,512,4096,native,0.250,8.000,80,66,528,0,4.0272,962.3,2.28,ok,0.9561
prescan,ds-id7,128,7168,2112,16,1024,256,native,0.016,1.000,672,924,7392,0,3.9856,972.4,3.72,ok,0.9661
prescan,ds-id7,128,7168,2112,16,1024,512,native,0.031,2.000,336,462,3696,0,3.7106,1044.5,3.79,ok,1.0377
prescan,ds-id7,128,7168,2112,16,1024,1024,native,0.062,4.000,168,231,1848,0,3.6425,1064.0,0.07,ok,1.0571
prescan,ds-id7,128,7168,2112,16,1024,2048,native,0.125,8.000,96,132,1056,0,4.0970,945.9,0.02,ok,0.9398
prescan,ds-id7,128,7168,2112,16,1024,4096,native,0.250,16.000,48,66,528,0,5.8619,661.1,0.28,ok,0.6568
prescan,ds-id7,128,7168,2112,32,64,256,native,0.031,0.062,7392,924,7392,0,5.4777,707.5,5.35,ok,0.7029
prescan,ds-id7,128,7168,2112,32,64,512,native,0.062,0.125,3696,462,3696,0,4.8989,791.1,4.14,ok,0.7860
prescan,ds-id7,128,7168,2112,32,64,1024,native,0.125,0.250,1848,231,1848,0,4.9725,779.4,8.77,ok,0.7743
prescan,ds-id7,128,7168,2112,32,64,2048,native,0.250,0.500,1056,132,1056,0,4.8067,806.3,0.77,ok,0.8010
prescan,ds-id7,128,7168,2112,32,64,4096,native,0.500,1.000,528,66,528,0,4.8264,803.0,2.70,ok,0.7978
prescan,ds-id7,128,7168,2112,32,128,256,native,0.031,0.125,3808,924,7392,0,4.6132,840.1,0.07,ok,0.8346
prescan,ds-id7,128,7168,2112,32,128,512,native,0.062,0.250,1904,462,3696,0,4.3963,881.6,0.08,ok,0.8758
prescan,ds-id7,128,7168,2112,32,128,1024,native,0.125,0.500,952,231,1848,0,4.2070,921.2,0.63,ok,0.9152
prescan,ds-id7,128,7168,2112,32,128,2048,native,0.250,1.000,544,132,1056,0,4.1728,928.8,0.21,ok,0.9227
prescan,ds-id7,128,7168,2112,32,128,4096,native,0.500,2.000,272,66,528,0,4.1252,939.5,0.19,ok,0.9334
prescan,ds-id7,128,7168,2112,32,256,256,native,0.031,0.250,2016,924,7392,0,4.2722,907.2,0.37,ok,0.9013
prescan,ds-id7,128,7168,2112,32,256,512,native,0.062,0.500,1008,462,3696,0,4.0886,947.9,0.32,ok,0.9417
prescan,ds-id7,128,7168,2112,32,256,1024,native,0.125,1.000,504,231,1848,0,3.9312,985.8,0.54,ok,0.9794
prescan,ds-id7,128,7168,2112,32,256,2048,native,0.250,2.000,288,132,1056,0,3.8740,1000.4,0.56,ok,0.9939
prescan,ds-id7,128,7168,2112,32,256,4096,native,0.500,4.000,144,66,528,0,3.8259,1013.0,0.03,ok,1.0064
prescan,ds-id7,128,7168,2112,32,512,256,native,0.031,0.500,1120,924,7392,0,4.0575,955.2,0.16,ok,0.9490
prescan,ds-id7,128,7168,2112,32,512,512,native,0.062,1.000,560,462,3696,0,3.8386,1009.6,1.58,ok,1.0030
prescan,ds-id7,128,7168,2112,32,512,1024,native,0.125,2.000,280,231,1848,0,3.6920,1049.7,1.69,ok,1.0429
prescan,ds-id7,128,7168,2112,32,512,2048,native,0.250,4.000,160,132,1056,0,3.6438,1063.6,0.11,ok,1.0567
prescan,ds-id7,128,7168,2112,32,512,4096,native,0.500,8.000,80,66,528,0,4.0870,948.3,0.43,ok,0.9421
prescan,ds-id7,128,7168,2112,32,1024,256,native,0.031,1.000,672,924,7392,0,3.9911,971.1,0.02,ok,0.9647
prescan,ds-id7,128,7168,2112,32,1024,512,native,0.062,2.000,336,462,3696,0,3.7871,1023.4,1.40,ok,1.0167
prescan,ds-id7,128,7168,2112,32,1024,1024,native,0.125,4.000,168,231,1848,0,3.7184,1042.3,2.89,ok,1.0355
prescan,ds-id7,128,7168,2112,32,1024,2048,native,0.250,8.000,96,132,1056,0,4.0454,958.0,1.03,ok,0.9518
prescan,ds-id7,128,7168,2112,32,1024,4096,native,0.500,16.000,48,66,528,0,5.2140,743.3,3.70,ok,0.7385
prescan,ds-id7,128,7168,2112,64,64,256,native,0.062,0.062,7392,924,7392,0,5.7118,678.5,1.30,ok,0.6741
prescan,ds-id7,128,7168,2112,64,64,512,native,0.125,0.125,3696,462,3696,0,5.0523,767.1,0.10,ok,0.7621
prescan,ds-id7,128,7168,2112,64,64,1024,native,0.250,0.250,1848,231,1848,0,4.9153,788.5,0.30,ok,0.7833
prescan,ds-id7,128,7168,2112,64,64,2048,native,0.500,0.500,1056,132,1056,0,4.8686,796.0,0.25,ok,0.7909
prescan,ds-id7,128,7168,2112,64,64,4096,native,1.000,1.000,528,66,528,0,4.8836,793.6,0.21,ok,0.7884
prescan,ds-id7,128,7168,2112,64,128,256,native,0.062,0.125,3808,924,7392,0,4.6984,824.9,2.35,ok,0.8195
prescan,ds-id7,128,7168,2112,64,128,512,native,0.125,0.250,1904,462,3696,0,4.3144,898.3,0.28,ok,0.8924
prescan,ds-id7,128,7168,2112,64,128,1024,native,0.250,0.500,952,231,1848,0,4.1094,943.1,0.50,ok,0.9369
prescan,ds-id7,128,7168,2112,64,128,2048,native,0.500,1.000,544,132,1056,0,4.1111,942.7,0.57,ok,0.9366
prescan,ds-id7,128,7168,2112,64,128,4096,native,1.000,2.000,272,66,528,0,4.0499,956.9,1.28,ok,0.9507
prescan,ds-id7,128,7168,2112,64,256,256,native,0.062,0.250,2016,924,7392,0,4.2299,916.2,1.29,ok,0.9103
prescan,ds-id7,128,7168,2112,64,256,512,native,0.125,0.500,1008,462,3696,0,4.0146,965.3,1.56,ok,0.9591
prescan,ds-id7,128,7168,2112,64,256,1024,native,0.250,1.000,504,231,1848,0,3.7845,1024.1,0.84,ok,1.0174
prescan,ds-id7,128,7168,2112,64,256,2048,native,0.500,2.000,288,132,1056,0,3.7922,1022.0,1.06,ok,1.0153
prescan,ds-id7,128,7168,2112,64,256,4096,native,1.000,4.000,144,66,528,0,3.7605,1030.6,0.26,ok,1.0239
prescan,ds-id7,128,7168,2112,64,512,256,native,0.062,0.500,1120,924,7392,0,4.1171,941.3,0.85,ok,0.9352
prescan,ds-id7,128,7168,2112,64,512,512,native,0.125,1.000,560,462,3696,0,3.8798,998.9,0.75,ok,0.9924
prescan,ds-id7,128,7168,2112,64,512,1024,native,0.250,2.000,280,231,1848,0,3.6060,1074.7,0.49,ok,1.0678
prescan,ds-id7,128,7168,2112,64,512,2048,native,0.500,4.000,160,132,1056,0,3.7828,1024.5,1.62,ok,1.0179
prescan,ds-id7,128,7168,2112,64,512,4096,native,1.000,8.000,80,66,528,0,4.0192,964.2,0.13,ok,0.9580
prescan,ds-id7,128,7168,2112,64,1024,256,native,0.062,1.000,672,924,7392,0,4.0486,957.3,0.15,ok,0.9510
prescan,ds-id7,128,7168,2112,64,1024,512,native,0.125,2.000,336,462,3696,0,3.8102,1017.1,1.41,ok,1.0105
prescan,ds-id7,128,7168,2112,64,1024,1024,native,0.250,4.000,168,231,1848,0,3.6848,1051.8,0.91,ok,1.0449
prescan,ds-id7,128,7168,2112,64,1024,2048,native,0.500,8.000,96,132,1056,0,3.9120,990.7,0.03,ok,0.9842
prescan,ds-id7,128,7168,2112,64,1024,4096,native,1.000,16.000,48,66,528,0,4.7621,813.8,0.34,ok,0.8085
prescan,ds-id7,128,7168,2112,128,64,256,native,0.125,0.062,7392,924,7392,0,5.7697,671.7,0.11,ok,0.6673
prescan,ds-id7,128,7168,2112,128,64,512,native,0.250,0.125,3696,462,3696,0,5.0663,765.0,0.07,ok,0.7600
prescan,ds-id7,128,7168,2112,128,64,1024,native,0.500,0.250,1848,231,1848,0,4.8968,791.4,0.21,ok,0.7863
prescan,ds-id7,128,7168,2112,128,64,2048,native,1.000,0.500,1056,132,1056,0,4.8598,797.5,0.48,ok,0.7923
prescan,ds-id7,128,7168,2112,128,64,4096,native,2.000,1.000,528,66,528,0,4.8565,798.0,0.01,ok,0.7928
prescan,ds-id7,128,7168,2112,128,128,256,native,0.125,0.125,3808,924,7392,0,4.7275,819.8,0.45,ok,0.8145
prescan,ds-id7,128,7168,2112,128,128,512,native,0.250,0.250,1904,462,3696,0,4.3373,893.5,0.14,ok,0.8877
prescan,ds-id7,128,7168,2112,128,128,1024,native,0.500,0.500,952,231,1848,0,4.1334,937.6,0.25,ok,0.9315
prescan,ds-id7,128,7168,2112,128,128,2048,native,1.000,1.000,544,132,1056,0,4.0886,947.9,0.44,ok,0.9417
prescan,ds-id7,128,7168,2112,128,128,4096,native,2.000,2.000,272,66,528,0,4.0924,947.0,0.88,ok,0.9409
prescan,ds-id7,128,7168,2112,128,256,256,native,0.125,0.250,2016,924,7392,0,4.3002,901.2,1.56,ok,0.8954
prescan,ds-id7,128,7168,2112,128,256,512,native,0.250,0.500,1008,462,3696,0,4.0101,966.5,1.66,ok,0.9602
prescan,ds-id7,128,7168,2112,128,256,1024,native,0.500,1.000,504,231,1848,0,3.8036,1018.9,1.13,ok,1.0123
prescan,ds-id7,128,7168,2112,128,256,2048,native,1.000,2.000,288,132,1056,0,3.7732,1027.1,0.90,ok,1.0204
prescan,ds-id7,128,7168,2112,128,256,4096,native,2.000,4.000,144,66,528,0,3.7684,1028.4,0.29,ok,1.0217
prescan,ds-id7,128,7168,2112,128,512,256,native,0.125,0.500,1120,924,7392,0,4.0891,947.8,1.00,ok,0.9416
prescan,ds-id7,128,7168,2112,128,512,512,native,0.250,1.000,560,462,3696,0,3.8688,1001.7,0.36,ok,0.9952
prescan,ds-id7,128,7168,2112,128,512,1024,native,0.500,2.000,280,231,1848,0,3.6463,1062.9,0.11,ok,1.0560
prescan,ds-id7,128,7168,2112,128,512,2048,native,1.000,4.000,160,132,1056,0,3.6575,1059.6,0.49,ok,1.0527
prescan,ds-id7,128,7168,2112,128,512,4096,native,2.000,8.000,80,66,528,0,4.2190,918.6,0.32,ok,0.9126
prescan,ds-id7,128,7168,2112,128,1024,256,native,0.125,1.000,672,924,7392,0,4.0566,955.4,0.03,ok,0.9491
prescan,ds-id7,128,7168,2112,128,1024,512,native,0.250,2.000,336,462,3696,0,3.7862,1023.6,0.33,ok,1.0169
prescan,ds-id7,128,7168,2112,128,1024,1024,native,0.500,4.000,168,231,1848,0,3.5994,1076.7,0.45,ok,1.0697
prescan,ds-id7,128,7168,2112,128,1024,2048,native,1.000,8.000,96,132,1056,0,4.0356,960.3,0.06,ok,0.9541
prescan,ds-id7,128,7168,2112,128,1024,4096,native,2.000,16.000,48,66,528,0,4.4620,868.6,0.03,ok,0.8629
final,ds-id7,128,7168,2112,128,1024,1024,native,0.500,4.000,168,231,1848,41,3.6807,1052.9,1.22,ok,1.0480
final,ds-id7,128,7168,2112,64,512,1024,native,0.250,2.000,280,231,1848,39,3.7117,1044.1,2.19,ok,1.0392
final,ds-id7,128,7168,2112,16,512,2048,native,0.125,4.000,160,132,1056,40,3.7219,1041.3,1.32,ok,1.0364
final,ds-id7,128,7168,2112,16,1024,1024,native,0.062,4.000,168,231,1848,40,3.6939,1049.2,0.91,ok,1.0442
final,ds-id7,128,7168,2112,32,512,2048,native,0.250,4.000,160,132,1056,40,3.7559,1031.9,4.18,ok,1.0270
final,ds-id7,128,7168,2112,128,512,1024,native,0.500,2.000,280,231,1848,41,3.7139,1043.5,1.28,ok,1.0386
final,ds-id7,128,7168,2112,128,512,2048,native,1.000,4.000,160,132,1056,41,3.6643,1057.7,0.80,ok,1.0527
final,ds-id7,128,7168,2112,64,1024,1024,native,0.250,4.000,168,231,1848,42,3.6904,1050.2,1.67,ok,1.0452
final,ds-id7,128,7168,2112,32,512,1024,native,0.125,2.000,280,231,1848,39,3.7483,1033.9,0.28,ok,1.0291
final,ds-id7,128,7168,2112,16,512,1024,native,0.062,2.000,280,231,1848,40,3.7529,1032.7,1.87,ok,1.0278
final,ds-id7,128,7168,2112,16,256,2048,native,0.125,2.000,288,132,1056,36,3.8573,1004.7,1.40,ok,1.0000
prescan,ds-id8,128,1536,24576,16,64,256,native,0.016,0.062,18432,2304,18432,0,15.6025,619.4,0.64,ok,0.6381
prescan,ds-id8,128,1536,24576,16,64,512,native,0.031,0.125,9216,1152,9216,0,14.3431,673.8,0.22,ok,0.6942
prescan,ds-id8,128,1536,24576,16,64,1024,native,0.062,0.250,6144,768,6144,0,13.8642,697.0,0.41,ok,0.7181
prescan,ds-id8,128,1536,24576,16,64,2048,native,0.094,0.375,3072,384,3072,0,12.7303,759.1,0.16,ok,0.7821
prescan,ds-id8,128,1536,24576,16,64,4096,native,0.094,0.375,3072,384,3072,0,12.7176,759.9,0.09,ok,0.7829
prescan,ds-id8,128,1536,24576,16,128,256,native,0.016,0.125,9216,2304,18432,0,13.7677,701.9,0.77,ok,0.7232
prescan,ds-id8,128,1536,24576,16,128,512,native,0.031,0.250,4608,1152,9216,0,12.1949,792.4,0.29,ok,0.8164
prescan,ds-id8,128,1536,24576,16,128,1024,native,0.062,0.500,3072,768,6144,0,11.9664,807.6,0.34,ok,0.8320
prescan,ds-id8,128,1536,24576,16,128,2048,native,0.094,0.750,1536,384,3072,0,11.0102,877.7,0.01,ok,0.9043
prescan,ds-id8,128,1536,24576,16,128,4096,native,0.094,0.750,1536,384,3072,0,11.0090,877.8,0.00,ok,0.9044
prescan,ds-id8,128,1536,24576,16,256,256,native,0.016,0.250,4608,2304,18432,0,12.8938,749.5,0.30,ok,0.7722
prescan,ds-id8,128,1536,24576,16,256,512,native,0.031,0.500,2304,1152,9216,0,11.2395,859.8,0.07,ok,0.8858
prescan,ds-id8,128,1536,24576,16,256,1024,native,0.062,1.000,1536,768,6144,0,10.9699,880.9,0.24,ok,0.9076
prescan,ds-id8,128,1536,24576,16,256,2048,native,0.094,1.500,768,384,3072,0,9.9563,970.6,4.08,ok,1.0000
prescan,ds-id8,128,1536,24576,16,256,4096,native,0.094,1.500,768,384,3072,0,10.2872,939.4,2.91,ok,0.9678
prescan,ds-id8,128,1536,24576,16,512,256,native,0.016,0.500,2304,2304,18432,0,12.3449,782.8,5.59,ok,0.8065
prescan,ds-id8,128,1536,24576,16,512,512,native,0.031,1.000,1152,1152,9216,0,11.1046,870.2,2.91,ok,0.8966
prescan,ds-id8,128,1536,24576,16,512,1024,native,0.062,2.000,768,768,6144,0,10.8636,889.5,4.74,ok,0.9165
prescan,ds-id8,128,1536,24576,16,512,2048,native,0.094,3.000,384,384,3072,0,9.8423,981.9,3.76,ok,1.0116
prescan,ds-id8,128,1536,24576,16,512,4096,native,0.094,3.000,384,384,3072,0,9.8636,979.7,4.29,ok,1.0094
prescan,ds-id8,128,1536,24576,16,1024,256,native,0.016,1.000,1152,2304,18432,0,12.1946,792.5,4.23,ok,0.8165
prescan,ds-id8,128,1536,24576,16,1024,512,native,0.031,2.000,576,1152,9216,0,10.7412,899.7,0.99,ok,0.9269
prescan,ds-id8,128,1536,24576,16,1024,1024,native,0.062,4.000,384,768,6144,0,10.4305,926.5,2.74,ok,0.9545
prescan,ds-id8,128,1536,24576,16,1024,2048,native,0.094,6.000,192,384,3072,0,9.8445,981.6,4.95,ok,1.0114
prescan,ds-id8,128,1536,24576,16,1024,4096,native,0.094,6.000,192,384,3072,0,9.8736,978.7,5.19,ok,1.0084
prescan,ds-id8,128,1536,24576,32,64,256,native,0.031,0.062,18432,2304,18432,0,16.1673,597.7,3.44,ok,0.6158
prescan,ds-id8,128,1536,24576,32,64,512,native,0.062,0.125,9216,1152,9216,0,14.3459,673.6,1.51,ok,0.6940
prescan,ds-id8,128,1536,24576,32,64,1024,native,0.125,0.250,6144,768,6144,0,13.6812,706.3,3.34,ok,0.7277
prescan,ds-id8,128,1536,24576,32,64,2048,native,0.188,0.375,3072,384,3072,0,12.5692,768.8,2.07,ok,0.7921
prescan,ds-id8,128,1536,24576,32,64,4096,native,0.188,0.375,3072,384,3072,0,12.5971,767.1,1.65,ok,0.7904
prescan,ds-id8,128,1536,24576,32,128,256,native,0.031,0.125,9216,2304,18432,0,13.3155,725.7,1.14,ok,0.7477
prescan,ds-id8,128,1536,24576,32,128,512,native,0.062,0.250,4608,1152,9216,0,12.1648,794.4,5.82,ok,0.8185
prescan,ds-id8,128,1536,24576,32,128,1024,native,0.125,0.500,3072,768,6144,0,11.8524,815.3,2.83,ok,0.8400
prescan,ds-id8,128,1536,24576,32,128,2048,native,0.188,0.750,1536,384,3072,0,10.9651,881.3,0.01,ok,0.9080
prescan,ds-id8,128,1536,24576,32,128,4096,native,0.188,0.750,1536,384,3072,0,10.9796,880.1,0.07,ok,0.9068
prescan,ds-id8,128,1536,24576,32,256,256,native,0.031,0.250,4608,2304,18432,0,12.4375,777.0,2.39,ok,0.8005
prescan,ds-id8,128,1536,24576,32,256,512,native,0.062,0.500,2304,1152,9216,0,11.2543,858.7,4.60,ok,0.8847
prescan,ds-id8,128,1536,24576,32,256,1024,native,0.125,1.000,1536,768,6144,0,11.0488,874.6,0.80,ok,0.9011
prescan,ds-id8,128,1536,24576,32,256,2048,native,0.188,1.500,768,384,3072,0,9.7887,987.2,0.05,ok,1.0171
prescan,ds-id8,128,1536,24576,32,256,4096,native,0.188,1.500,768,384,3072,0,10.1129,955.6,6.06,ok,0.9845
prescan,ds-id8,128,1536,24576,32,512,256,native,0.031,0.500,2304,2304,18432,0,12.2573,788.4,3.47,ok,0.8123
prescan,ds-id8,128,1536,24576,32,512,512,native,0.062,1.000,1152,1152,9216,0,11.0289,876.2,5.60,ok,0.9027
prescan,ds-id8,128,1536,24576,32,512,1024,native,0.125,2.000,768,768,6144,0,10.7937,895.3,3.01,ok,0.9224
prescan,ds-id8,128,1536,24576,32,512,2048,native,0.188,3.000,384,384,3072,0,9.8206,984.0,10.82,ok,1.0138
prescan,ds-id8,128,1536,24576,32,512,4096,native,0.188,3.000,384,384,3072,0,9.8049,985.6,10.60,ok,1.0154
prescan,ds-id8,128,1536,24576,32,1024,256,native,0.031,1.000,1152,2304,18432,0,11.7531,822.2,3.11,ok,0.8471
prescan,ds-id8,128,1536,24576,32,1024,512,native,0.062,2.000,576,1152,9216,0,10.7087,902.4,7.98,ok,0.9297
prescan,ds-id8,128,1536,24576,32,1024,1024,native,0.125,4.000,384,768,6144,0,10.3798,931.0,7.50,ok,0.9592
prescan,ds-id8,128,1536,24576,32,1024,2048,native,0.188,6.000,192,384,3072,0,9.7538,990.8,9.31,ok,1.0208
prescan,ds-id8,128,1536,24576,32,1024,4096,native,0.188,6.000,192,384,3072,0,9.7601,990.1,9.24,ok,1.0201
prescan,ds-id8,128,1536,24576,64,64,256,native,0.062,0.062,18432,2304,18432,0,16.2854,593.4,2.74,ok,0.6114
prescan,ds-id8,128,1536,24576,64,64,512,native,0.125,0.125,9216,1152,9216,0,14.7415,655.5,3.76,ok,0.6754
prescan,ds-id8,128,1536,24576,64,64,1024,native,0.250,0.250,6144,768,6144,0,14.1232,684.2,3.30,ok,0.7050
prescan,ds-id8,128,1536,24576,64,64,2048,native,0.375,0.375,3072,384,3072,0,12.8561,751.7,3.35,ok,0.7744
prescan,ds-id8,128,1536,24576,64,64,4096,native,0.375,0.375,3072,384,3072,0,12.8478,752.2,3.38,ok,0.7749
prescan,ds-id8,128,1536,24576,64,128,256,native,0.062,0.125,9216,2304,18432,0,13.6540,707.8,1.35,ok,0.7292
prescan,ds-id8,128,1536,24576,64,128,512,native,0.125,0.250,4608,1152,9216,0,12.2359,789.8,3.84,ok,0.8137
prescan,ds-id8,128,1536,24576,64,128,1024,native,0.250,0.500,3072,768,6144,0,11.9328,809.8,3.81,ok,0.8344
prescan,ds-id8,128,1536,24576,64,128,2048,native,0.375,0.750,1536,384,3072,0,11.1504,866.7,3.45,ok,0.8929
prescan,ds-id8,128,1536,24576,64,128,4096,native,0.375,0.750,1536,384,3072,0,11.1499,866.7,3.34,ok,0.8930
prescan,ds-id8,128,1536,24576,64,256,256,native,0.062,0.250,4608,2304,18432,0,12.8217,753.7,3.28,ok,0.7765
prescan,ds-id8,128,1536,24576,64,256,512,native,0.125,0.500,2304,1152,9216,0,11.2799,856.7,3.38,ok,0.8827
prescan,ds-id8,128,1536,24576,64,256,1024,native,0.250,1.000,1536,768,6144,0,10.9449,882.9,3.44,ok,0.9097
prescan,ds-id8,128,1536,24576,64,256,2048,native,0.375,1.500,768,384,3072,0,10.0279,963.7,3.64,ok,0.9929
prescan,ds-id8,128,1536,24576,64,256,4096,native,0.375,1.500,768,384,3072,0,10.0240,964.1,3.70,ok,0.9932
prescan,ds-id8,128,1536,24576,64,512,256,native,0.062,0.500,2304,2304,18432,0,12.1111,797.9,3.10,ok,0.8221
prescan,ds-id8,128,1536,24576,64,512,512,native,0.125,1.000,1152,1152,9216,0,10.7443,899.4,3.11,ok,0.9267
prescan,ds-id8,128,1536,24576,64,512,1024,native,0.250,2.000,768,768,6144,0,10.5211,918.5,2.82,ok,0.9463
prescan,ds-id8,128,1536,24576,64,512,2048,native,0.375,3.000,384,384,3072,0,9.7135,994.9,0.17,ok,1.0250
prescan,ds-id8,128,1536,24576,64,512,4096,native,0.375,3.000,384,384,3072,0,9.7172,994.5,0.20,ok,1.0246
prescan,ds-id8,128,1536,24576,64,1024,256,native,0.062,1.000,1152,2304,18432,0,11.8778,813.6,2.36,ok,0.8382
prescan,ds-id8,128,1536,24576,64,1024,512,native,0.125,2.000,576,1152,9216,0,10.6690,905.8,0.60,ok,0.9332
prescan,ds-id8,128,1536,24576,64,1024,1024,native,0.250,4.000,384,768,6144,0,10.4607,923.8,0.71,ok,0.9518
prescan,ds-id8,128,1536,24576,64,1024,2048,native,0.375,6.000,192,384,3072,0,9.7602,990.1,0.26,ok,1.0201
prescan,ds-id8,128,1536,24576,64,1024,4096,native,0.375,6.000,192,384,3072,0,9.7627,989.9,0.26,ok,1.0198
prescan,ds-id8,128,1536,24576,128,64,256,native,0.125,0.062,18432,2304,18432,0,16.0518,602.0,0.42,ok,0.6203
prescan,ds-id8,128,1536,24576,128,64,512,native,0.250,0.125,9216,1152,9216,0,14.3913,671.5,0.11,ok,0.6918
prescan,ds-id8,128,1536,24576,128,64,1024,native,0.500,0.250,6144,768,6144,0,13.7727,701.7,0.45,ok,0.7229
prescan,ds-id8,128,1536,24576,128,64,2048,native,0.750,0.375,3072,384,3072,0,12.5034,772.9,0.07,ok,0.7963
prescan,ds-id8,128,1536,24576,128,64,4096,native,0.750,0.375,3072,384,3072,0,12.4967,773.3,0.02,ok,0.7967
prescan,ds-id8,128,1536,24576,128,128,256,native,0.125,0.125,9216,2304,18432,0,13.2565,729.0,0.03,ok,0.7511
prescan,ds-id8,128,1536,24576,128,128,512,native,0.250,0.250,4608,1152,9216,0,12.0183,804.1,0.13,ok,0.8284
prescan,ds-id8,128,1536,24576,128,128,1024,native,0.500,0.500,3072,768,6144,0,11.6852,827.0,0.07,ok,0.8520
prescan,ds-id8,128,1536,24576,128,128,2048,native,0.750,0.750,1536,384,3072,0,11.1092,869.9,3.24,ok,0.8962
prescan,ds-id8,128,1536,24576,128,128,4096,native,0.750,0.750,1536,384,3072,0,11.1065,870.1,3.09,ok,0.8964
prescan,ds-id8,128,1536,24576,128,256,256,native,0.125,0.250,4608,2304,18432,0,12.4299,777.5,1.89,ok,0.8010
prescan,ds-id8,128,1536,24576,128,256,512,native,0.250,0.500,2304,1152,9216,0,11.3647,850.3,3.26,ok,0.8761
prescan,ds-id8,128,1536,24576,128,256,1024,native,0.500,1.000,1536,768,6144,0,11.0411,875.2,1.88,ok,0.9017
prescan,ds-id8,128,1536,24576,128,256,2048,native,0.750,1.500,768,384,3072,0,10.3279,935.7,0.04,ok,0.9640
prescan,ds-id8,128,1536,24576,128,256,4096,native,0.750,1.500,768,384,3072,0,10.3277,935.7,0.23,ok,0.9640
prescan,ds-id8,128,1536,24576,128,512,256,native,0.125,0.500,2304,2304,18432,0,11.9949,805.7,2.99,ok,0.8300
prescan,ds-id8,128,1536,24576,128,512,512,native,0.250,1.000,1152,1152,9216,0,10.9845,879.8,0.75,ok,0.9064
prescan,ds-id8,128,1536,24576,128,512,1024,native,0.500,2.000,768,768,6144,0,10.6785,905.0,0.69,ok,0.9324
prescan,ds-id8,128,1536,24576,128,512,2048,native,0.750,3.000,384,384,3072,0,9.8362,982.5,0.19,ok,1.0122
prescan,ds-id8,128,1536,24576,128,512,4096,native,0.750,3.000,384,384,3072,0,9.8314,982.9,0.18,ok,1.0127
prescan,ds-id8,128,1536,24576,128,1024,256,native,0.125,1.000,1152,2304,18432,0,11.9025,811.9,2.77,ok,0.8365
prescan,ds-id8,128,1536,24576,128,1024,512,native,0.250,2.000,576,1152,9216,0,10.8045,894.4,1.76,ok,0.9215
prescan,ds-id8,128,1536,24576,128,1024,1024,native,0.500,4.000,384,768,6144,0,10.3317,935.3,0.45,ok,0.9637
prescan,ds-id8,128,1536,24576,128,1024,2048,native,0.750,6.000,192,384,3072,0,9.7892,987.2,0.07,ok,1.0171
prescan,ds-id8,128,1536,24576,128,1024,4096,native,0.750,6.000,192,384,3072,0,9.8110,985.0,0.04,ok,1.0148
final,ds-id8,128,1536,24576,64,512,2048,native,0.375,3.000,384,384,3072,15,9.7170,994.5,1.06,ok,1.0444
final,ds-id8,128,1536,24576,64,512,4096,native,0.375,3.000,384,384,3072,15,9.7040,995.8,0.15,ok,1.0458
final,ds-id8,128,1536,24576,32,1024,2048,native,0.188,6.000,192,384,3072,15,9.7084,995.4,1.05,ok,1.0454
final,ds-id8,128,1536,24576,32,1024,4096,native,0.188,6.000,192,384,3072,15,9.7039,995.9,0.58,ok,1.0458
final,ds-id8,128,1536,24576,64,1024,2048,native,0.375,6.000,192,384,3072,15,9.7867,987.4,6.03,ok,1.0370
final,ds-id8,128,1536,24576,64,1024,4096,native,0.375,6.000,192,384,3072,15,9.7853,987.6,0.26,ok,1.0371
final,ds-id8,128,1536,24576,32,256,2048,native,0.188,1.500,768,384,3072,14,10.1657,950.6,0.98,ok,0.9983
final,ds-id8,128,1536,24576,128,1024,2048,native,0.750,6.000,192,384,3072,15,9.8122,984.9,0.63,ok,1.0343
final,ds-id8,128,1536,24576,32,512,4096,native,0.188,3.000,384,384,3072,15,9.6985,996.4,1.17,ok,1.0464
final,ds-id8,128,1536,24576,128,1024,4096,native,0.750,6.000,192,384,3072,14,9.8094,985.1,1.08,ok,1.0346
final,ds-id8,128,1536,24576,32,512,2048,native,0.188,3.000,384,384,3072,15,9.6796,998.4,0.34,ok,1.0485
final,ds-id8,128,1536,24576,128,512,4096,native,0.750,3.000,384,384,3072,15,9.8386,982.2,0.15,ok,1.0315
final,ds-id8,128,1536,24576,128,512,2048,native,0.750,3.000,384,384,3072,15,9.8415,981.9,0.25,ok,1.0312
final,ds-id8,128,1536,24576,16,512,2048,native,0.094,3.000,384,384,3072,15,9.6564,1000.8,0.13,ok,1.0510
final,ds-id8,128,1536,24576,16,1024,2048,native,0.094,6.000,192,384,3072,15,9.7507,991.1,1.37,ok,1.0408
final,ds-id8,128,1536,24576,16,512,4096,native,0.094,3.000,384,384,3072,15,9.6589,1000.5,0.20,ok,1.0507
final,ds-id8,128,1536,24576,16,1024,4096,native,0.094,6.000,192,384,3072,15,9.6363,1002.8,0.34,ok,1.0532
final,ds-id8,128,1536,24576,16,256,2048,native,0.094,1.500,768,384,3072,14,10.1488,952.2,0.13,ok,1.0000
prescan,ds-id9,128,512,32768,16,64,256,native,0.016,0.062,8192,1024,8192,0,6.5317,657.6,2.45,ok,0.7088
prescan,ds-id9,128,512,32768,16,64,512,native,0.031,0.125,4096,512,4096,0,5.5065,780.0,0.01,ok,0.8408
prescan,ds-id9,128,512,32768,16,64,1024,native,0.031,0.125,4096,512,4096,0,5.5346,776.0,0.63,ok,0.8365
prescan,ds-id9,128,512,32768,16,64,2048,native,0.031,0.125,4096,512,4096,0,5.5206,778.0,0.23,ok,0.8386
prescan,ds-id9,128,512,32768,16,64,4096,native,0.031,0.125,4096,512,4096,0,5.5173,778.4,0.06,ok,0.8391
prescan,ds-id9,128,512,32768,16,128,256,native,0.016,0.125,4096,1024,8192,0,5.6085,765.8,0.09,ok,0.8255
prescan,ds-id9,128,512,32768,16,128,512,native,0.031,0.250,2048,512,4096,0,4.9148,873.9,2.64,ok,0.9420
prescan,ds-id9,128,512,32768,16,128,1024,native,0.031,0.250,2048,512,4096,0,4.9820,862.1,0.62,ok,0.9293
prescan,ds-id9,128,512,32768,16,128,2048,native,0.031,0.250,2048,512,4096,0,4.9779,862.8,0.71,ok,0.9301
prescan,ds-id9,128,512,32768,16,128,4096,native,0.031,0.250,2048,512,4096,0,4.9791,862.6,0.93,ok,0.9298
prescan,ds-id9,128,512,32768,16,256,256,native,0.016,0.250,2048,1024,8192,0,5.1908,827.4,0.10,ok,0.8919
prescan,ds-id9,128,512,32768,16,256,512,native,0.031,0.500,1024,512,4096,0,4.6346,926.7,0.11,ok,0.9989
prescan,ds-id9,128,512,32768,16,256,1024,native,0.031,0.500,1024,512,4096,0,4.6358,926.5,0.01,ok,0.9987
prescan,ds-id9,128,512,32768,16,256,2048,native,0.031,0.500,1024,512,4096,0,4.6297,927.7,0.20,ok,1.0000
prescan,ds-id9,128,512,32768,16,256,4096,native,0.031,0.500,1024,512,4096,0,4.6313,927.4,0.28,ok,0.9997
prescan,ds-id9,128,512,32768,16,512,256,native,0.016,0.500,1024,1024,8192,0,4.9995,859.1,2.10,ok,0.9260
prescan,ds-id9,128,512,32768,16,512,512,native,0.031,1.000,512,512,4096,0,4.4540,964.3,0.18,ok,1.0395
prescan,ds-id9,128,512,32768,16,512,1024,native,0.031,1.000,512,512,4096,0,4.4511,964.9,0.31,ok,1.0401
prescan,ds-id9,128,512,32768,16,512,2048,native,0.031,1.000,512,512,4096,0,4.4474,965.7,0.01,ok,1.0410
prescan,ds-id9,128,512,32768,16,512,4096,native,0.031,1.000,512,512,4096,0,4.4542,964.2,0.14,ok,1.0394
prescan,ds-id9,128,512,32768,16,1024,256,native,0.016,1.000,512,1024,8192,0,4.9862,861.4,2.86,ok,0.9285
prescan,ds-id9,128,512,32768,16,1024,512,native,0.031,2.000,256,512,4096,0,4.3598,985.1,0.16,ok,1.0619
prescan,ds-id9,128,512,32768,16,1024,1024,native,0.031,2.000,256,512,4096,0,4.3608,984.9,0.16,ok,1.0617
prescan,ds-id9,128,512,32768,16,1024,2048,native,0.031,2.000,256,512,4096,0,4.3627,984.5,0.24,ok,1.0612
prescan,ds-id9,128,512,32768,16,1024,4096,native,0.031,2.000,256,512,4096,0,4.3612,984.8,0.19,ok,1.0616
prescan,ds-id9,128,512,32768,32,64,256,native,0.031,0.062,8192,1024,8192,0,6.4225,668.7,0.11,ok,0.7209
prescan,ds-id9,128,512,32768,32,64,512,native,0.062,0.125,4096,512,4096,0,5.5117,779.2,0.24,ok,0.8400
prescan,ds-id9,128,512,32768,32,64,1024,native,0.062,0.125,4096,512,4096,0,5.5446,774.6,1.15,ok,0.8350
prescan,ds-id9,128,512,32768,32,64,2048,native,0.062,0.125,4096,512,4096,0,5.5681,771.4,1.56,ok,0.8315
prescan,ds-id9,128,512,32768,32,64,4096,native,0.062,0.125,4096,512,4096,0,5.5320,776.4,0.58,ok,0.8369
prescan,ds-id9,128,512,32768,32,128,256,native,0.031,0.125,4096,1024,8192,0,5.5765,770.2,0.04,ok,0.8302
prescan,ds-id9,128,512,32768,32,128,512,native,0.062,0.250,2048,512,4096,0,4.9534,867.1,0.09,ok,0.9346
prescan,ds-id9,128,512,32768,32,128,1024,native,0.062,0.250,2048,512,4096,0,4.9533,867.1,2.03,ok,0.9347
prescan,ds-id9,128,512,32768,32,128,2048,native,0.062,0.250,2048,512,4096,0,4.9431,868.9,0.80,ok,0.9366
prescan,ds-id9,128,512,32768,32,128,4096,native,0.062,0.250,2048,512,4096,0,4.9509,867.5,0.40,ok,0.9351
prescan,ds-id9,128,512,32768,32,256,256,native,0.031,0.250,2048,1024,8192,0,5.1621,832.0,0.36,ok,0.8969
prescan,ds-id9,128,512,32768,32,256,512,native,0.062,0.500,1024,512,4096,0,4.6382,926.0,0.04,ok,0.9982
prescan,ds-id9,128,512,32768,32,256,1024,native,0.062,0.500,1024,512,4096,0,4.6355,926.5,0.00,ok,0.9988
prescan,ds-id9,128,512,32768,32,256,2048,native,0.062,0.500,1024,512,4096,0,4.6367,926.3,0.02,ok,0.9985
prescan,ds-id9,128,512,32768,32,256,4096,native,0.062,0.500,1024,512,4096,0,4.6385,925.9,0.03,ok,0.9981
prescan,ds-id9,128,512,32768,32,512,256,native,0.031,0.500,1024,1024,8192,0,4.9639,865.2,0.97,ok,0.9327
prescan,ds-id9,128,512,32768,32,512,512,native,0.062,1.000,512,512,4096,0,4.4491,965.4,0.01,ok,1.0406
prescan,ds-id9,128,512,32768,32,512,1024,native,0.062,1.000,512,512,4096,0,4.4546,964.2,0.22,ok,1.0393
prescan,ds-id9,128,512,32768,32,512,2048,native,0.062,1.000,512,512,4096,0,4.4575,963.5,0.10,ok,1.0386
prescan,ds-id9,128,512,32768,32,512,4096,native,0.062,1.000,512,512,4096,0,4.4589,963.2,0.13,ok,1.0383
prescan,ds-id9,128,512,32768,32,1024,256,native,0.031,1.000,512,1024,8192,0,4.9387,869.7,2.42,ok,0.9374
prescan,ds-id9,128,512,32768,32,1024,512,native,0.062,2.000,256,512,4096,0,4.3688,983.1,0.05,ok,1.0597
prescan,ds-id9,128,512,32768,32,1024,1024,native,0.062,2.000,256,512,4096,0,4.3712,982.6,0.05,ok,1.0591
prescan,ds-id9,128,512,32768,32,1024,2048,native,0.062,2.000,256,512,4096,0,4.3674,983.4,0.08,ok,1.0601
prescan,ds-id9,128,512,32768,32,1024,4096,native,0.062,2.000,256,512,4096,0,4.3631,984.4,0.08,ok,1.0611
prescan,ds-id9,128,512,32768,64,64,256,native,0.062,0.062,8192,1024,8192,0,6.4567,665.2,0.20,ok,0.7170
prescan,ds-id9,128,512,32768,64,64,512,native,0.125,0.125,4096,512,4096,0,5.5067,780.0,0.02,ok,0.8407
prescan,ds-id9,128,512,32768,64,64,1024,native,0.125,0.125,4096,512,4096,0,5.5081,779.8,0.02,ok,0.8405
prescan,ds-id9,128,512,32768,64,64,2048,native,0.125,0.125,4096,512,4096,0,5.5079,779.8,0.05,ok,0.8406
prescan,ds-id9,128,512,32768,64,64,4096,native,0.125,0.125,4096,512,4096,0,5.5113,779.3,0.23,ok,0.8400
prescan,ds-id9,128,512,32768,64,128,256,native,0.062,0.125,4096,1024,8192,0,5.5966,767.4,0.17,ok,0.8272
prescan,ds-id9,128,512,32768,64,128,512,native,0.125,0.250,2048,512,4096,0,4.8547,884.7,2.80,ok,0.9537
prescan,ds-id9,128,512,32768,64,128,1024,native,0.125,0.250,2048,512,4096,0,5.0005,858.9,0.06,ok,0.9258
prescan,ds-id9,128,512,32768,64,128,2048,native,0.125,0.250,2048,512,4096,0,4.9101,874.7,2.63,ok,0.9429
prescan,ds-id9,128,512,32768,64,128,4096,native,0.125,0.250,2048,512,4096,0,4.9332,870.6,2.97,ok,0.9385
prescan,ds-id9,128,512,32768,64,256,256,native,0.062,0.250,2048,1024,8192,0,5.2031,825.5,1.16,ok,0.8898
prescan,ds-id9,128,512,32768,64,256,512,native,0.125,0.500,1024,512,4096,0,4.6308,927.5,0.02,ok,0.9998
prescan,ds-id9,128,512,32768,64,256,1024,native,0.125,0.500,1024,512,4096,0,4.6252,928.6,0.12,ok,1.0010
prescan,ds-id9,128,512,32768,64,256,2048,native,0.125,0.500,1024,512,4096,0,4.6303,927.6,0.17,ok,0.9999
prescan,ds-id9,128,512,32768,64,256,4096,native,0.125,0.500,1024,512,4096,0,4.6329,927.1,0.26,ok,0.9993
prescan,ds-id9,128,512,32768,64,512,256,native,0.062,0.500,1024,1024,8192,0,4.9679,864.5,0.48,ok,0.9319
prescan,ds-id9,128,512,32768,64,512,512,native,0.125,1.000,512,512,4096,0,4.4492,965.3,0.28,ok,1.0406
prescan,ds-id9,128,512,32768,64,512,1024,native,0.125,1.000,512,512,4096,0,4.4495,965.3,0.19,ok,1.0405
prescan,ds-id9,128,512,32768,64,512,2048,native,0.125,1.000,512,512,4096,0,4.4494,965.3,0.25,ok,1.0405
prescan,ds-id9,128,512,32768,64,512,4096,native,0.125,1.000,512,512,4096,0,4.4480,965.6,0.25,ok,1.0409
prescan,ds-id9,128,512,32768,64,1024,256,native,0.062,1.000,512,1024,8192,0,4.8698,882.0,1.21,ok,0.9507
prescan,ds-id9,128,512,32768,64,1024,512,native,0.125,2.000,256,512,4096,0,4.3625,984.5,0.25,ok,1.0613
prescan,ds-id9,128,512,32768,64,1024,1024,native,0.125,2.000,256,512,4096,0,4.3708,982.7,0.00,ok,1.0592
prescan,ds-id9,128,512,32768,64,1024,2048,native,0.125,2.000,256,512,4096,0,4.3663,983.7,0.22,ok,1.0603
prescan,ds-id9,128,512,32768,64,1024,4096,native,0.125,2.000,256,512,4096,0,4.3639,984.2,0.14,ok,1.0609
prescan,ds-id9,128,512,32768,128,64,256,native,0.125,0.062,8192,1024,8192,0,6.4608,664.8,0.12,ok,0.7166
prescan,ds-id9,128,512,32768,128,64,512,native,0.250,0.125,4096,512,4096,0,5.5101,779.5,0.24,ok,0.8402
prescan,ds-id9,128,512,32768,128,64,1024,native,0.250,0.125,4096,512,4096,0,5.5565,773.0,1.63,ok,0.8332
prescan,ds-id9,128,512,32768,128,64,2048,native,0.250,0.125,4096,512,4096,0,5.5193,778.2,0.05,ok,0.8388
prescan,ds-id9,128,512,32768,128,64,4096,native,0.250,0.125,4096,512,4096,0,5.5325,776.3,0.21,ok,0.8368
prescan,ds-id9,128,512,32768,128,128,256,native,0.125,0.125,4096,1024,8192,0,5.5982,767.2,0.08,ok,0.8270
prescan,ds-id9,128,512,32768,128,128,512,native,0.250,0.250,2048,512,4096,0,4.9652,865.0,0.42,ok,0.9324
prescan,ds-id9,128,512,32768,128,128,1024,native,0.250,0.250,2048,512,4096,0,4.9584,866.2,0.30,ok,0.9337
prescan,ds-id9,128,512,32768,128,128,2048,native,0.250,0.250,2048,512,4096,0,4.9432,868.9,2.14,ok,0.9366
prescan,ds-id9,128,512,32768,128,128,4096,native,0.250,0.250,2048,512,4096,0,4.9618,865.6,0.09,ok,0.9331
prescan,ds-id9,128,512,32768,128,256,256,native,0.125,0.250,2048,1024,8192,0,5.1764,829.7,0.19,ok,0.8944
prescan,ds-id9,128,512,32768,128,256,512,native,0.250,0.500,1024,512,4096,0,4.6233,929.0,0.05,ok,1.0014
prescan,ds-id9,128,512,32768,128,256,1024,native,0.250,0.500,1024,512,4096,0,4.6227,929.1,0.01,ok,1.0015
prescan,ds-id9,128,512,32768,128,256,2048,native,0.250,0.500,1024,512,4096,0,4.6279,928.1,0.07,ok,1.0004
prescan,ds-id9,128,512,32768,128,256,4096,native,0.250,0.500,1024,512,4096,0,4.6293,927.8,0.28,ok,1.0001
prescan,ds-id9,128,512,32768,128,512,256,native,0.125,0.500,1024,1024,8192,0,5.0709,847.0,0.48,ok,0.9130
prescan,ds-id9,128,512,32768,128,512,512,native,0.250,1.000,512,512,4096,0,4.4435,966.6,0.03,ok,1.0419
prescan,ds-id9,128,512,32768,128,512,1024,native,0.250,1.000,512,512,4096,0,4.4445,966.3,0.01,ok,1.0417
prescan,ds-id9,128,512,32768,128,512,2048,native,0.250,1.000,512,512,4096,0,4.5786,938.1,5.95,ok,1.0112
prescan,ds-id9,128,512,32768,128,512,4096,native,0.250,1.000,512,512,4096,0,4.4447,966.3,0.14,ok,1.0416
prescan,ds-id9,128,512,32768,128,1024,256,native,0.125,1.000,512,1024,8192,0,4.9822,862.1,1.33,ok,0.9293
prescan,ds-id9,128,512,32768,128,1024,512,native,0.250,2.000,256,512,4096,0,4.3560,986.0,0.27,ok,1.0628
prescan,ds-id9,128,512,32768,128,1024,1024,native,0.250,2.000,256,512,4096,0,4.3588,985.4,0.12,ok,1.0622
prescan,ds-id9,128,512,32768,128,1024,2048,native,0.250,2.000,256,512,4096,0,4.3518,986.9,0.05,ok,1.0639
prescan,ds-id9,128,512,32768,128,1024,4096,native,0.250,2.000,256,512,4096,0,4.3497,987.4,0.01,ok,1.0644
final,ds-id9,128,512,32768,128,1024,4096,native,0.250,2.000,256,512,4096,34,4.3516,987.0,0.28,ok,1.0666
final,ds-id9,128,512,32768,128,1024,2048,native,0.250,2.000,256,512,4096,34,4.3591,985.3,0.21,ok,1.0648
final,ds-id9,128,512,32768,128,1024,512,native,0.250,2.000,256,512,4096,34,4.3538,986.5,0.26,ok,1.0661
final,ds-id9,128,512,32768,128,1024,1024,native,0.250,2.000,256,512,4096,34,4.3607,984.9,0.28,ok,1.0644
final,ds-id9,128,512,32768,16,1024,512,native,0.031,2.000,256,512,4096,34,4.3617,984.7,0.21,ok,1.0642
final,ds-id9,128,512,32768,16,1024,1024,native,0.031,2.000,256,512,4096,34,4.3670,983.5,0.51,ok,1.0629
final,ds-id9,128,512,32768,16,1024,4096,native,0.031,2.000,256,512,4096,34,4.3647,984.0,0.24,ok,1.0634
final,ds-id9,128,512,32768,64,1024,512,native,0.125,2.000,256,512,4096,34,4.3703,982.8,0.23,ok,1.0621
final,ds-id9,128,512,32768,16,1024,2048,native,0.031,2.000,256,512,4096,34,4.3591,985.3,0.28,ok,1.0648
final,ds-id9,128,512,32768,32,1024,4096,native,0.062,2.000,256,512,4096,34,4.3695,982.9,0.45,ok,1.0623
final,ds-id9,128,512,32768,64,1024,4096,native,0.125,2.000,256,512,4096,34,4.3709,982.6,0.20,ok,1.0619
final,ds-id9,128,512,32768,64,1024,2048,native,0.125,2.000,256,512,4096,34,4.3605,985.0,0.28,ok,1.0645
final,ds-id9,128,512,32768,32,1024,2048,native,0.062,2.000,256,512,4096,34,4.3697,982.9,0.30,ok,1.0622
final,ds-id9,128,512,32768,32,1024,512,native,0.062,2.000,256,512,4096,34,4.3692,983.0,0.22,ok,1.0624
final,ds-id9,128,512,32768,64,1024,1024,native,0.125,2.000,256,512,4096,32,4.3588,985.3,0.25,ok,1.0649
final,ds-id9,128,512,32768,32,1024,1024,native,0.062,2.000,256,512,4096,34,4.3706,982.7,0.09,ok,1.0620
final,ds-id9,128,512,32768,128,512,512,native,0.250,1.000,512,512,4096,33,4.4402,967.3,0.35,ok,1.0454
final,ds-id9,128,512,32768,128,512,1024,native,0.250,1.000,512,512,4096,33,4.4459,966.0,0.38,ok,1.0440
final,ds-id9,128,512,32768,128,512,4096,native,0.250,1.000,512,512,4096,33,4.4378,967.8,0.13,ok,1.0459
final,ds-id9,128,512,32768,16,512,2048,native,0.031,1.000,512,512,4096,33,4.4500,965.2,0.10,ok,1.0431
final,ds-id9,128,512,32768,64,512,4096,native,0.125,1.000,512,512,4096,33,4.4551,964.1,0.34,ok,1.0419
final,ds-id9,128,512,32768,32,512,512,native,0.062,1.000,512,512,4096,33,4.4509,965.0,0.23,ok,1.0429
final,ds-id9,128,512,32768,64,512,512,native,0.125,1.000,512,512,4096,33,4.4552,964.0,0.21,ok,1.0418
final,ds-id9,128,512,32768,64,512,2048,native,0.125,1.000,512,512,4096,33,4.4526,964.6,0.37,ok,1.0425
final,ds-id9,128,512,32768,64,512,1024,native,0.125,1.000,512,512,4096,33,4.4480,965.6,0.26,ok,1.0435
final,ds-id9,128,512,32768,16,512,1024,native,0.031,1.000,512,512,4096,33,4.4545,964.2,0.19,ok,1.0420
final,ds-id9,128,512,32768,16,512,512,native,0.031,1.000,512,512,4096,33,4.4532,964.5,0.28,ok,1.0423
final,ds-id9,128,512,32768,16,512,4096,native,0.031,1.000,512,512,4096,33,4.4501,965.1,0.22,ok,1.0430
final,ds-id9,128,512,32768,32,512,1024,native,0.062,1.000,512,512,4096,33,4.4546,964.2,0.23,ok,1.0420
final,ds-id9,128,512,32768,32,512,2048,native,0.062,1.000,512,512,4096,33,4.4589,963.2,0.26,ok,1.0410
final,ds-id9,128,512,32768,32,512,4096,native,0.062,1.000,512,512,4096,33,4.4531,964.5,0.22,ok,1.0423
final,ds-id9,128,512,32768,16,256,2048,native,0.031,0.500,1024,512,4096,32,4.6416,925.3,0.24,ok,1.0000
prescan,ds-id10,128,16384,7168,16,64,256,native,0.016,0.062,57344,7168,57344,0,42.6444,705.0,0.93,ok,0.7652
prescan,ds-id10,128,16384,7168,16,64,512,native,0.031,0.125,28672,3584,28672,0,41.2389,729.0,0.68,ok,0.7913
prescan,ds-id10,128,16384,7168,16,64,1024,native,0.062,0.250,14336,1792,14336,0,42.8470,701.7,0.75,ok,0.7616
prescan,ds-id10,128,16384,7168,16,64,2048,native,0.125,0.500,7168,896,7168,0,39.3551,763.9,0.41,ok,0.8291
prescan,ds-id10,128,16384,7168,16,64,4096,native,0.250,1.000,3584,448,3584,0,39.1927,767.1,0.97,ok,0.8326
prescan,ds-id10,128,16384,7168,16,128,256,native,0.016,0.125,28672,7168,57344,0,38.5365,780.2,0.10,ok,0.8467
prescan,ds-id10,128,16384,7168,16,128,512,native,0.031,0.250,14336,3584,28672,0,36.5973,821.5,0.43,ok,0.8916
prescan,ds-id10,128,16384,7168,16,128,1024,native,0.062,0.500,7168,1792,14336,0,37.0634,811.2,1.74,ok,0.8804
prescan,ds-id10,128,16384,7168,16,128,2048,native,0.125,1.000,3584,896,7168,0,34.8290,863.2,0.06,ok,0.9369
prescan,ds-id10,128,16384,7168,16,128,4096,native,0.250,2.000,1792,448,3584,0,34.8214,863.4,0.16,ok,0.9371
prescan,ds-id10,128,16384,7168,16,256,256,native,0.016,0.250,14336,7168,57344,0,35.9309,836.7,1.35,ok,0.9081
prescan,ds-id10,128,16384,7168,16,256,512,native,0.031,0.500,7168,3584,28672,0,35.9963,835.2,10.43,ok,0.9065
prescan,ds-id10,128,16384,7168,16,256,1024,native,0.062,1.000,3584,1792,14336,0,34.6027,868.9,3.28,ok,0.9430
prescan,ds-id10,128,16384,7168,16,256,2048,native,0.125,2.000,1792,896,7168,0,32.6305,921.4,0.49,ok,1.0000
prescan,ds-id10,128,16384,7168,16,256,4096,native,0.250,4.000,896,448,3584,0,33.1187,907.8,4.14,ok,0.9853
prescan,ds-id10,128,16384,7168,16,512,256,native,0.016,0.500,7168,7168,57344,0,33.8812,887.4,2.16,ok,0.9631
prescan,ds-id10,128,16384,7168,16,512,512,native,0.031,1.000,3584,3584,28672,0,33.4000,900.1,4.95,ok,0.9770
prescan,ds-id10,128,16384,7168,16,512,1024,native,0.062,2.000,1792,1792,14336,0,32.5170,924.6,2.95,ok,1.0035
prescan,ds-id10,128,16384,7168,16,512,2048,native,0.125,4.000,896,896,7168,0,31.2957,960.7,2.40,ok,1.0427
prescan,ds-id10,128,16384,7168,16,512,4096,native,0.250,8.000,448,448,3584,0,34.6679,867.2,9.47,ok,0.9412
prescan,ds-id10,128,16384,7168,16,1024,256,native,0.016,1.000,3584,7168,57344,0,32.6719,920.2,5.89,ok,0.9987
prescan,ds-id10,128,16384,7168,16,1024,512,native,0.031,2.000,1792,3584,28672,0,31.9570,940.8,7.19,ok,1.0211
prescan,ds-id10,128,16384,7168,16,1024,1024,native,0.062,4.000,896,1792,14336,0,31.3588,958.7,3.56,ok,1.0406
prescan,ds-id10,128,16384,7168,16,1024,2048,native,0.125,8.000,448,896,7168,0,33.3163,902.4,5.07,ok,0.9794
prescan,ds-id10,128,16384,7168,16,1024,4096,native,0.250,16.000,224,448,3584,0,61.1207,491.9,19.11,ok,0.5339
prescan,ds-id10,128,16384,7168,32,64,256,native,0.031,0.062,57344,7168,57344,0,45.3060,663.6,4.02,ok,0.7202
prescan,ds-id10,128,16384,7168,32,64,512,native,0.062,0.125,28672,3584,28672,0,42.5608,706.4,6.17,ok,0.7667
prescan,ds-id10,128,16384,7168,32,64,1024,native,0.125,0.250,14336,1792,14336,0,43.6998,688.0,3.73,ok,0.7467
prescan,ds-id10,128,16384,7168,32,64,2048,native,0.250,0.500,7168,896,7168,0,40.0297,751.1,2.88,ok,0.8152
prescan,ds-id10,128,16384,7168,32,64,4096,native,0.500,1.000,3584,448,3584,0,39.7003,757.3,3.92,ok,0.8219
prescan,ds-id10,128,16384,7168,32,128,256,native,0.031,0.125,28672,7168,57344,0,36.7150,818.9,1.19,ok,0.8888
prescan,ds-id10,128,16384,7168,32,128,512,native,0.062,0.250,14336,3584,28672,0,37.2391,807.3,3.01,ok,0.8762
prescan,ds-id10,128,16384,7168,32,128,1024,native,0.125,0.500,7168,1792,14336,0,36.8446,816.0,0.42,ok,0.8856
prescan,ds-id10,128,16384,7168,32,128,2048,native,0.250,1.000,3584,896,7168,0,34.5117,871.1,3.50,ok,0.9455
prescan,ds-id10,128,16384,7168,32,128,4096,native,0.500,2.000,1792,448,3584,0,34.4729,872.1,3.74,ok,0.9466
prescan,ds-id10,128,16384,7168,32,256,256,native,0.031,0.250,14336,7168,57344,0,34.8214,863.4,2.38,ok,0.9371
prescan,ds-id10,128,16384,7168,32,256,512,native,0.062,0.500,7168,3584,28672,0,34.7419,865.4,2.18,ok,0.9392
prescan,ds-id10,128,16384,7168,32,256,1024,native,0.125,1.000,3584,1792,14336,0,33.8252,888.8,1.45,ok,0.9647
prescan,ds-id10,128,16384,7168,32,256,2048,native,0.250,2.000,1792,896,7168,0,32.1083,936.4,1.20,ok,1.0163
prescan,ds-id10,128,16384,7168,32,256,4096,native,0.500,4.000,896,448,3584,0,32.4068,927.7,0.58,ok,1.0069
prescan,ds-id10,128,16384,7168,32,512,256,native,0.031,0.500,7168,7168,57344,0,31.9530,940.9,8.63,ok,1.0212
prescan,ds-id10,128,16384,7168,32,512,512,native,0.062,1.000,3584,3584,28672,0,31.5752,952.2,5.07,ok,1.0334
prescan,ds-id10,128,16384,7168,32,512,1024,native,0.125,2.000,1792,1792,14336,0,30.8892,973.3,7.84,ok,1.0564
prescan,ds-id10,128,16384,7168,32,512,2048,native,0.250,4.000,896,896,7168,0,29.9083,1005.2,7.37,ok,1.0910
prescan,ds-id10,128,16384,7168,32,512,4096,native,0.500,8.000,448,448,3584,0,31.8436,944.1,6.73,ok,1.0247
prescan,ds-id10,128,16384,7168,32,1024,256,native,0.031,1.000,3584,7168,57344,0,30.4941,985.9,8.18,ok,1.0701
prescan,ds-id10,128,16384,7168,32,1024,512,native,0.062,2.000,1792,3584,28672,0,29.7563,1010.4,9.24,ok,1.0966
prescan,ds-id10,128,16384,7168,32,1024,1024,native,0.125,4.000,896,1792,14336,0,29.6913,1012.6,7.43,ok,1.0990
prescan,ds-id10,128,16384,7168,32,1024,2048,native,0.250,8.000,448,896,7168,0,31.0945,966.9,6.47,ok,1.0494
prescan,ds-id10,128,16384,7168,32,1024,4096,native,0.500,16.000,224,448,3584,0,44.3325,678.2,7.19,ok,0.7360
prescan,ds-id10,128,16384,7168,64,64,256,native,0.062,0.062,57344,7168,57344,0,42.8224,702.1,4.81,ok,0.7620
prescan,ds-id10,128,16384,7168,64,64,512,native,0.125,0.125,28672,3584,28672,0,41.7301,720.5,3.97,ok,0.7819
prescan,ds-id10,128,16384,7168,64,64,1024,native,0.250,0.250,14336,1792,14336,0,43.2507,695.1,2.79,ok,0.7544
prescan,ds-id10,128,16384,7168,64,64,2048,native,0.500,0.500,7168,896,7168,0,38.6160,778.6,3.54,ok,0.8450
prescan,ds-id10,128,16384,7168,64,64,4096,native,1.000,1.000,3584,448,3584,0,38.3055,784.9,4.24,ok,0.8518
prescan,ds-id10,128,16384,7168,64,128,256,native,0.062,0.125,28672,7168,57344,0,36.0000,835.1,5.26,ok,0.9064
prescan,ds-id10,128,16384,7168,64,128,512,native,0.125,0.250,14336,3584,28672,0,36.0380,834.3,1.64,ok,0.9054
prescan,ds-id10,128,16384,7168,64,128,1024,native,0.250,0.500,7168,1792,14336,0,35.9650,835.9,1.63,ok,0.9073
prescan,ds-id10,128,16384,7168,64,128,2048,native,0.500,1.000,3584,896,7168,0,34.2200,878.6,2.44,ok,0.9536
prescan,ds-id10,128,16384,7168,64,128,4096,native,1.000,2.000,1792,448,3584,0,34.0658,882.6,2.36,ok,0.9579
prescan,ds-id10,128,16384,7168,64,256,256,native,0.062,0.250,14336,7168,57344,0,34.0009,884.2,5.88,ok,0.9597
prescan,ds-id10,128,16384,7168,64,256,512,native,0.125,0.500,7168,3584,28672,0,33.5477,896.2,2.14,ok,0.9727
prescan,ds-id10,128,16384,7168,64,256,1024,native,0.250,1.000,3584,1792,14336,0,33.0911,908.5,4.23,ok,0.9861
prescan,ds-id10,128,16384,7168,64,256,2048,native,0.500,2.000,1792,896,7168,0,31.6537,949.8,3.65,ok,1.0309
prescan,ds-id10,128,16384,7168,64,256,4096,native,1.000,4.000,896,448,3584,0,32.3781,928.6,0.41,ok,1.0078
prescan,ds-id10,128,16384,7168,64,512,256,native,0.062,0.500,7168,7168,57344,0,33.4107,899.9,0.46,ok,0.9766
prescan,ds-id10,128,16384,7168,64,512,512,native,0.125,1.000,3584,3584,28672,0,33.2146,905.2,2.75,ok,0.9824
prescan,ds-id10,128,16384,7168,64,512,1024,native,0.250,2.000,1792,1792,14336,0,31.7414,947.2,1.89,ok,1.0280
prescan,ds-id10,128,16384,7168,64,512,2048,native,0.500,4.000,896,896,7168,0,30.9296,972.0,0.03,ok,1.0550
prescan,ds-id10,128,16384,7168,64,512,4096,native,1.000,8.000,448,448,3584,0,32.5439,923.8,0.63,ok,1.0027
prescan,ds-id10,128,16384,7168,64,1024,256,native,0.062,1.000,3584,7168,57344,0,32.1900,934.0,1.48,ok,1.0137
prescan,ds-id10,128,16384,7168,64,1024,512,native,0.125,2.000,1792,3584,28672,0,31.1255,965.9,0.19,ok,1.0484
prescan,ds-id10,128,16384,7168,64,1024,1024,native,0.250,4.000,896,1792,14336,0,30.8862,973.4,0.06,ok,1.0565
prescan,ds-id10,128,16384,7168,64,1024,2048,native,0.500,8.000,448,896,7168,0,32.0206,938.9,0.26,ok,1.0190
prescan,ds-id10,128,16384,7168,64,1024,4096,native,1.000,16.000,224,448,3584,0,39.9550,752.5,2.66,ok,0.8167
prescan,ds-id10,128,16384,7168,128,64,256,native,0.125,0.062,57344,7168,57344,0,43.3761,693.1,0.19,ok,0.7523
prescan,ds-id10,128,16384,7168,128,64,512,native,0.250,0.125,28672,3584,28672,0,43.0019,699.1,3.10,ok,0.7588
prescan,ds-id10,128,16384,7168,128,64,1024,native,0.500,0.250,14336,1792,14336,0,43.9190,684.5,0.52,ok,0.7430
prescan,ds-id10,128,16384,7168,128,64,2048,native,1.000,0.500,7168,896,7168,0,39.4680,761.8,1.83,ok,0.8268
prescan,ds-id10,128,16384,7168,128,64,4096,native,2.000,1.000,3584,448,3584,0,38.8638,773.6,2.83,ok,0.8396
prescan,ds-id10,128,16384,7168,128,128,256,native,0.125,0.125,28672,7168,57344,0,36.9064,814.6,2.19,ok,0.8841
prescan,ds-id10,128,16384,7168,128,128,512,native,0.250,0.250,14336,3584,28672,0,35.9875,835.4,0.05,ok,0.9067
prescan,ds-id10,128,16384,7168,128,128,1024,native,0.500,0.500,7168,1792,14336,0,36.0835,833.2,0.88,ok,0.9043
prescan,ds-id10,128,16384,7168,128,128,2048,native,1.000,1.000,3584,896,7168,0,34.6804,866.9,0.64,ok,0.9409
prescan,ds-id10,128,16384,7168,128,128,4096,native,2.000,2.000,1792,448,3584,0,34.7039,866.3,0.03,ok,0.9403
prescan,ds-id10,128,16384,7168,128,256,256,native,0.125,0.250,14336,7168,57344,0,34.8234,863.4,0.77,ok,0.9370
prescan,ds-id10,128,16384,7168,128,256,512,native,0.250,0.500,7168,3584,28672,0,33.8091,889.3,0.39,ok,0.9651
prescan,ds-id10,128,16384,7168,128,256,1024,native,0.500,1.000,3584,1792,14336,0,33.6016,894.7,0.46,ok,0.9711
prescan,ds-id10,128,16384,7168,128,256,2048,native,1.000,2.000,1792,896,7168,0,32.0819,937.1,0.08,ok,1.0171
prescan,ds-id10,128,16384,7168,128,256,4096,native,2.000,4.000,896,448,3584,0,32.6577,920.6,2.43,ok,0.9992
prescan,ds-id10,128,16384,7168,128,512,256,native,0.125,0.500,7168,7168,57344,0,33.2799,903.4,0.47,ok,0.9805
prescan,ds-id10,128,16384,7168,128,512,512,native,0.250,1.000,3584,3584,28672,0,32.5555,923.5,1.45,ok,1.0023
prescan,ds-id10,128,16384,7168,128,512,1024,native,0.500,2.000,1792,1792,14336,0,31.8377,944.3,1.34,ok,1.0249
prescan,ds-id10,128,16384,7168,128,512,2048,native,1.000,4.000,896,896,7168,0,30.8994,973.0,0.11,ok,1.0560
prescan,ds-id10,128,16384,7168,128,512,4096,native,2.000,8.000,448,448,3584,0,32.4624,926.1,1.52,ok,1.0052
prescan,ds-id10,128,16384,7168,128,1024,256,native,0.125,1.000,3584,7168,57344,0,33.1614,906.6,0.54,ok,0.9840
prescan,ds-id10,128,16384,7168,128,1024,512,native,0.250,2.000,1792,3584,28672,0,32.3253,930.1,0.37,ok,1.0094
prescan,ds-id10,128,16384,7168,128,1024,1024,native,0.500,4.000,896,1792,14336,0,31.0839,967.2,0.16,ok,1.0498
prescan,ds-id10,128,16384,7168,128,1024,2048,native,1.000,8.000,448,896,7168,0,32.6112,921.9,0.20,ok,1.0006
prescan,ds-id10,128,16384,7168,128,1024,4096,native,2.000,16.000,224,448,3584,0,37.4574,802.6,0.02,ok,0.8711
final,ds-id10,128,16384,7168,32,1024,1024,native,0.125,4.000,896,1792,14336,4,31.1689,964.6,0.22,ok,1.0423
final,ds-id10,128,16384,7168,32,1024,512,native,0.062,2.000,1792,3584,28672,4,31.6315,950.5,0.75,ok,1.0270
final,ds-id10,128,16384,7168,32,512,2048,native,0.250,4.000,896,896,7168,5,30.9350,971.9,0.05,ok,1.0502
final,ds-id10,128,16384,7168,32,1024,256,native,0.031,1.000,3584,7168,57344,4,31.7597,946.6,0.03,ok,1.0229
final,ds-id10,128,16384,7168,64,1024,1024,native,0.250,4.000,896,1792,14336,4,31.2362,962.5,1.08,ok,1.0400
final,ds-id10,128,16384,7168,32,512,1024,native,0.125,2.000,1792,1792,14336,4,32.0734,937.4,0.58,ok,1.0129
final,ds-id10,128,16384,7168,128,512,2048,native,1.000,4.000,896,896,7168,4,31.4734,955.2,0.88,ok,1.0322
final,ds-id10,128,16384,7168,64,512,2048,native,0.500,4.000,896,896,7168,4,31.4686,955.4,1.10,ok,1.0324
final,ds-id10,128,16384,7168,16,256,2048,native,0.125,2.000,1792,896,7168,4,32.4867,925.4,0.53,ok,1.0000
prescan,ds-id11,128,7168,4096,16,64,256,native,0.016,0.062,14336,1792,14336,0,10.8031,695.7,0.25,ok,0.7695
prescan,ds-id11,128,7168,4096,16,64,512,native,0.031,0.125,7168,896,7168,0,10.1902,737.6,3.74,ok,0.8158
prescan,ds-id11,128,7168,4096,16,64,1024,native,0.062,0.250,3584,448,3584,0,10.2508,733.2,0.34,ok,0.8110
prescan,ds-id11,128,7168,4096,16,64,2048,native,0.125,0.500,2048,256,2048,0,10.1119,743.3,3.31,ok,0.8221
prescan,ds-id11,128,7168,4096,16,64,4096,native,0.250,1.000,1024,128,1024,0,9.9939,752.1,6.69,ok,0.8318
prescan,ds-id11,128,7168,4096,16,128,256,native,0.016,0.125,7168,1792,14336,0,9.6064,782.4,0.22,ok,0.8653
prescan,ds-id11,128,7168,4096,16,128,512,native,0.031,0.250,3584,896,7168,0,9.0092,834.3,2.36,ok,0.9227
prescan,ds-id11,128,7168,4096,16,128,1024,native,0.062,0.500,1792,448,3584,0,8.9034,844.2,1.81,ok,0.9337
prescan,ds-id11,128,7168,4096,16,128,2048,native,0.125,1.000,1024,256,2048,0,8.8446,849.8,0.80,ok,0.9399
prescan,ds-id11,128,7168,4096,16,128,4096,native,0.250,2.000,512,128,1024,0,8.6093,873.0,0.93,ok,0.9656
prescan,ds-id11,128,7168,4096,16,256,256,native,0.016,0.250,3584,1792,14336,0,9.0135,833.9,0.08,ok,0.9223
prescan,ds-id11,128,7168,4096,16,256,512,native,0.031,0.500,1792,896,7168,0,8.5394,880.2,1.23,ok,0.9735
prescan,ds-id11,128,7168,4096,16,256,1024,native,0.062,1.000,896,448,3584,0,8.4134,893.4,0.93,ok,0.9880
prescan,ds-id11,128,7168,4096,16,256,2048,native,0.125,2.000,512,256,2048,0,8.3129,904.2,0.44,ok,1.0000
prescan,ds-id11,128,7168,4096,16,256,4096,native,0.250,4.000,256,128,1024,0,8.0388,935.0,0.21,ok,1.0341
prescan,ds-id11,128,7168,4096,16,512,256,native,0.016,0.500,1792,1792,14336,0,8.4649,887.9,1.44,ok,0.9820
prescan,ds-id11,128,7168,4096,16,512,512,native,0.031,1.000,896,896,7168,0,8.2543,910.6,0.39,ok,1.0071
prescan,ds-id11,128,7168,4096,16,512,1024,native,0.062,2.000,448,448,3584,0,8.1506,922.2,0.24,ok,1.0199
prescan,ds-id11,128,7168,4096,16,512,2048,native,0.125,4.000,256,256,2048,0,7.7349,971.7,0.59,ok,1.0747
prescan,ds-id11,128,7168,4096,16,512,4096,native,0.250,8.000,128,128,1024,0,7.8132,962.0,3.05,ok,1.0639
prescan,ds-id11,128,7168,4096,16,1024,256,native,0.016,1.000,896,1792,14336,0,8.4570,888.8,0.29,ok,0.9830
prescan,ds-id11,128,7168,4096,16,1024,512,native,0.031,2.000,448,896,7168,0,7.8826,953.5,0.25,ok,1.0546
prescan,ds-id11,128,7168,4096,16,1024,1024,native,0.062,4.000,224,448,3584,0,7.7837,965.6,0.17,ok,1.0680
prescan,ds-id11,128,7168,4096,16,1024,2048,native,0.125,8.000,128,256,2048,0,7.7032,975.7,3.64,ok,1.0791
prescan,ds-id11,128,7168,4096,16,1024,4096,native,0.250,16.000,64,128,1024,0,10.1852,738.0,0.17,ok,0.8162
prescan,ds-id11,128,7168,4096,32,64,256,native,0.031,0.062,14336,1792,14336,0,11.0654,679.3,0.12,ok,0.7512
prescan,ds-id11,128,7168,4096,32,64,512,native,0.062,0.125,7168,896,7168,0,10.0349,749.0,0.58,ok,0.8284
prescan,ds-id11,128,7168,4096,32,64,1024,native,0.125,0.250,3584,448,3584,0,10.3007,729.7,0.00,ok,0.8070
prescan,ds-id11,128,7168,4096,32,64,2048,native,0.250,0.500,2048,256,2048,0,10.0313,749.3,0.41,ok,0.8287
prescan,ds-id11,128,7168,4096,32,64,4096,native,0.500,1.000,1024,128,1024,0,9.6566,778.4,0.61,ok,0.8609
prescan,ds-id11,128,7168,4096,32,128,256,native,0.031,0.125,7168,1792,14336,0,9.2682,811.0,0.18,ok,0.8969
prescan,ds-id11,128,7168,4096,32,128,512,native,0.062,0.250,3584,896,7168,0,9.1354,822.8,0.15,ok,0.9100
prescan,ds-id11,128,7168,4096,32,128,1024,native,0.125,0.500,1792,448,3584,0,9.0401,831.4,0.40,ok,0.9196
prescan,ds-id11,128,7168,4096,32,128,2048,native,0.250,1.000,1024,256,2048,0,9.0171,833.5,0.15,ok,0.9219
prescan,ds-id11,128,7168,4096,32,128,4096,native,0.500,2.000,512,128,1024,0,8.5583,878.2,0.42,ok,0.9713
prescan,ds-id11,128,7168,4096,32,256,256,native,0.031,0.250,3584,1792,14336,0,8.8021,853.9,0.36,ok,0.9444
prescan,ds-id11,128,7168,4096,32,256,512,native,0.062,0.500,1792,896,7168,0,8.5535,878.7,1.48,ok,0.9719
prescan,ds-id11,128,7168,4096,32,256,1024,native,0.125,1.000,896,448,3584,0,8.4355,891.0,1.11,ok,0.9855
prescan,ds-id11,128,7168,4096,32,256,2048,native,0.250,2.000,512,256,2048,0,8.1782,919.1,3.96,ok,1.0165
prescan,ds-id11,128,7168,4096,32,256,4096,native,0.500,4.000,256,128,1024,0,8.0033,939.1,0.62,ok,1.0387
prescan,ds-id11,128,7168,4096,32,512,256,native,0.031,0.500,1792,1792,14336,0,8.4564,888.8,1.60,ok,0.9830
prescan,ds-id11,128,7168,4096,32,512,512,native,0.062,1.000,896,896,7168,0,8.2751,908.3,2.36,ok,1.0046
prescan,ds-id11,128,7168,4096,32,512,1024,native,0.125,2.000,448,448,3584,0,8.0971,928.3,0.82,ok,1.0266
prescan,ds-id11,128,7168,4096,32,512,2048,native,0.250,4.000,256,256,2048,0,7.6442,983.3,0.14,ok,1.0875
prescan,ds-id11,128,7168,4096,32,512,4096,native,0.500,8.000,128,128,1024,0,7.7909,964.7,0.17,ok,1.0670
prescan,ds-id11,128,7168,4096,32,1024,256,native,0.031,1.000,896,1792,14336,0,8.2726,908.6,0.13,ok,1.0049
prescan,ds-id11,128,7168,4096,32,1024,512,native,0.062,2.000,448,896,7168,0,8.0621,932.3,0.32,ok,1.0311
prescan,ds-id11,128,7168,4096,32,1024,1024,native,0.125,4.000,224,448,3584,0,7.7868,965.2,3.27,ok,1.0676
prescan,ds-id11,128,7168,4096,32,1024,2048,native,0.250,8.000,128,256,2048,0,7.5292,998.3,4.66,ok,1.1041
prescan,ds-id11,128,7168,4096,32,1024,4096,native,0.500,16.000,64,128,1024,0,9.0196,833.3,1.67,ok,0.9216
prescan,ds-id11,128,7168,4096,64,64,256,native,0.062,0.062,14336,1792,14336,0,11.1013,677.1,0.10,ok,0.7488
prescan,ds-id11,128,7168,4096,64,64,512,native,0.125,0.125,7168,896,7168,0,10.4394,720.0,0.08,ok,0.7963
prescan,ds-id11,128,7168,4096,64,64,1024,native,0.250,0.250,3584,448,3584,0,10.4313,720.5,0.20,ok,0.7969
prescan,ds-id11,128,7168,4096,64,64,2048,native,0.500,0.500,2048,256,2048,0,10.2138,735.9,0.33,ok,0.8139
prescan,ds-id11,128,7168,4096,64,64,4096,native,1.000,1.000,1024,128,1024,0,9.6100,782.1,0.51,ok,0.8650
prescan,ds-id11,128,7168,4096,64,128,256,native,0.062,0.125,7168,1792,14336,0,9.3315,805.5,0.06,ok,0.8908
prescan,ds-id11,128,7168,4096,64,128,512,native,0.125,0.250,3584,896,7168,0,8.9821,836.8,0.43,ok,0.9255
prescan,ds-id11,128,7168,4096,64,128,1024,native,0.250,0.500,1792,448,3584,0,8.6761,866.3,0.66,ok,0.9581
prescan,ds-id11,128,7168,4096,64,128,2048,native,0.500,1.000,1024,256,2048,0,8.5868,875.3,3.88,ok,0.9681
prescan,ds-id11,128,7168,4096,64,128,4096,native,1.000,2.000,512,128,1024,0,8.5888,875.1,1.74,ok,0.9679
prescan,ds-id11,128,7168,4096,64,256,256,native,0.062,0.250,3584,1792,14336,0,8.7456,859.4,0.62,ok,0.9505
prescan,ds-id11,128,7168,4096,64,256,512,native,0.125,0.500,1792,896,7168,0,8.4616,888.3,0.71,ok,0.9824
prescan,ds-id11,128,7168,4096,64,256,1024,native,0.250,1.000,896,448,3584,0,8.2329,912.9,0.36,ok,1.0097
prescan,ds-id11,128,7168,4096,64,256,2048,native,0.500,2.000,512,256,2048,0,7.9294,947.9,0.02,ok,1.0484
prescan,ds-id11,128,7168,4096,64,256,4096,native,1.000,4.000,256,128,1024,0,8.0375,935.1,0.20,ok,1.0343
prescan,ds-id11,128,7168,4096,64,512,256,native,0.062,0.500,1792,1792,14336,0,8.5318,881.0,0.34,ok,0.9743
prescan,ds-id11,128,7168,4096,64,512,512,native,0.125,1.000,896,896,7168,0,8.2164,914.8,0.24,ok,1.0117
prescan,ds-id11,128,7168,4096,64,512,1024,native,0.250,2.000,448,448,3584,0,8.0210,937.1,0.80,ok,1.0364
prescan,ds-id11,128,7168,4096,64,512,2048,native,0.500,4.000,256,256,2048,0,7.6250,985.7,0.11,ok,1.0902
prescan,ds-id11,128,7168,4096,64,512,4096,native,1.000,8.000,128,128,1024,0,7.7426,970.8,0.23,ok,1.0736
prescan,ds-id11,128,7168,4096,64,1024,256,native,0.062,1.000,896,1792,14336,0,8.2828,907.4,0.89,ok,1.0036
prescan,ds-id11,128,7168,4096,64,1024,512,native,0.125,2.000,448,896,7168,0,7.9642,943.8,0.00,ok,1.0438
prescan,ds-id11,128,7168,4096,64,1024,1024,native,0.250,4.000,224,448,3584,0,7.8990,951.5,0.10,ok,1.0524
prescan,ds-id11,128,7168,4096,64,1024,2048,native,0.500,8.000,128,256,2048,0,7.6398,983.8,0.18,ok,1.0881
prescan,ds-id11,128,7168,4096,64,1024,4096,native,1.000,16.000,64,128,1024,0,8.4930,885.0,1.43,ok,0.9788
prescan,ds-id11,128,7168,4096,128,64,256,native,0.125,0.062,14336,1792,14336,0,11.1338,675.1,0.01,ok,0.7466
prescan,ds-id11,128,7168,4096,128,64,512,native,0.250,0.125,7168,896,7168,0,10.4213,721.2,0.21,ok,0.7977
prescan,ds-id11,128,7168,4096,128,64,1024,native,0.500,0.250,3584,448,3584,0,10.2839,730.9,0.10,ok,0.8083
prescan,ds-id11,128,7168,4096,128,64,2048,native,1.000,0.500,2048,256,2048,0,10.1509,740.4,0.07,ok,0.8189
prescan,ds-id11,128,7168,4096,128,64,4096,native,2.000,1.000,1024,128,1024,0,9.4829,792.6,0.02,ok,0.8766
prescan,ds-id11,128,7168,4096,128,128,256,native,0.125,0.125,7168,1792,14336,0,9.2501,812.6,0.11,ok,0.8987
prescan,ds-id11,128,7168,4096,128,128,512,native,0.250,0.250,3584,896,7168,0,8.9546,839.4,1.91,ok,0.9283
prescan,ds-id11,128,7168,4096,128,128,1024,native,0.500,0.500,1792,448,3584,0,8.8685,847.5,2.68,ok,0.9373
prescan,ds-id11,128,7168,4096,128,128,2048,native,1.000,1.000,1024,256,2048,0,8.5992,874.1,0.60,ok,0.9667
prescan,ds-id11,128,7168,4096,128,128,4096,native,2.000,2.000,512,128,1024,0,8.6448,869.4,1.12,ok,0.9616
prescan,ds-id11,128,7168,4096,128,256,256,native,0.125,0.250,3584,1792,14336,0,8.7251,861.4,1.25,ok,0.9527
prescan,ds-id11,128,7168,4096,128,256,512,native,0.250,0.500,1792,896,7168,0,8.4600,888.4,1.03,ok,0.9826
prescan,ds-id11,128,7168,4096,128,256,1024,native,0.500,1.000,896,448,3584,0,8.4521,889.3,0.75,ok,0.9835
prescan,ds-id11,128,7168,4096,128,256,2048,native,1.000,2.000,512,256,2048,0,7.9546,944.9,0.07,ok,1.0450
prescan,ds-id11,128,7168,4096,128,256,4096,native,2.000,4.000,256,128,1024,0,8.0642,932.0,0.25,ok,1.0308
prescan,ds-id11,128,7168,4096,128,512,256,native,0.125,0.500,1792,1792,14336,0,8.5376,880.4,1.04,ok,0.9737
prescan,ds-id11,128,7168,4096,128,512,512,native,0.250,1.000,896,896,7168,0,8.1347,924.0,1.50,ok,1.0219
prescan,ds-id11,128,7168,4096,128,512,1024,native,0.500,2.000,448,448,3584,0,8.1546,921.7,0.34,ok,1.0194
prescan,ds-id11,128,7168,4096,128,512,2048,native,1.000,4.000,256,256,2048,0,7.6532,982.1,0.17,ok,1.0862
prescan,ds-id11,128,7168,4096,128,512,4096,native,2.000,8.000,128,128,1024,0,7.8126,962.1,0.16,ok,1.0640
prescan,ds-id11,128,7168,4096,128,1024,256,native,0.125,1.000,896,1792,14336,0,8.4750,886.9,0.75,ok,0.9809
prescan,ds-id11,128,7168,4096,128,1024,512,native,0.250,2.000,448,896,7168,0,8.0349,935.4,1.27,ok,1.0346
prescan,ds-id11,128,7168,4096,128,1024,1024,native,0.500,4.000,224,448,3584,0,8.0504,933.6,0.25,ok,1.0326
prescan,ds-id11,128,7168,4096,128,1024,2048,native,1.000,8.000,128,256,2048,0,7.6034,988.5,0.27,ok,1.0933
prescan,ds-id11,128,7168,4096,128,1024,4096,native,2.000,16.000,64,128,1024,0,8.3756,897.4,0.25,ok,0.9925
final,ds-id11,128,7168,4096,32,1024,2048,native,0.250,8.000,128,256,2048,19,7.6049,988.3,1.27,ok,1.1140
final,ds-id11,128,7168,4096,128,1024,2048,native,1.000,8.000,128,256,2048,20,7.6096,987.7,0.04,ok,1.1133
final,ds-id11,128,7168,4096,64,512,2048,native,0.500,4.000,256,256,2048,19,7.6075,988.0,2.83,ok,1.1136
final,ds-id11,128,7168,4096,64,1024,2048,native,0.500,8.000,128,256,2048,19,7.7944,964.3,0.60,ok,1.0869
final,ds-id11,128,7168,4096,32,512,2048,native,0.250,4.000,256,256,2048,19,7.8109,962.3,2.37,ok,1.0846
final,ds-id11,128,7168,4096,128,512,2048,native,1.000,4.000,256,256,2048,18,7.7887,965.0,2.35,ok,1.0877
final,ds-id11,128,7168,4096,16,1024,2048,native,0.125,8.000,128,256,2048,19,7.6777,979.0,1.82,ok,1.1034
final,ds-id11,128,7168,4096,16,512,2048,native,0.125,4.000,256,256,2048,19,7.7484,970.0,0.75,ok,1.0934
final,ds-id11,128,7168,4096,64,512,4096,native,1.000,8.000,128,128,1024,19,7.8390,958.8,1.27,ok,1.0807
final,ds-id11,128,7168,4096,16,256,2048,native,0.125,2.000,512,256,2048,17,8.4718,887.2,0.77,ok,1.0000
prescan,ds-id12,128,2048,7168,16,64,256,native,0.016,0.062,7168,896,7168,0,5.5399,678.4,0.29,ok,0.7371
prescan,ds-id12,128,2048,7168,16,64,512,native,0.031,0.125,3584,448,3584,0,5.1856,724.7,0.02,ok,0.7875
prescan,ds-id12,128,2048,7168,16,64,1024,native,0.062,0.250,1792,224,1792,0,5.2830,711.4,0.13,ok,0.7729
prescan,ds-id12,128,2048,7168,16,64,2048,native,0.125,0.500,896,112,896,0,4.9084,765.6,0.43,ok,0.8319
prescan,ds-id12,128,2048,7168,16,64,4096,native,0.125,0.500,896,112,896,0,5.0246,747.9,3.82,ok,0.8127
prescan,ds-id12,128,2048,7168,16,128,256,native,0.016,0.125,3584,896,7168,0,4.7817,785.9,0.10,ok,0.8540
prescan,ds-id12,128,2048,7168,16,128,512,native,0.031,0.250,1792,448,3584,0,4.5771,821.1,0.17,ok,0.8921
prescan,ds-id12,128,2048,7168,16,128,1024,native,0.062,0.500,896,224,1792,0,4.5041,834.4,1.71,ok,0.9066
prescan,ds-id12,128,2048,7168,16,128,2048,native,0.125,1.000,448,112,896,0,4.4035,853.4,3.79,ok,0.9273
prescan,ds-id12,128,2048,7168,16,128,4096,native,0.125,1.000,448,112,896,0,4.3966,854.8,3.42,ok,0.9288
prescan,ds-id12,128,2048,7168,16,256,256,native,0.016,0.250,1792,896,7168,0,4.5037,834.5,1.25,ok,0.9067
prescan,ds-id12,128,2048,7168,16,256,512,native,0.031,0.500,896,448,3584,0,4.3615,861.6,0.43,ok,0.9362
prescan,ds-id12,128,2048,7168,16,256,1024,native,0.062,1.000,448,224,1792,0,4.2240,889.7,2.92,ok,0.9667
prescan,ds-id12,128,2048,7168,16,256,2048,native,0.125,2.000,224,112,896,0,4.0834,920.3,0.17,ok,1.0000
prescan,ds-id12,128,2048,7168,16,256,4096,native,0.125,2.000,224,112,896,0,4.0869,919.5,0.29,ok,0.9991
prescan,ds-id12,128,2048,7168,16,512,256,native,0.016,0.500,896,896,7168,0,4.2059,893.5,0.77,ok,0.9709
prescan,ds-id12,128,2048,7168,16,512,512,native,0.031,1.000,448,448,3584,0,4.1160,913.0,0.70,ok,0.9921
prescan,ds-id12,128,2048,7168,16,512,1024,native,0.062,2.000,224,224,1792,0,3.9904,941.8,0.26,ok,1.0233
prescan,ds-id12,128,2048,7168,16,512,2048,native,0.125,4.000,112,112,896,0,3.7174,1011.0,0.12,ok,1.0985
prescan,ds-id12,128,2048,7168,16,512,4096,native,0.125,4.000,112,112,896,0,3.7143,1011.8,0.02,ok,1.0994
prescan,ds-id12,128,2048,7168,16,1024,256,native,0.016,1.000,448,896,7168,0,3.9659,947.6,0.02,ok,1.0296
prescan,ds-id12,128,2048,7168,16,1024,512,native,0.031,2.000,224,448,3584,0,3.8104,986.3,0.03,ok,1.0717
prescan,ds-id12,128,2048,7168,16,1024,1024,native,0.062,4.000,112,224,1792,0,3.7467,1003.0,0.03,ok,1.0899
prescan,ds-id12,128,2048,7168,16,1024,2048,native,0.125,8.000,56,112,896,0,3.8045,987.8,0.07,ok,1.0733
prescan,ds-id12,128,2048,7168,16,1024,4096,native,0.125,8.000,56,112,896,0,3.8130,985.6,0.09,ok,1.0709
prescan,ds-id12,128,2048,7168,32,64,256,native,0.031,0.062,7168,896,7168,0,5.6281,667.7,0.04,ok,0.7256
prescan,ds-id12,128,2048,7168,32,64,512,native,0.062,0.125,3584,448,3584,0,5.4297,692.1,0.62,ok,0.7521
prescan,ds-id12,128,2048,7168,32,64,1024,native,0.125,0.250,1792,224,1792,0,5.2563,715.0,0.18,ok,0.7769
prescan,ds-id12,128,2048,7168,32,64,2048,native,0.250,0.500,896,112,896,0,4.9660,756.8,0.08,ok,0.8223
prescan,ds-id12,128,2048,7168,32,64,4096,native,0.250,0.500,896,112,896,0,4.9670,756.6,0.13,ok,0.8221
prescan,ds-id12,128,2048,7168,32,128,256,native,0.031,0.125,3584,896,7168,0,4.6615,806.2,1.15,ok,0.8760
prescan,ds-id12,128,2048,7168,32,128,512,native,0.062,0.250,1792,448,3584,0,4.5990,817.1,0.25,ok,0.8879
prescan,ds-id12,128,2048,7168,32,128,1024,native,0.125,0.500,896,224,1792,0,4.5133,832.7,1.00,ok,0.9048
prescan,ds-id12,128,2048,7168,32,128,2048,native,0.250,1.000,448,112,896,0,4.3451,864.9,0.19,ok,0.9398
prescan,ds-id12,128,2048,7168,32,128,4096,native,0.250,1.000,448,112,896,0,4.2915,875.7,0.51,ok,0.9515
prescan,ds-id12,128,2048,7168,32,256,256,native,0.031,0.250,1792,896,7168,0,4.4008,854.0,0.01,ok,0.9279
prescan,ds-id12,128,2048,7168,32,256,512,native,0.062,0.500,896,448,3584,0,4.3351,866.9,0.31,ok,0.9419
prescan,ds-id12,128,2048,7168,32,256,1024,native,0.125,1.000,448,224,1792,0,4.1618,903.0,0.52,ok,0.9812
prescan,ds-id12,128,2048,7168,32,256,2048,native,0.250,2.000,224,112,896,0,4.0625,925.1,0.23,ok,1.0052
prescan,ds-id12,128,2048,7168,32,256,4096,native,0.250,2.000,224,112,896,0,4.0639,924.8,0.73,ok,1.0048
prescan,ds-id12,128,2048,7168,32,512,256,native,0.031,0.500,896,896,7168,0,4.1740,900.4,0.06,ok,0.9783
prescan,ds-id12,128,2048,7168,32,512,512,native,0.062,1.000,448,448,3584,0,4.1500,905.6,0.02,ok,0.9840
prescan,ds-id12,128,2048,7168,32,512,1024,native,0.125,2.000,224,224,1792,0,3.9437,952.9,0.41,ok,1.0354
prescan,ds-id12,128,2048,7168,32,512,2048,native,0.250,4.000,112,112,896,0,3.7209,1010.0,0.01,ok,1.0974
prescan,ds-id12,128,2048,7168,32,512,4096,native,0.250,4.000,112,112,896,0,3.7225,1009.6,0.14,ok,1.0969
prescan,ds-id12,128,2048,7168,32,1024,256,native,0.031,1.000,448,896,7168,0,3.9702,946.6,0.07,ok,1.0285
prescan,ds-id12,128,2048,7168,32,1024,512,native,0.062,2.000,224,448,3584,0,3.8471,976.9,0.04,ok,1.0614
prescan,ds-id12,128,2048,7168,32,1024,1024,native,0.125,4.000,112,224,1792,0,3.7716,996.4,0.04,ok,1.0827
prescan,ds-id12,128,2048,7168,32,1024,2048,native,0.250,8.000,56,112,896,0,3.8264,982.2,0.09,ok,1.0672
prescan,ds-id12,128,2048,7168,32,1024,4096,native,0.250,8.000,56,112,896,0,3.8291,981.5,0.28,ok,1.0664
prescan,ds-id12,128,2048,7168,64,64,256,native,0.062,0.062,7168,896,7168,0,5.6274,667.8,1.31,ok,0.7256
prescan,ds-id12,128,2048,7168,64,64,512,native,0.125,0.125,3584,448,3584,0,5.5280,679.8,0.30,ok,0.7387
prescan,ds-id12,128,2048,7168,64,64,1024,native,0.250,0.250,1792,224,1792,0,5.2069,721.8,0.33,ok,0.7842
prescan,ds-id12,128,2048,7168,64,64,2048,native,0.500,0.500,896,112,896,0,4.9785,754.9,0.21,ok,0.8202
prescan,ds-id12,128,2048,7168,64,64,4096,native,0.500,0.500,896,112,896,0,5.0508,744.1,2.97,ok,0.8085
prescan,ds-id12,128,2048,7168,64,128,256,native,0.062,0.125,3584,896,7168,0,4.6641,805.8,2.81,ok,0.8755
prescan,ds-id12,128,2048,7168,64,128,512,native,0.125,0.250,1792,448,3584,0,4.5715,822.1,1.75,ok,0.8932
prescan,ds-id12,128,2048,7168,64,128,1024,native,0.250,0.500,896,224,1792,0,4.4642,841.8,0.83,ok,0.9147
prescan,ds-id12,128,2048,7168,64,128,2048,native,0.500,1.000,448,112,896,0,4.2801,878.0,1.57,ok,0.9541
prescan,ds-id12,128,2048,7168,64,128,4096,native,0.500,1.000,448,112,896,0,4.2722,879.7,0.21,ok,0.9558
prescan,ds-id12,128,2048,7168,64,256,256,native,0.062,0.250,1792,896,7168,0,4.4220,849.9,0.15,ok,0.9234
prescan,ds-id12,128,2048,7168,64,256,512,native,0.125,0.500,896,448,3584,0,4.2722,879.7,0.21,ok,0.9558
prescan,ds-id12,128,2048,7168,64,256,1024,native,0.250,1.000,448,224,1792,0,4.1625,902.8,0.48,ok,0.9810
prescan,ds-id12,128,2048,7168,64,256,2048,native,0.500,2.000,224,112,896,0,3.9347,955.1,0.06,ok,1.0378
prescan,ds-id12,128,2048,7168,64,256,4096,native,0.500,2.000,224,112,896,0,3.9454,952.5,0.29,ok,1.0350
prescan,ds-id12,128,2048,7168,64,512,256,native,0.062,0.500,896,896,7168,0,4.1887,897.2,0.91,ok,0.9749
prescan,ds-id12,128,2048,7168,64,512,512,native,0.125,1.000,448,448,3584,0,4.0808,920.9,0.07,ok,1.0007
prescan,ds-id12,128,2048,7168,64,512,1024,native,0.250,2.000,224,224,1792,0,3.9211,958.4,0.48,ok,1.0414
prescan,ds-id12,128,2048,7168,64,512,2048,native,0.500,4.000,112,112,896,0,3.7231,1009.4,0.05,ok,1.0968
prescan,ds-id12,128,2048,7168,64,512,4096,native,0.500,4.000,112,112,896,0,3.7241,1009.1,0.13,ok,1.0965
prescan,ds-id12,128,2048,7168,64,1024,256,native,0.062,1.000,448,896,7168,0,4.0346,931.5,0.87,ok,1.0121
prescan,ds-id12,128,2048,7168,64,1024,512,native,0.125,2.000,224,448,3584,0,3.8796,968.7,0.31,ok,1.0525
prescan,ds-id12,128,2048,7168,64,1024,1024,native,0.250,4.000,112,224,1792,0,3.7710,996.6,0.45,ok,1.0828
prescan,ds-id12,128,2048,7168,64,1024,2048,native,0.500,8.000,56,112,896,0,3.8497,976.2,0.10,ok,1.0607
prescan,ds-id12,128,2048,7168,64,1024,4096,native,0.500,8.000,56,112,896,0,3.8520,975.6,0.24,ok,1.0601
prescan,ds-id12,128,2048,7168,128,64,256,native,0.125,0.062,7168,896,7168,0,5.5931,671.9,1.24,ok,0.7301
prescan,ds-id12,128,2048,7168,128,64,512,native,0.250,0.125,3584,448,3584,0,5.3669,700.2,3.63,ok,0.7609
prescan,ds-id12,128,2048,7168,128,64,1024,native,0.500,0.250,1792,224,1792,0,5.2494,715.9,1.18,ok,0.7779
prescan,ds-id12,128,2048,7168,128,64,2048,native,1.000,0.500,896,112,896,0,4.9856,753.8,3.87,ok,0.8190
prescan,ds-id12,128,2048,7168,128,64,4096,native,1.000,0.500,896,112,896,0,4.8814,769.9,0.70,ok,0.8365
prescan,ds-id12,128,2048,7168,128,128,256,native,0.125,0.125,3584,896,7168,0,4.6217,813.1,2.72,ok,0.8835
prescan,ds-id12,128,2048,7168,128,128,512,native,0.250,0.250,1792,448,3584,0,4.5033,834.5,2.43,ok,0.9068
prescan,ds-id12,128,2048,7168,128,128,1024,native,0.500,0.500,896,224,1792,0,4.5015,834.9,0.67,ok,0.9071
prescan,ds-id12,128,2048,7168,128,128,2048,native,1.000,1.000,448,112,896,0,4.2937,875.3,1.22,ok,0.9510
prescan,ds-id12,128,2048,7168,128,128,4096,native,1.000,1.000,448,112,896,0,4.2992,874.1,1.56,ok,0.9498
prescan,ds-id12,128,2048,7168,128,256,256,native,0.125,0.250,1792,896,7168,0,4.3096,872.0,1.66,ok,0.9475
prescan,ds-id12,128,2048,7168,128,256,512,native,0.250,0.500,896,448,3584,0,4.2542,883.4,0.20,ok,0.9599
prescan,ds-id12,128,2048,7168,128,256,1024,native,0.500,1.000,448,224,1792,0,4.1629,902.7,0.31,ok,0.9809
prescan,ds-id12,128,2048,7168,128,256,2048,native,1.000,2.000,224,112,896,0,3.9803,944.2,0.88,ok,1.0259
prescan,ds-id12,128,2048,7168,128,256,4096,native,1.000,2.000,224,112,896,0,3.9951,940.7,0.02,ok,1.0221
prescan,ds-id12,128,2048,7168,128,512,256,native,0.125,0.500,896,896,7168,0,4.1628,902.8,0.23,ok,0.9809
prescan,ds-id12,128,2048,7168,128,512,512,native,0.250,1.000,448,448,3584,0,4.0757,922.1,0.44,ok,1.0019
prescan,ds-id12,128,2048,7168,128,512,1024,native,0.500,2.000,224,224,1792,0,3.9786,944.6,0.41,ok,1.0263
prescan,ds-id12,128,2048,7168,128,512,2048,native,1.000,4.000,112,112,896,0,3.7410,1004.6,0.04,ok,1.0915
prescan,ds-id12,128,2048,7168,128,512,4096,native,1.000,4.000,112,112,896,0,3.7380,1005.4,0.08,ok,1.0924
prescan,ds-id12,128,2048,7168,128,1024,256,native,0.125,1.000,448,896,7168,0,4.1711,901.0,0.09,ok,0.9790
prescan,ds-id12,128,2048,7168,128,1024,512,native,0.250,2.000,224,448,3584,0,4.0324,932.0,0.06,ok,1.0127
prescan,ds-id12,128,2048,7168,128,1024,1024,native,0.500,4.000,112,224,1792,0,3.8134,985.5,0.08,ok,1.0708
prescan,ds-id12,128,2048,7168,128,1024,2048,native,1.000,8.000,56,112,896,0,3.9301,956.2,0.40,ok,1.0390
prescan,ds-id12,128,2048,7168,128,1024,4096,native,1.000,8.000,56,112,896,0,3.9353,955.0,0.09,ok,1.0377
final,ds-id12,128,2048,7168,16,512,4096,native,0.125,4.000,112,112,896,40,3.7337,1006.5,0.78,ok,1.0976
final,ds-id12,128,2048,7168,16,512,2048,native,0.125,4.000,112,112,896,40,3.7466,1003.1,5.10,ok,1.0939
final,ds-id12,128,2048,7168,32,512,2048,native,0.250,4.000,112,112,896,40,3.7483,1002.6,0.59,ok,1.0934
final,ds-id12,128,2048,7168,32,512,4096,native,0.250,4.000,112,112,896,40,3.7326,1006.8,0.87,ok,1.0979
final,ds-id12,128,2048,7168,64,512,2048,native,0.500,4.000,112,112,896,37,3.7397,1004.9,1.06,ok,1.0959
final,ds-id12,128,2048,7168,64,512,4096,native,0.500,4.000,112,112,896,40,3.7508,1001.9,2.64,ok,1.0926
final,ds-id12,128,2048,7168,128,512,4096,native,1.000,4.000,112,112,896,40,3.7408,1004.6,0.04,ok,1.0956
final,ds-id12,128,2048,7168,128,512,2048,native,1.000,4.000,112,112,896,40,3.7651,998.1,1.27,ok,1.0885
final,ds-id12,128,2048,7168,16,1024,1024,native,0.062,4.000,112,224,1792,37,3.7761,995.2,1.35,ok,1.0853
final,ds-id12,128,2048,7168,64,1024,1024,native,0.250,4.000,112,224,1792,37,3.7929,990.8,0.35,ok,1.0805
final,ds-id12,128,2048,7168,32,1024,1024,native,0.125,4.000,112,224,1792,39,3.7630,998.7,1.23,ok,1.0891
final,ds-id12,128,2048,7168,16,1024,2048,native,0.125,8.000,56,112,896,40,3.8114,986.0,1.04,ok,1.0753
final,ds-id12,128,2048,7168,16,1024,512,native,0.031,2.000,224,448,3584,39,3.9157,959.7,3.02,ok,1.0466
final,ds-id12,128,2048,7168,16,1024,4096,native,0.125,8.000,56,112,896,38,3.8360,979.7,1.64,ok,1.0684
final,ds-id12,128,2048,7168,128,1024,1024,native,0.500,4.000,112,224,1792,39,3.8470,976.9,0.28,ok,1.0653
final,ds-id12,128,2048,7168,16,256,2048,native,0.125,2.000,224,112,896,36,4.0982,917.0,0.11,ok,1.0000
prescan,ds-id13,4096,7168,2112,16,64,256,native,0.016,0.062,236544,924,236544,0,172.1658,720.3,4.55,ok,0.6707
prescan,ds-id13,4096,7168,2112,16,64,512,native,0.031,0.125,118272,462,118272,0,158.0008,784.9,3.62,ok,0.7308
prescan,ds-id13,4096,7168,2112,16,64,1024,native,0.062,0.250,59136,231,59136,0,154.5096,802.7,3.92,ok,0.7474
prescan,ds-id13,4096,7168,2112,16,64,2048,native,0.125,0.500,33792,132,33792,0,160.8048,771.2,0.66,ok,0.7181
prescan,ds-id13,4096,7168,2112,16,64,4096,native,0.250,1.000,16896,66,16896,0,158.3049,783.4,1.19,ok,0.7294
prescan,ds-id13,4096,7168,2112,16,128,256,native,0.016,0.125,121856,924,236544,0,144.5268,858.1,0.09,ok,0.7990
prescan,ds-id13,4096,7168,2112,16,128,512,native,0.031,0.250,60928,462,118272,0,135.4240,915.8,0.19,ok,0.8527
prescan,ds-id13,4096,7168,2112,16,128,1024,native,0.062,0.500,30464,231,59136,0,128.5260,964.9,0.03,ok,0.8985
prescan,ds-id13,4096,7168,2112,16,128,2048,native,0.125,1.000,17408,132,33792,0,128.9245,961.9,1.92,ok,0.8957
prescan,ds-id13,4096,7168,2112,16,128,4096,native,0.250,2.000,8704,66,16896,0,125.4804,988.3,5.63,ok,0.9203
prescan,ds-id13,4096,7168,2112,16,256,256,native,0.016,0.250,64512,924,236544,0,139.3665,889.9,3.69,ok,0.8286
prescan,ds-id13,4096,7168,2112,16,256,512,native,0.031,0.500,32256,462,118272,0,125.2794,989.9,3.08,ok,0.9217
prescan,ds-id13,4096,7168,2112,16,256,1024,native,0.062,1.000,16128,231,59136,0,116.7456,1062.3,2.28,ok,0.9891
prescan,ds-id13,4096,7168,2112,16,256,2048,native,0.125,2.000,9216,132,33792,0,115.4747,1074.0,7.86,ok,1.0000
prescan,ds-id13,4096,7168,2112,16,256,4096,native,0.250,4.000,4608,66,16896,0,110.3917,1123.4,7.12,ok,1.0460
prescan,ds-id13,4096,7168,2112,16,512,256,native,0.016,0.500,35840,924,236544,0,127.6202,971.8,3.93,ok,0.9048
prescan,ds-id13,4096,7168,2112,16,512,512,native,0.031,1.000,17920,462,118272,0,113.0366,1097.1,3.06,ok,1.0216
prescan,ds-id13,4096,7168,2112,16,512,1024,native,0.062,2.000,8960,231,59136,0,106.9508,1159.6,3.77,ok,1.0797
prescan,ds-id13,4096,7168,2112,16,512,2048,native,0.125,4.000,5120,132,33792,0,102.9544,1204.6,2.93,ok,1.1216
prescan,ds-id13,4096,7168,2112,16,512,4096,native,0.250,8.000,2560,66,16896,0,98.5160,1258.9,4.46,ok,1.1721
prescan,ds-id13,4096,7168,2112,16,1024,256,native,0.016,1.000,21504,924,236544,0,116.2840,1066.5,3.06,ok,0.9930
prescan,ds-id13,4096,7168,2112,16,1024,512,native,0.031,2.000,10752,462,118272,0,105.8477,1171.7,2.33,ok,1.0910
prescan,ds-id13,4096,7168,2112,16,1024,1024,native,0.062,4.000,5376,231,59136,0,101.5195,1221.6,4.74,ok,1.1375
prescan,ds-id13,4096,7168,2112,16,1024,2048,native,0.125,8.000,3072,132,33792,0,96.9811,1278.8,2.95,ok,1.1907
prescan,ds-id13,4096,7168,2112,16,1024,4096,native,0.250,16.000,1536,66,16896,0,157.9282,785.3,8.90,ok,0.7312
prescan,ds-id13,4096,7168,2112,32,64,256,native,0.031,0.062,236544,924,236544,0,173.9364,713.0,6.85,ok,0.6639
prescan,ds-id13,4096,7168,2112,32,64,512,native,0.062,0.125,118272,462,118272,0,157.9649,785.1,2.75,ok,0.7310
prescan,ds-id13,4096,7168,2112,32,64,1024,native,0.125,0.250,59136,231,59136,0,154.7870,801.2,3.29,ok,0.7460
prescan,ds-id13,4096,7168,2112,32,64,2048,native,0.250,0.500,33792,132,33792,0,161.0902,769.9,1.76,ok,0.7168
prescan,ds-id13,4096,7168,2112,32,64,4096,native,0.500,1.000,16896,66,16896,0,159.7500,776.3,1.29,ok,0.7228
prescan,ds-id13,4096,7168,2112,32,128,256,native,0.031,0.125,121856,924,236544,0,145.4290,852.8,1.08,ok,0.7940
prescan,ds-id13,4096,7168,2112,32,128,512,native,0.062,0.250,60928,462,118272,0,135.6338,914.4,0.75,ok,0.8514
prescan,ds-id13,4096,7168,2112,32,128,1024,native,0.125,0.500,30464,231,59136,0,131.0540,946.3,4.66,ok,0.8811
prescan,ds-id13,4096,7168,2112,32,128,2048,native,0.250,1.000,17408,132,33792,0,128.9431,961.8,3.15,ok,0.8955
prescan,ds-id13,4096,7168,2112,32,128,4096,native,0.500,2.000,8704,66,16896,0,125.2564,990.1,1.79,ok,0.9219
prescan,ds-id13,4096,7168,2112,32,256,256,native,0.031,0.250,64512,924,236544,0,137.0633,904.8,1.18,ok,0.8425
prescan,ds-id13,4096,7168,2112,32,256,512,native,0.062,0.500,32256,462,118272,0,123.3489,1005.4,3.22,ok,0.9362
prescan,ds-id13,4096,7168,2112,32,256,1024,native,0.125,1.000,16128,231,59136,0,115.9592,1069.5,1.93,ok,0.9958
prescan,ds-id13,4096,7168,2112,32,256,2048,native,0.250,2.000,9216,132,33792,0,111.6939,1110.3,0.42,ok,1.0338
prescan,ds-id13,4096,7168,2112,32,256,4096,native,0.500,4.000,4608,66,16896,0,106.1104,1168.8,0.09,ok,1.0883
prescan,ds-id13,4096,7168,2112,32,512,256,native,0.031,0.500,35840,924,236544,0,129.9140,954.6,3.43,ok,0.8889
prescan,ds-id13,4096,7168,2112,32,512,512,native,0.062,1.000,17920,462,118272,0,112.3185,1104.2,1.04,ok,1.0281
prescan,ds-id13,4096,7168,2112,32,512,1024,native,0.125,2.000,8960,231,59136,0,105.2127,1178.7,0.65,ok,1.0975
prescan,ds-id13,4096,7168,2112,32,512,2048,native,0.250,4.000,5120,132,33792,0,101.9660,1216.3,2.28,ok,1.1325
prescan,ds-id13,4096,7168,2112,32,512,4096,native,0.500,8.000,2560,66,16896,0,98.8598,1254.5,5.29,ok,1.1681
prescan,ds-id13,4096,7168,2112,32,1024,256,native,0.031,1.000,21504,924,236544,0,117.9700,1051.3,2.65,ok,0.9788
prescan,ds-id13,4096,7168,2112,32,1024,512,native,0.062,2.000,10752,462,118272,0,107.2223,1156.6,3.55,ok,1.0770
prescan,ds-id13,4096,7168,2112,32,1024,1024,native,0.125,4.000,5376,231,59136,0,101.8091,1218.1,4.94,ok,1.1342
prescan,ds-id13,4096,7168,2112,32,1024,2048,native,0.250,8.000,3072,132,33792,0,98.1056,1264.1,5.40,ok,1.1770
prescan,ds-id13,4096,7168,2112,32,1024,4096,native,0.500,16.000,1536,66,16896,0,121.2676,1022.7,4.27,ok,0.9522
prescan,ds-id13,4096,7168,2112,64,64,256,native,0.062,0.062,236544,924,236544,0,173.4851,714.9,2.99,ok,0.6656
prescan,ds-id13,4096,7168,2112,64,64,512,native,0.125,0.125,118272,462,118272,0,160.9738,770.4,6.31,ok,0.7174
prescan,ds-id13,4096,7168,2112,64,64,1024,native,0.250,0.250,59136,231,59136,0,155.7590,796.2,3.63,ok,0.7414
prescan,ds-id13,4096,7168,2112,64,64,2048,native,0.500,0.500,33792,132,33792,0,162.7586,762.0,2.38,ok,0.7095
prescan,ds-id13,4096,7168,2112,64,64,4096,native,1.000,1.000,16896,66,16896,0,160.3032,773.6,2.99,ok,0.7204
prescan,ds-id13,4096,7168,2112,64,128,256,native,0.062,0.125,121856,924,236544,0,148.4983,835.1,1.51,ok,0.7776
prescan,ds-id13,4096,7168,2112,64,128,512,native,0.125,0.250,60928,462,118272,0,137.4015,902.6,2.75,ok,0.8404
prescan,ds-id13,4096,7168,2112,64,128,1024,native,0.250,0.500,30464,231,59136,0,131.8017,940.9,3.75,ok,0.8761
prescan,ds-id13,4096,7168,2112,64,128,2048,native,0.500,1.000,17408,132,33792,0,129.7353,955.9,4.83,ok,0.8901
prescan,ds-id13,4096,7168,2112,64,128,4096,native,1.000,2.000,8704,66,16896,0,125.1090,991.3,2.06,ok,0.9230
prescan,ds-id13,4096,7168,2112,64,256,256,native,0.062,0.250,64512,924,236544,0,136.4390,909.0,2.09,ok,0.8463
prescan,ds-id13,4096,7168,2112,64,256,512,native,0.125,0.500,32256,462,118272,0,123.0695,1007.7,5.04,ok,0.9383
prescan,ds-id13,4096,7168,2112,64,256,1024,native,0.250,1.000,16128,231,59136,0,114.6724,1081.5,7.87,ok,1.0070
prescan,ds-id13,4096,7168,2112,64,256,2048,native,0.500,2.000,9216,132,33792,0,112.6661,1100.7,11.98,ok,1.0249
prescan,ds-id13,4096,7168,2112,64,256,4096,native,1.000,4.000,4608,66,16896,0,109.1243,1136.5,7.48,ok,1.0582
prescan,ds-id13,4096,7168,2112,64,512,256,native,0.062,0.500,35840,924,236544,0,131.0896,946.0,6.01,ok,0.8809
prescan,ds-id13,4096,7168,2112,64,512,512,native,0.125,1.000,17920,462,118272,0,114.9717,1078.7,4.79,ok,1.0044
prescan,ds-id13,4096,7168,2112,64,512,1024,native,0.250,2.000,8960,231,59136,0,107.1774,1157.1,4.70,ok,1.0774
prescan,ds-id13,4096,7168,2112,64,512,2048,native,0.500,4.000,5120,132,33792,0,103.4334,1199.0,4.90,ok,1.1164
prescan,ds-id13,4096,7168,2112,64,512,4096,native,1.000,8.000,2560,66,16896,0,98.9822,1252.9,4.77,ok,1.1666
prescan,ds-id13,4096,7168,2112,64,1024,256,native,0.062,1.000,21504,924,236544,0,125.6816,986.8,0.26,ok,0.9188
prescan,ds-id13,4096,7168,2112,64,1024,512,native,0.125,2.000,10752,462,118272,0,112.0158,1107.1,3.56,ok,1.0309
prescan,ds-id13,4096,7168,2112,64,1024,1024,native,0.250,4.000,5376,231,59136,0,101.5512,1221.2,2.83,ok,1.1371
prescan,ds-id13,4096,7168,2112,64,1024,2048,native,0.500,8.000,3072,132,33792,0,98.3815,1260.6,2.80,ok,1.1737
prescan,ds-id13,4096,7168,2112,64,1024,4096,native,1.000,16.000,1536,66,16896,0,109.0015,1137.8,0.08,ok,1.0594
prescan,ds-id13,4096,7168,2112,128,64,256,native,0.125,0.062,236544,924,236544,0,173.0934,716.5,1.04,ok,0.6671
prescan,ds-id13,4096,7168,2112,128,64,512,native,0.250,0.125,118272,462,118272,0,157.2772,788.5,2.66,ok,0.7342
prescan,ds-id13,4096,7168,2112,128,64,1024,native,0.500,0.250,59136,231,59136,0,154.1850,804.3,1.88,ok,0.7489
prescan,ds-id13,4096,7168,2112,128,64,2048,native,1.000,0.500,33792,132,33792,0,161.0095,770.2,0.44,ok,0.7172
prescan,ds-id13,4096,7168,2112,128,64,4096,native,2.000,1.000,16896,66,16896,0,156.2309,793.8,2.96,ok,0.7391
prescan,ds-id13,4096,7168,2112,128,128,256,native,0.125,0.125,121856,924,236544,0,144.8001,856.5,1.37,ok,0.7975
prescan,ds-id13,4096,7168,2112,128,128,512,native,0.250,0.250,60928,462,118272,0,135.2778,916.8,0.03,ok,0.8536
prescan,ds-id13,4096,7168,2112,128,128,1024,native,0.500,0.500,30464,231,59136,0,127.9357,969.4,0.05,ok,0.9026
prescan,ds-id13,4096,7168,2112,128,128,2048,native,1.000,1.000,17408,132,33792,0,126.4936,980.4,0.03,ok,0.9129
prescan,ds-id13,4096,7168,2112,128,128,4096,native,2.000,2.000,8704,66,16896,0,122.2054,1014.8,2.04,ok,0.9449
prescan,ds-id13,4096,7168,2112,128,256,256,native,0.125,0.250,64512,924,236544,0,134.8613,919.6,0.46,ok,0.8562
prescan,ds-id13,4096,7168,2112,128,256,512,native,0.250,0.500,32256,462,118272,0,122.6727,1011.0,0.34,ok,0.9413
prescan,ds-id13,4096,7168,2112,128,256,1024,native,0.500,1.000,16128,231,59136,0,114.6425,1081.8,0.20,ok,1.0073
prescan,ds-id13,4096,7168,2112,128,256,2048,native,1.000,2.000,9216,132,33792,0,110.6497,1120.8,0.21,ok,1.0436
prescan,ds-id13,4096,7168,2112,128,256,4096,native,2.000,4.000,4608,66,16896,0,105.6012,1174.4,0.02,ok,1.0935
prescan,ds-id13,4096,7168,2112,128,512,256,native,0.125,0.500,35840,924,236544,0,125.1347,991.1,0.34,ok,0.9228
prescan,ds-id13,4096,7168,2112,128,512,512,native,0.250,1.000,17920,462,118272,0,112.9516,1098.0,0.51,ok,1.0223
prescan,ds-id13,4096,7168,2112,128,512,1024,native,0.500,2.000,8960,231,59136,0,104.4796,1187.0,0.69,ok,1.1052
prescan,ds-id13,4096,7168,2112,128,512,2048,native,1.000,4.000,5120,132,33792,0,100.8352,1229.9,0.22,ok,1.1452
prescan,ds-id13,4096,7168,2112,128,512,4096,native,2.000,8.000,2560,66,16896,0,100.3818,1235.5,4.75,ok,1.1504
prescan,ds-id13,4096,7168,2112,128,1024,256,native,0.125,1.000,21504,924,236544,0,122.4140,1013.1,7.88,ok,0.9433
prescan,ds-id13,4096,7168,2112,128,1024,512,native,0.250,2.000,10752,462,118272,0,109.9580,1127.9,5.98,ok,1.0502
prescan,ds-id13,4096,7168,2112,128,1024,1024,native,0.500,4.000,5376,231,59136,0,102.9898,1204.2,6.91,ok,1.1212
prescan,ds-id13,4096,7168,2112,128,1024,2048,native,1.000,8.000,3072,132,33792,0,99.8014,1242.6,7.34,ok,1.1570
prescan,ds-id13,4096,7168,2112,128,1024,4096,native,2.000,16.000,1536,66,16896,0,104.9519,1181.7,6.10,ok,1.1003
final,ds-id13,4096,7168,2112,16,1024,2048,native,0.125,8.000,3072,132,33792,1,98.4320,1259.9,3.52,ok,1.1470
final,ds-id13,4096,7168,2112,32,1024,2048,native,0.250,8.000,3072,132,33792,1,98.3728,1260.7,0.66,ok,1.1477
final,ds-id13,4096,7168,2112,64,1024,2048,native,0.500,8.000,3072,132,33792,1,98.7488,1255.9,1.11,ok,1.1433
final,ds-id13,4096,7168,2112,16,512,4096,native,0.250,8.000,2560,66,16896,1,99.3750,1248.0,0.91,ok,1.1361
final,ds-id13,4096,7168,2112,32,512,4096,native,0.500,8.000,2560,66,16896,1,98.9110,1253.8,1.56,ok,1.1414
final,ds-id13,4096,7168,2112,64,512,4096,native,1.000,8.000,2560,66,16896,1,100.5682,1233.2,1.18,ok,1.1226
final,ds-id13,4096,7168,2112,128,1024,2048,native,1.000,8.000,3072,132,33792,1,99.6233,1244.9,0.65,ok,1.1333
final,ds-id13,4096,7168,2112,128,512,4096,native,2.000,8.000,2560,66,16896,1,100.7675,1230.7,0.92,ok,1.1204
final,ds-id13,4096,7168,2112,16,256,2048,native,0.125,2.000,9216,132,33792,1,112.8987,1098.5,0.26,ok,1.0000
prescan,ds-id14,4096,1536,24576,16,64,256,native,0.016,0.062,589824,2304,589824,0,397.0657,778.8,0.51,ok,0.6830
prescan,ds-id14,4096,1536,24576,16,64,512,native,0.031,0.125,294912,1152,294912,0,358.2093,863.3,1.42,ok,0.7571
prescan,ds-id14,4096,1536,24576,16,64,1024,native,0.062,0.250,196608,768,196608,0,376.0580,822.3,0.93,ok,0.7212
prescan,ds-id14,4096,1536,24576,16,64,2048,native,0.094,0.375,98304,384,98304,0,410.3051,753.7,0.01,ok,0.6610
prescan,ds-id14,4096,1536,24576,16,64,4096,native,0.094,0.375,98304,384,98304,0,428.5879,721.5,2.39,ok,0.6328
prescan,ds-id14,4096,1536,24576,16,128,256,native,0.016,0.125,294912,2304,589824,0,353.7698,874.1,0.24,ok,0.7666
prescan,ds-id14,4096,1536,24576,16,128,512,native,0.031,0.250,147456,1152,294912,0,315.1130,981.4,1.89,ok,0.8607
prescan,ds-id14,4096,1536,24576,16,128,1024,native,0.062,0.500,98304,768,196608,0,314.1097,984.5,1.60,ok,0.8634
prescan,ds-id14,4096,1536,24576,16,128,2048,native,0.094,0.750,49152,384,98304,0,322.7986,958.0,1.35,ok,0.8402
prescan,ds-id14,4096,1536,24576,16,128,4096,native,0.094,0.750,49152,384,98304,0,321.8248,960.9,0.35,ok,0.8427
prescan,ds-id14,4096,1536,24576,16,256,256,native,0.016,0.250,147456,2304,589824,0,319.6169,967.5,1.66,ok,0.8486
prescan,ds-id14,4096,1536,24576,16,256,512,native,0.031,0.500,73728,1152,294912,0,286.3869,1079.8,4.50,ok,0.9470
prescan,ds-id14,4096,1536,24576,16,256,1024,native,0.062,1.000,49152,768,196608,0,282.6319,1094.1,3.12,ok,0.9596
prescan,ds-id14,4096,1536,24576,16,256,2048,native,0.094,1.500,24576,384,98304,0,271.2154,1140.2,0.22,ok,1.0000
prescan,ds-id14,4096,1536,24576,16,256,4096,native,0.094,1.500,24576,384,98304,0,272.5091,1134.8,0.11,ok,0.9953
prescan,ds-id14,4096,1536,24576,16,512,256,native,0.016,0.500,73728,2304,589824,0,299.9452,1031.0,0.67,ok,0.9042
prescan,ds-id14,4096,1536,24576,16,512,512,native,0.031,1.000,36864,1152,294912,0,269.2548,1148.5,1.77,ok,1.0073
prescan,ds-id14,4096,1536,24576,16,512,1024,native,0.062,2.000,24576,768,196608,0,261.4649,1182.7,3.04,ok,1.0373
prescan,ds-id14,4096,1536,24576,16,512,2048,native,0.094,3.000,12288,384,98304,0,251.9587,1227.3,4.98,ok,1.0764
prescan,ds-id14,4096,1536,24576,16,512,4096,native,0.094,3.000,12288,384,98304,0,251.0469,1231.8,4.07,ok,1.0803
prescan,ds-id14,4096,1536,24576,16,1024,256,native,0.016,1.000,36864,2304,589824,0,305.1693,1013.3,5.80,ok,0.8887
prescan,ds-id14,4096,1536,24576,16,1024,512,native,0.031,2.000,18432,1152,294912,0,263.9469,1171.6,8.38,ok,1.0275
prescan,ds-id14,4096,1536,24576,16,1024,1024,native,0.062,4.000,12288,768,196608,0,256.6000,1205.1,8.35,ok,1.0570
prescan,ds-id14,4096,1536,24576,16,1024,2048,native,0.094,6.000,6144,384,98304,0,238.7867,1295.0,4.60,ok,1.1358
prescan,ds-id14,4096,1536,24576,16,1024,4096,native,0.094,6.000,6144,384,98304,0,235.4539,1313.4,3.97,ok,1.1519
prescan,ds-id14,4096,1536,24576,32,64,256,native,0.031,0.062,589824,2304,589824,0,396.9963,778.9,1.56,ok,0.6832
prescan,ds-id14,4096,1536,24576,32,64,512,native,0.062,0.125,294912,1152,294912,0,353.9578,873.7,0.58,ok,0.7662
prescan,ds-id14,4096,1536,24576,32,64,1024,native,0.125,0.250,196608,768,196608,0,378.1533,817.8,3.86,ok,0.7172
prescan,ds-id14,4096,1536,24576,32,64,2048,native,0.188,0.375,98304,384,98304,0,405.6659,762.3,1.76,ok,0.6686
prescan,ds-id14,4096,1536,24576,32,64,4096,native,0.188,0.375,98304,384,98304,0,418.8709,738.3,4.18,ok,0.6475
prescan,ds-id14,4096,1536,24576,32,128,256,native,0.031,0.125,294912,2304,589824,0,354.6247,872.0,5.20,ok,0.7648
prescan,ds-id14,4096,1536,24576,32,128,512,native,0.062,0.250,147456,1152,294912,0,313.7180,985.7,4.74,ok,0.8645
prescan,ds-id14,4096,1536,24576,32,128,1024,native,0.125,0.500,98304,768,196608,0,312.0275,991.1,5.29,ok,0.8692
prescan,ds-id14,4096,1536,24576,32,128,2048,native,0.188,0.750,49152,384,98304,0,321.5773,961.6,6.28,ok,0.8434
prescan,ds-id14,4096,1536,24576,32,128,4096,native,0.188,0.750,49152,384,98304,0,316.7711,976.2,2.34,ok,0.8562
prescan,ds-id14,4096,1536,24576,32,256,256,native,0.031,0.250,147456,2304,589824,0,323.1090,957.1,5.52,ok,0.8394
prescan,ds-id14,4096,1536,24576,32,256,512,native,0.062,0.500,73728,1152,294912,0,295.3874,1046.9,10.38,ok,0.9182
prescan,ds-id14,4096,1536,24576,32,256,1024,native,0.125,1.000,49152,768,196608,0,283.6573,1090.2,7.72,ok,0.9561
prescan,ds-id14,4096,1536,24576,32,256,2048,native,0.188,1.500,24576,384,98304,0,273.3535,1131.3,6.65,ok,0.9922
prescan,ds-id14,4096,1536,24576,32,256,4096,native,0.188,1.500,24576,384,98304,0,275.5180,1122.4,7.42,ok,0.9844
prescan,ds-id14,4096,1536,24576,32,512,256,native,0.031,0.500,73728,2304,589824,0,306.9446,1007.5,6.95,ok,0.8836
prescan,ds-id14,4096,1536,24576,32,512,512,native,0.062,1.000,36864,1152,294912,0,272.9761,1132.8,7.62,ok,0.9936
prescan,ds-id14,4096,1536,24576,32,512,1024,native,0.125,2.000,24576,768,196608,0,256.5933,1205.2,4.68,ok,1.0570
prescan,ds-id14,4096,1536,24576,32,512,2048,native,0.188,3.000,12288,384,98304,0,245.3566,1260.4,3.01,ok,1.1054
prescan,ds-id14,4096,1536,24576,32,512,4096,native,0.188,3.000,12288,384,98304,0,243.2972,1271.0,2.38,ok,1.1147
prescan,ds-id14,4096,1536,24576,32,1024,256,native,0.031,1.000,36864,2304,589824,0,289.2402,1069.1,1.28,ok,0.9377
prescan,ds-id14,4096,1536,24576,32,1024,512,native,0.062,2.000,18432,1152,294912,0,257.7627,1199.7,3.56,ok,1.0522
prescan,ds-id14,4096,1536,24576,32,1024,1024,native,0.125,4.000,12288,768,196608,0,249.3355,1240.2,4.88,ok,1.0878
prescan,ds-id14,4096,1536,24576,32,1024,2048,native,0.188,6.000,6144,384,98304,0,237.7438,1300.7,6.20,ok,1.1408
prescan,ds-id14,4096,1536,24576,32,1024,4096,native,0.188,6.000,6144,384,98304,0,233.9856,1321.6,5.71,ok,1.1591
prescan,ds-id14,4096,1536,24576,64,64,256,native,0.062,0.062,589824,2304,589824,0,396.1378,780.6,5.12,ok,0.6846
prescan,ds-id14,4096,1536,24576,64,64,512,native,0.125,0.125,294912,1152,294912,0,354.5452,872.2,3.53,ok,0.7650
prescan,ds-id14,4096,1536,24576,64,64,1024,native,0.250,0.250,196608,768,196608,0,368.5710,839.0,3.37,ok,0.7359
prescan,ds-id14,4096,1536,24576,64,64,2048,native,0.375,0.375,98304,384,98304,0,402.9342,767.5,0.87,ok,0.6731
prescan,ds-id14,4096,1536,24576,64,64,4096,native,0.375,0.375,98304,384,98304,0,410.3751,753.5,1.99,ok,0.6609
prescan,ds-id14,4096,1536,24576,64,128,256,native,0.062,0.125,294912,2304,589824,0,351.5503,879.6,1.31,ok,0.7715
prescan,ds-id14,4096,1536,24576,64,128,512,native,0.125,0.250,147456,1152,294912,0,313.2066,987.3,2.56,ok,0.8659
prescan,ds-id14,4096,1536,24576,64,128,1024,native,0.250,0.500,98304,768,196608,0,309.4725,999.2,1.90,ok,0.8764
prescan,ds-id14,4096,1536,24576,64,128,2048,native,0.375,0.750,49152,384,98304,0,316.0237,978.5,2.56,ok,0.8582
prescan,ds-id14,4096,1536,24576,64,128,4096,native,0.375,0.750,49152,384,98304,0,316.7668,976.2,1.97,ok,0.8562
prescan,ds-id14,4096,1536,24576,64,256,256,native,0.062,0.250,147456,2304,589824,0,317.1453,975.1,0.70,ok,0.8552
prescan,ds-id14,4096,1536,24576,64,256,512,native,0.125,0.500,73728,1152,294912,0,282.3178,1095.4,1.98,ok,0.9607
prescan,ds-id14,4096,1536,24576,64,256,1024,native,0.250,1.000,49152,768,196608,0,277.4161,1114.7,2.00,ok,0.9776
prescan,ds-id14,4096,1536,24576,64,256,2048,native,0.375,1.500,24576,384,98304,0,268.4015,1152.1,3.05,ok,1.0105
prescan,ds-id14,4096,1536,24576,64,256,4096,native,0.375,1.500,24576,384,98304,0,267.3206,1156.8,2.16,ok,1.0146
prescan,ds-id14,4096,1536,24576,64,512,256,native,0.062,0.500,73728,2304,589824,0,306.5820,1008.7,4.54,ok,0.8846
prescan,ds-id14,4096,1536,24576,64,512,512,native,0.125,1.000,36864,1152,294912,0,267.3032,1156.9,3.81,ok,1.0146
prescan,ds-id14,4096,1536,24576,64,512,1024,native,0.250,2.000,24576,768,196608,0,259.7475,1190.5,2.18,ok,1.0442
prescan,ds-id14,4096,1536,24576,64,512,2048,native,0.375,3.000,12288,384,98304,0,238.8376,1294.8,2.74,ok,1.1356
prescan,ds-id14,4096,1536,24576,64,512,4096,native,0.375,3.000,12288,384,98304,0,239.7066,1290.1,1.11,ok,1.1314
prescan,ds-id14,4096,1536,24576,64,1024,256,native,0.062,1.000,36864,2304,589824,0,287.3328,1076.2,0.13,ok,0.9439
prescan,ds-id14,4096,1536,24576,64,1024,512,native,0.125,2.000,18432,1152,294912,0,256.3230,1206.4,1.44,ok,1.0581
prescan,ds-id14,4096,1536,24576,64,1024,1024,native,0.250,4.000,12288,768,196608,0,245.7279,1258.5,0.90,ok,1.1037
prescan,ds-id14,4096,1536,24576,64,1024,2048,native,0.375,6.000,6144,384,98304,0,233.0060,1327.2,0.84,ok,1.1640
prescan,ds-id14,4096,1536,24576,64,1024,4096,native,0.375,6.000,6144,384,98304,0,232.6031,1329.5,1.91,ok,1.1660
prescan,ds-id14,4096,1536,24576,128,64,256,native,0.125,0.062,589824,2304,589824,0,393.8262,785.2,1.64,ok,0.6887
prescan,ds-id14,4096,1536,24576,128,64,512,native,0.250,0.125,294912,1152,294912,0,359.6454,859.8,5.23,ok,0.7541
prescan,ds-id14,4096,1536,24576,128,64,1024,native,0.500,0.250,196608,768,196608,0,384.5909,804.1,4.49,ok,0.7052
prescan,ds-id14,4096,1536,24576,128,64,2048,native,0.750,0.375,98304,384,98304,0,407.5556,758.8,0.40,ok,0.6655
prescan,ds-id14,4096,1536,24576,128,64,4096,native,0.750,0.375,98304,384,98304,0,416.5313,742.4,2.84,ok,0.6511
prescan,ds-id14,4096,1536,24576,128,128,256,native,0.125,0.125,294912,2304,589824,0,350.5574,882.1,0.96,ok,0.7737
prescan,ds-id14,4096,1536,24576,128,128,512,native,0.250,0.250,147456,1152,294912,0,311.9696,991.2,0.09,ok,0.8694
prescan,ds-id14,4096,1536,24576,128,128,1024,native,0.500,0.500,98304,768,196608,0,312.1123,990.8,0.46,ok,0.8690
prescan,ds-id14,4096,1536,24576,128,128,2048,native,0.750,0.750,49152,384,98304,0,313.0901,987.7,0.67,ok,0.8663
prescan,ds-id14,4096,1536,24576,128,128,4096,native,0.750,0.750,49152,384,98304,0,320.0381,966.3,0.09,ok,0.8474
prescan,ds-id14,4096,1536,24576,128,256,256,native,0.125,0.250,147456,2304,589824,0,324.2902,953.6,5.59,ok,0.8363
prescan,ds-id14,4096,1536,24576,128,256,512,native,0.250,0.500,73728,1152,294912,0,284.5027,1086.9,4.23,ok,0.9533
prescan,ds-id14,4096,1536,24576,128,256,1024,native,0.500,1.000,49152,768,196608,0,275.3389,1123.1,3.46,ok,0.9850
prescan,ds-id14,4096,1536,24576,128,256,2048,native,0.750,1.500,24576,384,98304,0,266.2118,1161.6,4.45,ok,1.0188
prescan,ds-id14,4096,1536,24576,128,256,4096,native,0.750,1.500,24576,384,98304,0,264.9300,1167.2,3.64,ok,1.0237
prescan,ds-id14,4096,1536,24576,128,512,256,native,0.125,0.500,73728,2304,589824,0,296.2878,1043.7,2.42,ok,0.9154
prescan,ds-id14,4096,1536,24576,128,512,512,native,0.250,1.000,36864,1152,294912,0,265.8109,1163.4,3.16,ok,1.0203
prescan,ds-id14,4096,1536,24576,128,512,1024,native,0.500,2.000,24576,768,196608,0,254.9781,1212.8,3.16,ok,1.0637
prescan,ds-id14,4096,1536,24576,128,512,2048,native,0.750,3.000,12288,384,98304,0,241.0870,1282.7,5.14,ok,1.1250
prescan,ds-id14,4096,1536,24576,128,512,4096,native,0.750,3.000,12288,384,98304,0,242.7740,1273.8,3.31,ok,1.1172
prescan,ds-id14,4096,1536,24576,128,1024,256,native,0.125,1.000,36864,2304,589824,0,287.7400,1074.7,1.01,ok,0.9426
prescan,ds-id14,4096,1536,24576,128,1024,512,native,0.250,2.000,18432,1152,294912,0,257.5759,1200.6,3.73,ok,1.0530
prescan,ds-id14,4096,1536,24576,128,1024,1024,native,0.500,4.000,12288,768,196608,0,246.7982,1253.0,1.60,ok,1.0989
prescan,ds-id14,4096,1536,24576,128,1024,2048,native,0.750,6.000,6144,384,98304,0,233.2142,1326.0,1.92,ok,1.1629
prescan,ds-id14,4096,1536,24576,128,1024,4096,native,0.750,6.000,6144,384,98304,0,232.8825,1327.9,1.53,ok,1.1646
final,ds-id14,4096,1536,24576,64,1024,4096,native,0.375,6.000,6144,384,98304,1,234.1997,1320.4,2.15,ok,1.1462
final,ds-id14,4096,1536,24576,128,1024,4096,native,0.750,6.000,6144,384,98304,1,230.8116,1339.8,0.91,ok,1.1630
final,ds-id14,4096,1536,24576,64,1024,2048,native,0.375,6.000,6144,384,98304,1,229.2664,1348.8,0.37,ok,1.1709
final,ds-id14,4096,1536,24576,128,1024,2048,native,0.750,6.000,6144,384,98304,1,229.0281,1350.2,0.50,ok,1.1721
final,ds-id14,4096,1536,24576,32,1024,4096,native,0.188,6.000,6144,384,98304,1,238.1276,1298.6,0.97,ok,1.1273
final,ds-id14,4096,1536,24576,16,1024,4096,native,0.094,6.000,6144,384,98304,1,227.1520,1361.4,1.45,ok,1.1818
final,ds-id14,4096,1536,24576,32,1024,2048,native,0.188,6.000,6144,384,98304,1,226.3539,1366.2,0.90,ok,1.1859
final,ds-id14,4096,1536,24576,16,1024,2048,native,0.094,6.000,6144,384,98304,1,227.2430,1360.8,0.48,ok,1.1813
final,ds-id14,4096,1536,24576,64,512,2048,native,0.375,3.000,12288,384,98304,1,239.0368,1293.7,1.20,ok,1.1230
final,ds-id14,4096,1536,24576,16,256,2048,native,0.094,1.500,24576,384,98304,1,268.4419,1152.0,0.29,ok,1.0000
prescan,ds-id15,4096,512,32768,16,64,256,native,0.016,0.062,262144,1024,262144,0,159.7212,860.5,4.37,ok,0.6707
prescan,ds-id15,4096,512,32768,16,64,512,native,0.031,0.125,131072,512,131072,0,134.8413,1019.3,6.58,ok,0.7944
prescan,ds-id15,4096,512,32768,16,64,1024,native,0.031,0.125,131072,512,131072,0,136.4519,1007.2,6.12,ok,0.7850
prescan,ds-id15,4096,512,32768,16,64,2048,native,0.031,0.125,131072,512,131072,0,140.1973,980.3,6.75,ok,0.7641
prescan,ds-id15,4096,512,32768,16,64,4096,native,0.031,0.125,131072,512,131072,0,143.1175,960.3,20.77,ok,0.7485
prescan,ds-id15,4096,512,32768,16,128,256,native,0.016,0.125,131072,1024,262144,0,130.9561,1049.5,4.35,ok,0.8180
prescan,ds-id15,4096,512,32768,16,128,512,native,0.031,0.250,65536,512,131072,0,110.7194,1241.3,4.39,ok,0.9675
prescan,ds-id15,4096,512,32768,16,128,1024,native,0.031,0.250,65536,512,131072,0,114.9352,1195.8,7.06,ok,0.9320
prescan,ds-id15,4096,512,32768,16,128,2048,native,0.031,0.250,65536,512,131072,0,112.4027,1222.7,8.24,ok,0.9530
prescan,ds-id15,4096,512,32768,16,128,4096,native,0.031,0.250,65536,512,131072,0,114.6067,1199.2,7.56,ok,0.9347
prescan,ds-id15,4096,512,32768,16,256,256,native,0.016,0.250,65536,1024,262144,0,120.9634,1136.2,6.24,ok,0.8856
prescan,ds-id15,4096,512,32768,16,256,512,native,0.031,0.500,32768,512,131072,0,102.4943,1340.9,9.43,ok,1.0451
prescan,ds-id15,4096,512,32768,16,256,1024,native,0.031,0.500,32768,512,131072,0,106.0386,1296.1,8.84,ok,1.0102
prescan,ds-id15,4096,512,32768,16,256,2048,native,0.031,0.500,32768,512,131072,0,107.1201,1283.0,7.35,ok,1.0000
prescan,ds-id15,4096,512,32768,16,256,4096,native,0.031,0.500,32768,512,131072,0,113.0753,1215.5,6.28,ok,0.9473
prescan,ds-id15,4096,512,32768,16,512,256,native,0.016,0.500,32768,1024,262144,0,115.5789,1189.1,3.38,ok,0.9268
prescan,ds-id15,4096,512,32768,16,512,512,native,0.031,1.000,16384,512,131072,0,99.5397,1380.7,4.45,ok,1.0762
prescan,ds-id15,4096,512,32768,16,512,1024,native,0.031,1.000,16384,512,131072,0,103.6345,1326.2,3.16,ok,1.0336
prescan,ds-id15,4096,512,32768,16,512,2048,native,0.031,1.000,16384,512,131072,0,109.2848,1257.6,13.61,ok,0.9802
prescan,ds-id15,4096,512,32768,16,512,4096,native,0.031,1.000,16384,512,131072,0,105.1754,1306.8,8.20,ok,1.0185
prescan,ds-id15,4096,512,32768,16,1024,256,native,0.016,1.000,16384,1024,262144,0,114.0252,1205.3,3.29,ok,0.9394
prescan,ds-id15,4096,512,32768,16,1024,512,native,0.031,2.000,8192,512,131072,0,97.9659,1402.9,0.91,ok,1.0934
prescan,ds-id15,4096,512,32768,16,1024,1024,native,0.031,2.000,8192,512,131072,0,99.9449,1375.1,4.76,ok,1.0718
prescan,ds-id15,4096,512,32768,16,1024,2048,native,0.031,2.000,8192,512,131072,0,100.8668,1362.6,3.60,ok,1.0620
prescan,ds-id15,4096,512,32768,16,1024,4096,native,0.031,2.000,8192,512,131072,0,100.4212,1368.6,5.29,ok,1.0667
prescan,ds-id15,4096,512,32768,32,64,256,native,0.031,0.062,262144,1024,262144,0,157.6917,871.6,3.87,ok,0.6793
prescan,ds-id15,4096,512,32768,32,64,512,native,0.062,0.125,131072,512,131072,0,134.8338,1019.3,6.27,ok,0.7945
prescan,ds-id15,4096,512,32768,32,64,1024,native,0.062,0.125,131072,512,131072,0,137.0803,1002.6,5.02,ok,0.7814
prescan,ds-id15,4096,512,32768,32,64,2048,native,0.062,0.125,131072,512,131072,0,136.7036,1005.4,6.37,ok,0.7836
prescan,ds-id15,4096,512,32768,32,64,4096,native,0.062,0.125,131072,512,131072,0,135.2595,1016.1,5.61,ok,0.7920
prescan,ds-id15,4096,512,32768,32,128,256,native,0.031,0.125,131072,1024,262144,0,129.5992,1060.5,5.42,ok,0.8265
prescan,ds-id15,4096,512,32768,32,128,512,native,0.062,0.250,65536,512,131072,0,110.8674,1239.7,4.27,ok,0.9662
prescan,ds-id15,4096,512,32768,32,128,1024,native,0.062,0.250,65536,512,131072,0,114.0549,1205.0,8.77,ok,0.9392
prescan,ds-id15,4096,512,32768,32,128,2048,native,0.062,0.250,65536,512,131072,0,116.9136,1175.6,3.37,ok,0.9162
prescan,ds-id15,4096,512,32768,32,128,4096,native,0.062,0.250,65536,512,131072,0,116.6648,1178.1,6.41,ok,0.9182
prescan,ds-id15,4096,512,32768,32,256,256,native,0.031,0.250,65536,1024,262144,0,119.1171,1153.8,5.59,ok,0.8993
prescan,ds-id15,4096,512,32768,32,256,512,native,0.062,0.500,32768,512,131072,0,102.7489,1337.6,9.11,ok,1.0425
prescan,ds-id15,4096,512,32768,32,256,1024,native,0.062,0.500,32768,512,131072,0,105.3606,1304.5,7.42,ok,1.0167
prescan,ds-id15,4096,512,32768,32,256,2048,native,0.062,0.500,32768,512,131072,0,104.0875,1320.4,8.71,ok,1.0291
prescan,ds-id15,4096,512,32768,32,256,4096,native,0.062,0.500,32768,512,131072,0,103.6879,1325.5,5.62,ok,1.0331
prescan,ds-id15,4096,512,32768,32,512,256,native,0.031,0.500,32768,1024,262144,0,113.8402,1207.3,5.21,ok,0.9410
prescan,ds-id15,4096,512,32768,32,512,512,native,0.062,1.000,16384,512,131072,0,98.3711,1397.1,9.00,ok,1.0889
prescan,ds-id15,4096,512,32768,32,512,1024,native,0.062,1.000,16384,512,131072,0,100.3924,1369.0,3.90,ok,1.0670
prescan,ds-id15,4096,512,32768,32,512,2048,native,0.062,1.000,16384,512,131072,0,104.0860,1320.4,9.14,ok,1.0291
prescan,ds-id15,4096,512,32768,32,512,4096,native,0.062,1.000,16384,512,131072,0,105.1715,1306.8,3.35,ok,1.0185
prescan,ds-id15,4096,512,32768,32,1024,256,native,0.031,1.000,16384,1024,262144,0,110.6058,1242.6,3.92,ok,0.9685
prescan,ds-id15,4096,512,32768,32,1024,512,native,0.062,2.000,8192,512,131072,0,96.0026,1431.6,4.37,ok,1.1158
prescan,ds-id15,4096,512,32768,32,1024,1024,native,0.062,2.000,8192,512,131072,0,96.3009,1427.2,4.75,ok,1.1123
prescan,ds-id15,4096,512,32768,32,1024,2048,native,0.062,2.000,8192,512,131072,0,97.3577,1411.7,3.01,ok,1.1003
prescan,ds-id15,4096,512,32768,32,1024,4096,native,0.062,2.000,8192,512,131072,0,98.5771,1394.2,3.78,ok,1.0867
prescan,ds-id15,4096,512,32768,64,64,256,native,0.062,0.062,262144,1024,262144,0,159.5946,861.2,3.35,ok,0.6712
prescan,ds-id15,4096,512,32768,64,64,512,native,0.125,0.125,131072,512,131072,0,132.0292,1041.0,3.01,ok,0.8113
prescan,ds-id15,4096,512,32768,64,64,1024,native,0.125,0.125,131072,512,131072,0,132.6961,1035.7,2.65,ok,0.8073
prescan,ds-id15,4096,512,32768,64,64,2048,native,0.125,0.125,131072,512,131072,0,130.7305,1051.3,4.31,ok,0.8194
prescan,ds-id15,4096,512,32768,64,64,4096,native,0.125,0.125,131072,512,131072,0,130.0073,1057.2,3.51,ok,0.8240
prescan,ds-id15,4096,512,32768,64,128,256,native,0.062,0.125,131072,1024,262144,0,127.7379,1075.9,2.94,ok,0.8386
prescan,ds-id15,4096,512,32768,64,128,512,native,0.125,0.250,65536,512,131072,0,110.0668,1248.7,5.15,ok,0.9732
prescan,ds-id15,4096,512,32768,64,128,1024,native,0.125,0.250,65536,512,131072,0,112.0850,1226.2,6.90,ok,0.9557
prescan,ds-id15,4096,512,32768,64,128,2048,native,0.125,0.250,65536,512,131072,0,116.2647,1182.1,13.87,ok,0.9213
prescan,ds-id15,4096,512,32768,64,128,4096,native,0.125,0.250,65536,512,131072,0,111.8622,1228.6,5.88,ok,0.9576
prescan,ds-id15,4096,512,32768,64,256,256,native,0.062,0.250,65536,1024,262144,0,117.4838,1169.9,5.61,ok,0.9118
prescan,ds-id15,4096,512,32768,64,256,512,native,0.125,0.500,32768,512,131072,0,100.2402,1371.1,4.76,ok,1.0686
prescan,ds-id15,4096,512,32768,64,256,1024,native,0.125,0.500,32768,512,131072,0,103.3159,1330.3,6.51,ok,1.0368
prescan,ds-id15,4096,512,32768,64,256,2048,native,0.125,0.500,32768,512,131072,0,105.1664,1306.9,10.38,ok,1.0186
prescan,ds-id15,4096,512,32768,64,256,4096,native,0.125,0.500,32768,512,131072,0,102.9733,1334.7,7.32,ok,1.0403
prescan,ds-id15,4096,512,32768,64,512,256,native,0.062,0.500,32768,1024,262144,0,112.7111,1219.4,5.12,ok,0.9504
prescan,ds-id15,4096,512,32768,64,512,512,native,0.125,1.000,16384,512,131072,0,98.2922,1398.3,8.02,ok,1.0898
prescan,ds-id15,4096,512,32768,64,512,1024,native,0.125,1.000,16384,512,131072,0,99.6749,1378.9,3.36,ok,1.0747
prescan,ds-id15,4096,512,32768,64,512,2048,native,0.125,1.000,16384,512,131072,0,100.9404,1361.6,1.84,ok,1.0612
prescan,ds-id15,4096,512,32768,64,512,4096,native,0.125,1.000,16384,512,131072,0,100.3619,1369.4,5.59,ok,1.0673
prescan,ds-id15,4096,512,32768,64,1024,256,native,0.062,1.000,16384,1024,262144,0,110.9885,1238.3,4.94,ok,0.9651
prescan,ds-id15,4096,512,32768,64,1024,512,native,0.125,2.000,8192,512,131072,0,95.8473,1433.9,4.60,ok,1.1176
prescan,ds-id15,4096,512,32768,64,1024,1024,native,0.125,2.000,8192,512,131072,0,96.4876,1424.4,4.71,ok,1.1102
prescan,ds-id15,4096,512,32768,64,1024,2048,native,0.125,2.000,8192,512,131072,0,97.6348,1407.7,6.23,ok,1.0972
prescan,ds-id15,4096,512,32768,64,1024,4096,native,0.125,2.000,8192,512,131072,0,97.1187,1415.2,3.76,ok,1.1030
prescan,ds-id15,4096,512,32768,128,64,256,native,0.125,0.062,262144,1024,262144,0,160.4506,856.6,5.08,ok,0.6676
prescan,ds-id15,4096,512,32768,128,64,512,native,0.250,0.125,131072,512,131072,0,136.0517,1010.2,8.46,ok,0.7873
prescan,ds-id15,4096,512,32768,128,64,1024,native,0.250,0.125,131072,512,131072,0,136.0838,1010.0,10.53,ok,0.7872
prescan,ds-id15,4096,512,32768,128,64,2048,native,0.250,0.125,131072,512,131072,0,135.7502,1012.4,14.68,ok,0.7891
prescan,ds-id15,4096,512,32768,128,64,4096,native,0.250,0.125,131072,512,131072,0,136.6400,1005.8,10.77,ok,0.7840
prescan,ds-id15,4096,512,32768,128,128,256,native,0.125,0.125,131072,1024,262144,0,131.3561,1046.3,8.80,ok,0.8155
prescan,ds-id15,4096,512,32768,128,128,512,native,0.250,0.250,65536,512,131072,0,113.4747,1211.2,9.67,ok,0.9440
prescan,ds-id15,4096,512,32768,128,128,1024,native,0.250,0.250,65536,512,131072,0,115.5965,1189.0,12.22,ok,0.9267
prescan,ds-id15,4096,512,32768,128,128,2048,native,0.250,0.250,65536,512,131072,0,118.7336,1157.5,14.54,ok,0.9022
prescan,ds-id15,4096,512,32768,128,128,4096,native,0.250,0.250,65536,512,131072,0,117.9632,1165.1,17.96,ok,0.9081
prescan,ds-id15,4096,512,32768,128,256,256,native,0.125,0.250,65536,1024,262144,0,124.5574,1103.4,16.35,ok,0.8600
prescan,ds-id15,4096,512,32768,128,256,512,native,0.250,0.500,32768,512,131072,0,107.0780,1283.5,16.24,ok,1.0004
prescan,ds-id15,4096,512,32768,128,256,1024,native,0.250,0.500,32768,512,131072,0,107.5577,1277.8,18.13,ok,0.9959
prescan,ds-id15,4096,512,32768,128,256,2048,native,0.250,0.500,32768,512,131072,0,123.7443,1110.7,24.38,ok,0.8657
prescan,ds-id15,4096,512,32768,128,256,4096,native,0.250,0.500,32768,512,131072,0,112.4117,1222.6,13.95,ok,0.9529
prescan,ds-id15,4096,512,32768,128,512,256,native,0.125,0.500,32768,1024,262144,0,119.7855,1147.4,9.55,ok,0.8943
prescan,ds-id15,4096,512,32768,128,512,512,native,0.250,1.000,16384,512,131072,0,105.6666,1300.7,10.13,ok,1.0138
prescan,ds-id15,4096,512,32768,128,512,1024,native,0.250,1.000,16384,512,131072,0,109.0356,1260.5,10.36,ok,0.9824
prescan,ds-id15,4096,512,32768,128,512,2048,native,0.250,1.000,16384,512,131072,0,117.1294,1173.4,23.48,ok,0.9145
prescan,ds-id15,4096,512,32768,128,512,4096,native,0.250,1.000,16384,512,131072,0,108.0321,1272.2,14.87,ok,0.9916
prescan,ds-id15,4096,512,32768,128,1024,256,native,0.125,1.000,16384,1024,262144,0,114.2614,1202.8,6.12,ok,0.9375
prescan,ds-id15,4096,512,32768,128,1024,512,native,0.250,2.000,8192,512,131072,0,100.4581,1368.1,6.91,ok,1.0663
prescan,ds-id15,4096,512,32768,128,1024,1024,native,0.250,2.000,8192,512,131072,0,100.8701,1362.5,7.01,ok,1.0620
prescan,ds-id15,4096,512,32768,128,1024,2048,native,0.250,2.000,8192,512,131072,0,102.1589,1345.3,5.94,ok,1.0486
prescan,ds-id15,4096,512,32768,128,1024,4096,native,0.250,2.000,8192,512,131072,0,101.7942,1350.2,6.51,ok,1.0523
final,ds-id15,4096,512,32768,64,1024,512,native,0.125,2.000,8192,512,131072,1,90.3297,1521.5,2.14,ok,1.0780
final,ds-id15,4096,512,32768,32,1024,512,native,0.062,2.000,8192,512,131072,1,95.6235,1437.3,7.37,ok,1.0183
final,ds-id15,4096,512,32768,32,1024,1024,native,0.062,2.000,8192,512,131072,1,91.4191,1503.4,7.56,ok,1.0651
final,ds-id15,4096,512,32768,64,1024,1024,native,0.125,2.000,8192,512,131072,1,93.5350,1469.4,12.31,ok,1.0410
final,ds-id15,4096,512,32768,64,1024,4096,native,0.125,2.000,8192,512,131072,1,93.4862,1470.2,7.53,ok,1.0416
final,ds-id15,4096,512,32768,32,1024,2048,native,0.062,2.000,8192,512,131072,1,93.5905,1468.5,4.71,ok,1.0404
final,ds-id15,4096,512,32768,64,1024,2048,native,0.125,2.000,8192,512,131072,1,93.0252,1477.4,4.92,ok,1.0467
final,ds-id15,4096,512,32768,16,1024,512,native,0.031,2.000,8192,512,131072,1,94.9281,1447.8,8.79,ok,1.0257
final,ds-id15,4096,512,32768,64,512,512,native,0.125,1.000,16384,512,131072,1,95.8154,1434.4,16.70,ok,1.0162
final,ds-id15,4096,512,32768,32,512,512,native,0.062,1.000,16384,512,131072,1,97.6023,1408.2,12.18,ok,0.9976
final,ds-id15,4096,512,32768,32,1024,4096,native,0.062,2.000,8192,512,131072,1,92.8481,1480.3,6.02,ok,1.0487
final,ds-id15,4096,512,32768,16,256,2048,native,0.031,0.500,32768,512,131072,1,97.3711,1411.5,3.05,ok,1.0000
prescan,ds-id16,4096,16384,7168,16,64,256,native,0.016,0.062,1835008,7168,1835008,0,1672.1851,575.3,7.39,ok,0.5005
prescan,ds-id16,4096,16384,7168,16,64,512,native,0.031,0.125,917504,3584,917504,0,1463.5559,657.4,11.31,ok,0.5718
prescan,ds-id16,4096,16384,7168,16,64,1024,native,0.062,0.250,458752,1792,458752,0,1337.6460,719.2,8.03,ok,0.6256
prescan,ds-id16,4096,16384,7168,16,64,2048,native,0.125,0.500,229376,896,229376,0,1279.4744,751.9,10.13,ok,0.6541
prescan,ds-id16,4096,16384,7168,16,64,4096,native,0.250,1.000,114688,448,114688,0,1212.8749,793.2,9.64,ok,0.6900
prescan,ds-id16,4096,16384,7168,16,128,256,native,0.016,0.125,917504,7168,1835008,0,1274.4084,754.9,8.90,ok,0.6567
prescan,ds-id16,4096,16384,7168,16,128,512,native,0.031,0.250,458752,3584,917504,0,1118.5089,860.1,8.11,ok,0.7482
prescan,ds-id16,4096,16384,7168,16,128,1024,native,0.062,0.500,229376,1792,458752,0,1044.1306,921.4,5.43,ok,0.8015
prescan,ds-id16,4096,16384,7168,16,128,2048,native,0.125,1.000,114688,896,229376,0,987.7237,974.0,5.87,ok,0.8473
prescan,ds-id16,4096,16384,7168,16,128,4096,native,0.250,2.000,57344,448,114688,0,949.5321,1013.2,6.87,ok,0.8814
prescan,ds-id16,4096,16384,7168,16,256,256,native,0.016,0.250,458752,7168,1835008,0,1082.9485,888.4,7.25,ok,0.7728
prescan,ds-id16,4096,16384,7168,16,256,512,native,0.031,0.500,229376,3584,917504,0,955.2655,1007.1,6.51,ok,0.8761
prescan,ds-id16,4096,16384,7168,16,256,1024,native,0.062,1.000,114688,1792,458752,0,876.7062,1097.4,7.01,ok,0.9546
prescan,ds-id16,4096,16384,7168,16,256,2048,native,0.125,2.000,57344,896,229376,0,836.8726,1149.6,7.87,ok,1.0000
prescan,ds-id16,4096,16384,7168,16,256,4096,native,0.250,4.000,28672,448,114688,0,805.9023,1193.8,7.47,ok,1.0384
prescan,ds-id16,4096,16384,7168,16,512,256,native,0.016,0.500,229376,7168,1835008,0,971.0170,990.8,5.64,ok,0.8619
prescan,ds-id16,4096,16384,7168,16,512,512,native,0.031,1.000,114688,3584,917504,0,868.2345,1108.1,7.51,ok,0.9639
prescan,ds-id16,4096,16384,7168,16,512,1024,native,0.062,2.000,57344,1792,458752,0,822.1977,1170.1,0.04,ok,1.0178
prescan,ds-id16,4096,16384,7168,16,512,2048,native,0.125,4.000,28672,896,229376,0,762.3522,1262.0,6.77,ok,1.0978
prescan,ds-id16,4096,16384,7168,16,512,4096,native,0.250,8.000,14336,448,114688,0,736.2605,1306.7,6.08,ok,1.1367
prescan,ds-id16,4096,16384,7168,16,1024,256,native,0.016,1.000,114688,7168,1835008,0,900.5811,1068.3,6.55,ok,0.9293
prescan,ds-id16,4096,16384,7168,16,1024,512,native,0.031,2.000,57344,3584,917504,0,820.4926,1172.6,3.47,ok,1.0200
prescan,ds-id16,4096,16384,7168,16,1024,1024,native,0.062,4.000,28672,1792,458752,0,756.7518,1271.3,4.91,ok,1.1059
prescan,ds-id16,4096,16384,7168,16,1024,2048,native,0.125,8.000,14336,896,229376,0,725.4140,1326.2,4.83,ok,1.1536
prescan,ds-id16,4096,16384,7168,16,1024,4096,native,0.250,16.000,7168,448,114688,0,1385.6286,694.3,4.76,ok,0.6040
prescan,ds-id16,4096,16384,7168,32,64,256,native,0.031,0.062,1835008,7168,1835008,0,1706.0511,563.9,4.21,ok,0.4905
prescan,ds-id16,4096,16384,7168,32,64,512,native,0.062,0.125,917504,3584,917504,0,1491.6374,645.0,6.10,ok,0.5610
prescan,ds-id16,4096,16384,7168,32,64,1024,native,0.125,0.250,458752,1792,458752,0,1381.7522,696.3,3.98,ok,0.6057
prescan,ds-id16,4096,16384,7168,32,64,2048,native,0.250,0.500,229376,896,229376,0,1318.4372,729.7,4.96,ok,0.6347
prescan,ds-id16,4096,16384,7168,32,64,4096,native,0.500,1.000,114688,448,114688,0,1261.4660,762.7,4.11,ok,0.6634
prescan,ds-id16,4096,16384,7168,32,128,256,native,0.031,0.125,917504,7168,1835008,0,1316.0501,731.0,3.84,ok,0.6359
prescan,ds-id16,4096,16384,7168,32,128,512,native,0.062,0.250,458752,3584,917504,0,1158.4964,830.4,3.83,ok,0.7224
prescan,ds-id16,4096,16384,7168,32,128,1024,native,0.125,0.500,229376,1792,458752,0,1056.9252,910.3,3.50,ok,0.7918
prescan,ds-id16,4096,16384,7168,32,128,2048,native,0.250,1.000,114688,896,229376,0,1025.4238,938.2,5.73,ok,0.8161
prescan,ds-id16,4096,16384,7168,32,128,4096,native,0.500,2.000,57344,448,114688,0,981.9389,979.8,5.72,ok,0.8523
prescan,ds-id16,4096,16384,7168,32,256,256,native,0.031,0.250,458752,7168,1835008,0,1125.8501,854.5,4.72,ok,0.7433
prescan,ds-id16,4096,16384,7168,32,256,512,native,0.062,0.500,229376,3584,917504,0,1001.0438,961.1,7.20,ok,0.8360
prescan,ds-id16,4096,16384,7168,32,256,1024,native,0.125,1.000,114688,1792,458752,0,900.6912,1068.1,4.40,ok,0.9291
prescan,ds-id16,4096,16384,7168,32,256,2048,native,0.250,2.000,57344,896,229376,0,856.1087,1123.8,3.76,ok,0.9775
prescan,ds-id16,4096,16384,7168,32,256,4096,native,0.500,4.000,28672,448,114688,0,820.2478,1172.9,3.69,ok,1.0203
prescan,ds-id16,4096,16384,7168,32,512,256,native,0.031,0.500,229376,7168,1835008,0,996.6300,965.3,2.34,ok,0.8397
prescan,ds-id16,4096,16384,7168,32,512,512,native,0.062,1.000,114688,3584,917504,0,885.3283,1086.7,4.29,ok,0.9453
prescan,ds-id16,4096,16384,7168,32,512,1024,native,0.125,2.000,57344,1792,458752,0,810.8308,1186.5,3.06,ok,1.0321
prescan,ds-id16,4096,16384,7168,32,512,2048,native,0.250,4.000,28672,896,229376,0,776.1028,1239.6,3.72,ok,1.0783
prescan,ds-id16,4096,16384,7168,32,512,4096,native,0.500,8.000,14336,448,114688,0,749.1402,1284.2,3.52,ok,1.1171
prescan,ds-id16,4096,16384,7168,32,1024,256,native,0.031,1.000,114688,7168,1835008,0,921.6514,1043.9,3.86,ok,0.9080
prescan,ds-id16,4096,16384,7168,32,1024,512,native,0.062,2.000,57344,3584,917504,0,830.9270,1157.8,3.26,ok,1.0072
prescan,ds-id16,4096,16384,7168,32,1024,1024,native,0.125,4.000,28672,1792,458752,0,762.6364,1261.5,3.70,ok,1.0973
prescan,ds-id16,4096,16384,7168,32,1024,2048,native,0.250,8.000,14336,896,229376,0,734.5777,1309.7,3.38,ok,1.1393
prescan,ds-id16,4096,16384,7168,32,1024,4096,native,0.500,16.000,7168,448,114688,0,1051.7943,914.7,1.81,ok,0.7957
prescan,ds-id16,4096,16384,7168,64,64,256,native,0.062,0.062,1835008,7168,1835008,0,1703.7011,564.7,4.01,ok,0.4912
prescan,ds-id16,4096,16384,7168,64,64,512,native,0.125,0.125,917504,3584,917504,0,1531.9286,628.0,4.49,ok,0.5463
prescan,ds-id16,4096,16384,7168,64,64,1024,native,0.250,0.250,458752,1792,458752,0,1390.5416,691.9,2.93,ok,0.6018
prescan,ds-id16,4096,16384,7168,64,64,2048,native,0.500,0.500,229376,896,229376,0,1325.9283,725.6,3.65,ok,0.6312
prescan,ds-id16,4096,16384,7168,64,64,4096,native,1.000,1.000,114688,448,114688,0,1267.2491,759.2,2.79,ok,0.6604
prescan,ds-id16,4096,16384,7168,64,128,256,native,0.062,0.125,917504,7168,1835008,0,1342.0433,716.9,3.15,ok,0.6236
prescan,ds-id16,4096,16384,7168,64,128,512,native,0.125,0.250,458752,3584,917504,0,1160.4878,829.0,3.61,ok,0.7211
prescan,ds-id16,4096,16384,7168,64,128,1024,native,0.250,0.500,229376,1792,458752,0,1061.6792,906.2,2.53,ok,0.7883
prescan,ds-id16,4096,16384,7168,64,128,2048,native,0.500,1.000,114688,896,229376,0,1020.3423,942.9,2.74,ok,0.8202
prescan,ds-id16,4096,16384,7168,64,128,4096,native,1.000,2.000,57344,448,114688,0,978.4545,983.3,2.82,ok,0.8553
prescan,ds-id16,4096,16384,7168,64,256,256,native,0.062,0.250,458752,7168,1835008,0,1126.0834,854.4,2.81,ok,0.7432
prescan,ds-id16,4096,16384,7168,64,256,512,native,0.125,0.500,229376,3584,917504,0,986.5087,975.2,2.77,ok,0.8483
prescan,ds-id16,4096,16384,7168,64,256,1024,native,0.250,1.000,114688,1792,458752,0,904.7372,1063.4,3.06,ok,0.9250
prescan,ds-id16,4096,16384,7168,64,256,2048,native,0.500,2.000,57344,896,229376,0,862.5171,1115.4,3.04,ok,0.9703
prescan,ds-id16,4096,16384,7168,64,256,4096,native,1.000,4.000,28672,448,114688,0,825.8432,1165.0,3.69,ok,1.0134
prescan,ds-id16,4096,16384,7168,64,512,256,native,0.062,0.500,229376,7168,1835008,0,1003.4604,958.8,3.65,ok,0.8340
prescan,ds-id16,4096,16384,7168,64,512,512,native,0.125,1.000,114688,3584,917504,0,889.9144,1081.1,4.84,ok,0.9404
prescan,ds-id16,4096,16384,7168,64,512,1024,native,0.250,2.000,57344,1792,458752,0,818.6150,1175.2,5.26,ok,1.0223
prescan,ds-id16,4096,16384,7168,64,512,2048,native,0.500,4.000,28672,896,229376,0,785.4041,1224.9,5.22,ok,1.0655
prescan,ds-id16,4096,16384,7168,64,512,4096,native,1.000,8.000,14336,448,114688,0,758.2708,1268.8,5.16,ok,1.1037
prescan,ds-id16,4096,16384,7168,64,1024,256,native,0.062,1.000,114688,7168,1835008,0,930.5889,1033.8,4.30,ok,0.8993
prescan,ds-id16,4096,16384,7168,64,1024,512,native,0.125,2.000,57344,3584,917504,0,834.3267,1153.1,3.76,ok,1.0031
prescan,ds-id16,4096,16384,7168,64,1024,1024,native,0.250,4.000,28672,1792,458752,0,770.9304,1247.9,3.61,ok,1.0855
prescan,ds-id16,4096,16384,7168,64,1024,2048,native,0.500,8.000,14336,896,229376,0,741.2436,1297.9,3.79,ok,1.1290
prescan,ds-id16,4096,16384,7168,64,1024,4096,native,1.000,16.000,7168,448,114688,0,905.9479,1062.0,3.88,ok,0.9238
prescan,ds-id16,4096,16384,7168,128,64,256,native,0.125,0.062,1835008,7168,1835008,0,1710.8495,562.3,1.89,ok,0.4892
prescan,ds-id16,4096,16384,7168,128,64,512,native,0.250,0.125,917504,3584,917504,0,1535.4653,626.6,2.68,ok,0.5450
prescan,ds-id16,4096,16384,7168,128,64,1024,native,0.500,0.250,458752,1792,458752,0,1401.7371,686.3,3.25,ok,0.5970
prescan,ds-id16,4096,16384,7168,128,64,2048,native,1.000,0.500,229376,896,229376,0,1328.2507,724.3,3.39,ok,0.6301
prescan,ds-id16,4096,16384,7168,128,64,4096,native,2.000,1.000,114688,448,114688,0,1275.3887,754.3,2.28,ok,0.6562
prescan,ds-id16,4096,16384,7168,128,128,256,native,0.125,0.125,917504,7168,1835008,0,1353.4623,710.8,2.30,ok,0.6183
prescan,ds-id16,4096,16384,7168,128,128,512,native,0.250,0.250,458752,3584,917504,0,1170.4035,822.0,2.20,ok,0.7150
prescan,ds-id16,4096,16384,7168,128,128,1024,native,0.500,0.500,229376,1792,458752,0,1014.7348,948.1,12.28,ok,0.8247
prescan,ds-id16,4096,16384,7168,128,128,2048,native,1.000,1.000,114688,896,229376,0,982.5725,979.1,11.92,ok,0.8517
prescan,ds-id16,4096,16384,7168,128,128,4096,native,2.000,2.000,57344,448,114688,0,931.7086,1032.6,14.72,ok,0.8982
prescan,ds-id16,4096,16384,7168,128,256,256,native,0.125,0.250,458752,7168,1835008,0,1075.4665,894.6,9.63,ok,0.7781
prescan,ds-id16,4096,16384,7168,128,256,512,native,0.250,0.500,229376,3584,917504,0,944.7028,1018.4,13.09,ok,0.8859
prescan,ds-id16,4096,16384,7168,128,256,1024,native,0.500,1.000,114688,1792,458752,0,857.5588,1121.9,13.25,ok,0.9759
prescan,ds-id16,4096,16384,7168,128,256,2048,native,1.000,2.000,57344,896,229376,0,814.2190,1181.6,14.27,ok,1.0278
prescan,ds-id16,4096,16384,7168,128,256,4096,native,2.000,4.000,28672,448,114688,0,791.0923,1216.1,12.22,ok,1.0579
prescan,ds-id16,4096,16384,7168,128,512,256,native,0.125,0.500,229376,7168,1835008,0,957.9356,1004.3,12.34,ok,0.8736
prescan,ds-id16,4096,16384,7168,128,512,512,native,0.250,1.000,114688,3584,917504,0,841.9313,1142.7,14.03,ok,0.9940
prescan,ds-id16,4096,16384,7168,128,512,1024,native,0.500,2.000,57344,1792,458752,0,781.4823,1231.1,11.83,ok,1.0709
prescan,ds-id16,4096,16384,7168,128,512,2048,native,1.000,4.000,28672,896,229376,0,749.5155,1283.6,11.93,ok,1.1166
prescan,ds-id16,4096,16384,7168,128,512,4096,native,2.000,8.000,14336,448,114688,0,733.1922,1312.2,13.05,ok,1.1414
prescan,ds-id16,4096,16384,7168,128,1024,256,native,0.125,1.000,114688,7168,1835008,0,899.0774,1070.1,9.88,ok,0.9308
prescan,ds-id16,4096,16384,7168,128,1024,512,native,0.250,2.000,57344,3584,917504,0,792.7597,1213.6,9.15,ok,1.0556
prescan,ds-id16,4096,16384,7168,128,1024,1024,native,0.500,4.000,28672,1792,458752,0,726.9214,1323.5,9.17,ok,1.1513
prescan,ds-id16,4096,16384,7168,128,1024,2048,native,1.000,8.000,14336,896,229376,0,705.5422,1363.6,10.14,ok,1.1861
prescan,ds-id16,4096,16384,7168,128,1024,4096,native,2.000,16.000,7168,448,114688,0,779.3725,1234.4,9.85,ok,1.0738
final,ds-id16,4096,16384,7168,128,1024,2048,native,1.000,8.000,14336,896,229376,1,761.8181,1262.9,1.20,ok,1.1637
final,ds-id16,4096,16384,7168,16,1024,2048,native,0.125,8.000,14336,896,229376,1,763.6666,1259.8,0.41,ok,1.1609
final,ds-id16,4096,16384,7168,128,1024,1024,native,0.500,4.000,28672,1792,458752,1,783.9635,1227.2,0.73,ok,1.1308
final,ds-id16,4096,16384,7168,128,512,4096,native,2.000,8.000,14336,448,114688,1,776.6720,1238.7,0.27,ok,1.1415
final,ds-id16,4096,16384,7168,32,1024,2048,native,0.250,8.000,14336,896,229376,1,748.8762,1284.7,0.34,ok,1.1838
final,ds-id16,4096,16384,7168,16,512,4096,native,0.250,8.000,14336,448,114688,1,760.7380,1264.7,0.27,ok,1.1654
final,ds-id16,4096,16384,7168,64,1024,2048,native,0.500,8.000,14336,896,229376,1,750.3222,1282.2,0.74,ok,1.1816
final,ds-id16,4096,16384,7168,32,512,4096,native,0.500,8.000,14336,448,114688,1,761.0292,1264.2,0.15,ok,1.1649
final,ds-id16,4096,16384,7168,16,256,2048,native,0.125,2.000,57344,896,229376,1,886.5437,1085.2,0.89,ok,1.0000
prescan,ds-id17,4096,7168,4096,16,64,256,native,0.016,0.062,458752,1792,458752,0,333.8298,720.5,4.42,ok,0.6604
prescan,ds-id17,4096,7168,4096,16,64,512,native,0.031,0.125,229376,896,229376,0,301.2964,798.3,1.38,ok,0.7317
prescan,ds-id17,4096,7168,4096,16,64,1024,native,0.062,0.250,114688,448,114688,0,300.0328,801.6,5.25,ok,0.7348
prescan,ds-id17,4096,7168,4096,16,64,2048,native,0.125,0.500,65536,256,65536,0,322.6368,745.5,0.68,ok,0.6833
prescan,ds-id17,4096,7168,4096,16,64,4096,native,0.250,1.000,32768,128,32768,0,325.4796,739.0,2.72,ok,0.6774
prescan,ds-id17,4096,7168,4096,16,128,256,native,0.016,0.125,229376,1792,458752,0,290.5694,827.7,3.88,ok,0.7587
prescan,ds-id17,4096,7168,4096,16,128,512,native,0.031,0.250,114688,896,229376,0,267.9589,897.6,3.39,ok,0.8228
prescan,ds-id17,4096,7168,4096,16,128,1024,native,0.062,0.500,57344,448,114688,0,253.3948,949.2,0.01,ok,0.8700
prescan,ds-id17,4096,7168,4096,16,128,2048,native,0.125,1.000,32768,256,65536,0,254.1346,946.4,0.83,ok,0.8675
prescan,ds-id17,4096,7168,4096,16,128,4096,native,0.250,2.000,16384,128,32768,0,246.7207,974.9,0.60,ok,0.8936
prescan,ds-id17,4096,7168,4096,16,256,256,native,0.016,0.250,114688,1792,458752,0,262.5697,916.0,3.11,ok,0.8396
prescan,ds-id17,4096,7168,4096,16,256,512,native,0.031,0.500,57344,896,229376,0,237.1601,1014.2,2.66,ok,0.9296
prescan,ds-id17,4096,7168,4096,16,256,1024,native,0.062,1.000,28672,448,114688,0,223.6670,1075.3,4.32,ok,0.9857
prescan,ds-id17,4096,7168,4096,16,256,2048,native,0.125,2.000,16384,256,65536,0,220.4654,1091.0,0.44,ok,1.0000
prescan,ds-id17,4096,7168,4096,16,256,4096,native,0.250,4.000,8192,128,32768,0,212.5472,1131.6,0.07,ok,1.0373
prescan,ds-id17,4096,7168,4096,16,512,256,native,0.016,0.500,57344,1792,458752,0,254.6426,944.5,0.80,ok,0.8658
prescan,ds-id17,4096,7168,4096,16,512,512,native,0.031,1.000,28672,896,229376,0,220.4993,1090.8,0.13,ok,0.9998
prescan,ds-id17,4096,7168,4096,16,512,1024,native,0.062,2.000,14336,448,114688,0,209.8864,1145.9,2.28,ok,1.0504
prescan,ds-id17,4096,7168,4096,16,512,2048,native,0.125,4.000,8192,256,65536,0,202.9425,1185.2,1.78,ok,1.0863
prescan,ds-id17,4096,7168,4096,16,512,4096,native,0.250,8.000,4096,128,32768,0,194.9886,1233.5,1.89,ok,1.1307
prescan,ds-id17,4096,7168,4096,16,1024,256,native,0.016,1.000,28672,1792,458752,0,242.5612,991.6,0.60,ok,0.9089
prescan,ds-id17,4096,7168,4096,16,1024,512,native,0.031,2.000,14336,896,229376,0,212.1410,1133.8,2.71,ok,1.0392
prescan,ds-id17,4096,7168,4096,16,1024,1024,native,0.062,4.000,7168,448,114688,0,198.5885,1211.1,2.10,ok,1.1102
prescan,ds-id17,4096,7168,4096,16,1024,2048,native,0.125,8.000,4096,256,65536,0,191.1266,1258.4,1.52,ok,1.1535
prescan,ds-id17,4096,7168,4096,16,1024,4096,native,0.250,16.000,2048,128,32768,0,277.4464,866.9,5.76,ok,0.7946
prescan,ds-id17,4096,7168,4096,32,64,256,native,0.031,0.062,458752,1792,458752,0,343.4012,700.4,8.93,ok,0.6420
prescan,ds-id17,4096,7168,4096,32,64,512,native,0.062,0.125,229376,896,229376,0,315.0147,763.5,7.15,ok,0.6999
prescan,ds-id17,4096,7168,4096,32,64,1024,native,0.125,0.250,114688,448,114688,0,305.1097,788.3,7.39,ok,0.7226
prescan,ds-id17,4096,7168,4096,32,64,2048,native,0.250,0.500,65536,256,65536,0,331.0018,726.6,5.05,ok,0.6661
prescan,ds-id17,4096,7168,4096,32,64,4096,native,0.500,1.000,32768,128,32768,0,331.5355,725.5,5.43,ok,0.6650
prescan,ds-id17,4096,7168,4096,32,128,256,native,0.031,0.125,229376,1792,458752,0,294.4346,816.9,7.32,ok,0.7488
prescan,ds-id17,4096,7168,4096,32,128,512,native,0.062,0.250,114688,896,229376,0,272.9515,881.2,6.85,ok,0.8077
prescan,ds-id17,4096,7168,4096,32,128,1024,native,0.125,0.500,57344,448,114688,0,258.2538,931.3,6.46,ok,0.8537
prescan,ds-id17,4096,7168,4096,32,128,2048,native,0.250,1.000,32768,256,65536,0,256.0315,939.4,2.32,ok,0.8611
prescan,ds-id17,4096,7168,4096,32,128,4096,native,0.500,2.000,16384,128,32768,0,244.8029,982.5,0.52,ok,0.9006
prescan,ds-id17,4096,7168,4096,32,256,256,native,0.031,0.250,114688,1792,458752,0,261.0134,921.5,2.75,ok,0.8447
prescan,ds-id17,4096,7168,4096,32,256,512,native,0.062,0.500,57344,896,229376,0,233.5711,1029.7,2.01,ok,0.9439
prescan,ds-id17,4096,7168,4096,32,256,1024,native,0.125,1.000,28672,448,114688,0,221.4582,1086.1,2.18,ok,0.9955
prescan,ds-id17,4096,7168,4096,32,256,2048,native,0.250,2.000,16384,256,65536,0,216.2132,1112.4,3.65,ok,1.0197
prescan,ds-id17,4096,7168,4096,32,256,4096,native,0.500,4.000,8192,128,32768,0,210.1393,1144.6,2.57,ok,1.0491
prescan,ds-id17,4096,7168,4096,32,512,256,native,0.031,0.500,57344,1792,458752,0,253.6146,948.4,0.37,ok,0.8693
prescan,ds-id17,4096,7168,4096,32,512,512,native,0.062,1.000,28672,896,229376,0,217.5573,1105.5,2.97,ok,1.0134
prescan,ds-id17,4096,7168,4096,32,512,1024,native,0.125,2.000,14336,448,114688,0,207.6483,1158.3,9.22,ok,1.0617
prescan,ds-id17,4096,7168,4096,32,512,2048,native,0.250,4.000,8192,256,65536,0,197.6197,1217.1,7.44,ok,1.1156
prescan,ds-id17,4096,7168,4096,32,512,4096,native,0.500,8.000,4096,128,32768,0,196.1714,1226.1,8.00,ok,1.1238
prescan,ds-id17,4096,7168,4096,32,1024,256,native,0.031,1.000,28672,1792,458752,0,246.2173,976.9,5.64,ok,0.8954
prescan,ds-id17,4096,7168,4096,32,1024,512,native,0.062,2.000,14336,896,229376,0,209.3484,1148.9,6.73,ok,1.0531
prescan,ds-id17,4096,7168,4096,32,1024,1024,native,0.125,4.000,7168,448,114688,0,194.8875,1234.1,6.10,ok,1.1312
prescan,ds-id17,4096,7168,4096,32,1024,2048,native,0.250,8.000,4096,256,65536,0,189.1115,1271.8,4.10,ok,1.1658
prescan,ds-id17,4096,7168,4096,32,1024,4096,native,0.500,16.000,2048,128,32768,0,241.2697,996.9,3.82,ok,0.9138
prescan,ds-id17,4096,7168,4096,64,64,256,native,0.062,0.062,458752,1792,458752,0,369.0815,651.7,2.16,ok,0.5973
prescan,ds-id17,4096,7168,4096,64,64,512,native,0.125,0.125,229376,896,229376,0,322.5261,745.7,3.52,ok,0.6836
prescan,ds-id17,4096,7168,4096,64,64,1024,native,0.250,0.250,114688,448,114688,0,307.0276,783.4,0.82,ok,0.7181
prescan,ds-id17,4096,7168,4096,64,64,2048,native,0.500,0.500,65536,256,65536,0,326.7965,736.0,0.79,ok,0.6746
prescan,ds-id17,4096,7168,4096,64,64,4096,native,1.000,1.000,32768,128,32768,0,323.8760,742.6,3.64,ok,0.6807
prescan,ds-id17,4096,7168,4096,64,128,256,native,0.062,0.125,229376,1792,458752,0,294.2986,817.3,3.52,ok,0.7491
prescan,ds-id17,4096,7168,4096,64,128,512,native,0.125,0.250,114688,896,229376,0,269.1949,893.5,0.79,ok,0.8190
prescan,ds-id17,4096,7168,4096,64,128,1024,native,0.250,0.500,57344,448,114688,0,252.8045,951.4,0.88,ok,0.8721
prescan,ds-id17,4096,7168,4096,64,128,2048,native,0.500,1.000,32768,256,65536,0,256.1117,939.1,4.67,ok,0.8608
prescan,ds-id17,4096,7168,4096,64,128,4096,native,1.000,2.000,16384,128,32768,0,248.4714,968.0,5.05,ok,0.8873
prescan,ds-id17,4096,7168,4096,64,256,256,native,0.062,0.250,114688,1792,458752,0,267.3379,899.7,2.86,ok,0.8247
prescan,ds-id17,4096,7168,4096,64,256,512,native,0.125,0.500,57344,896,229376,0,240.9582,998.2,4.64,ok,0.9150
prescan,ds-id17,4096,7168,4096,64,256,1024,native,0.250,1.000,28672,448,114688,0,223.7736,1074.8,5.08,ok,0.9852
prescan,ds-id17,4096,7168,4096,64,256,2048,native,0.500,2.000,16384,256,65536,0,217.2304,1107.2,4.61,ok,1.0149
prescan,ds-id17,4096,7168,4096,64,256,4096,native,1.000,4.000,8192,128,32768,0,209.5715,1147.7,5.24,ok,1.0520
prescan,ds-id17,4096,7168,4096,64,512,256,native,0.062,0.500,57344,1792,458752,0,247.0159,973.7,1.78,ok,0.8925
prescan,ds-id17,4096,7168,4096,64,512,512,native,0.125,1.000,28672,896,229376,0,221.3860,1086.4,3.76,ok,0.9958
prescan,ds-id17,4096,7168,4096,64,512,1024,native,0.250,2.000,14336,448,114688,0,204.8468,1174.1,6.47,ok,1.0762
prescan,ds-id17,4096,7168,4096,64,512,2048,native,0.500,4.000,8192,256,65536,0,197.2104,1219.6,5.92,ok,1.1179
prescan,ds-id17,4096,7168,4096,64,512,4096,native,1.000,8.000,4096,128,32768,0,192.1785,1251.5,4.12,ok,1.1472
prescan,ds-id17,4096,7168,4096,64,1024,256,native,0.062,1.000,28672,1792,458752,0,233.3643,1030.7,3.54,ok,0.9447
prescan,ds-id17,4096,7168,4096,64,1024,512,native,0.125,2.000,14336,896,229376,0,209.9577,1145.6,3.17,ok,1.0500
prescan,ds-id17,4096,7168,4096,64,1024,1024,native,0.250,4.000,7168,448,114688,0,195.1033,1232.8,5.08,ok,1.1300
prescan,ds-id17,4096,7168,4096,64,1024,2048,native,0.500,8.000,4096,256,65536,0,189.2581,1270.8,3.59,ok,1.1649
prescan,ds-id17,4096,7168,4096,64,1024,4096,native,1.000,16.000,2048,128,32768,0,212.2436,1133.2,3.39,ok,1.0387
prescan,ds-id17,4096,7168,4096,128,64,256,native,0.125,0.062,458752,1792,458752,0,352.5500,682.2,3.78,ok,0.6253
prescan,ds-id17,4096,7168,4096,128,64,512,native,0.250,0.125,229376,896,229376,0,315.3473,762.7,5.50,ok,0.6991
prescan,ds-id17,4096,7168,4096,128,64,1024,native,0.500,0.250,114688,448,114688,0,303.5030,792.5,6.61,ok,0.7264
prescan,ds-id17,4096,7168,4096,128,64,2048,native,1.000,0.500,65536,256,65536,0,326.3611,737.0,7.49,ok,0.6755
prescan,ds-id17,4096,7168,4096,128,64,4096,native,2.000,1.000,32768,128,32768,0,325.4220,739.1,7.51,ok,0.6775
prescan,ds-id17,4096,7168,4096,128,128,256,native,0.125,0.125,229376,1792,458752,0,302.5187,795.1,8.05,ok,0.7288
prescan,ds-id17,4096,7168,4096,128,128,512,native,0.250,0.250,114688,896,229376,0,274.0216,877.7,4.51,ok,0.8046
prescan,ds-id17,4096,7168,4096,128,128,1024,native,0.500,0.500,57344,448,114688,0,253.8753,947.4,4.30,ok,0.8684
prescan,ds-id17,4096,7168,4096,128,128,2048,native,1.000,1.000,32768,256,65536,0,252.2914,953.3,4.87,ok,0.8739
prescan,ds-id17,4096,7168,4096,128,128,4096,native,2.000,2.000,16384,128,32768,0,245.6527,979.1,3.89,ok,0.8975
prescan,ds-id17,4096,7168,4096,128,256,256,native,0.125,0.250,114688,1792,458752,0,266.3041,903.2,3.55,ok,0.8279
prescan,ds-id17,4096,7168,4096,128,256,512,native,0.250,0.500,57344,896,229376,0,238.9412,1006.6,3.71,ok,0.9227
prescan,ds-id17,4096,7168,4096,128,256,1024,native,0.500,1.000,28672,448,114688,0,222.4804,1081.1,3.05,ok,0.9909
prescan,ds-id17,4096,7168,4096,128,256,2048,native,1.000,2.000,16384,256,65536,0,217.4014,1106.3,2.15,ok,1.0141
prescan,ds-id17,4096,7168,4096,128,256,4096,native,2.000,4.000,8192,128,32768,0,209.6128,1147.4,7.89,ok,1.0518
prescan,ds-id17,4096,7168,4096,128,512,256,native,0.125,0.500,57344,1792,458752,0,242.0742,993.6,2.28,ok,0.9107
prescan,ds-id17,4096,7168,4096,128,512,512,native,0.250,1.000,28672,896,229376,0,215.6451,1115.3,0.36,ok,1.0224
prescan,ds-id17,4096,7168,4096,128,512,1024,native,0.500,2.000,14336,448,114688,0,198.1714,1213.7,0.40,ok,1.1125
prescan,ds-id17,4096,7168,4096,128,512,2048,native,1.000,4.000,8192,256,65536,0,194.9381,1233.8,3.64,ok,1.1310
prescan,ds-id17,4096,7168,4096,128,512,4096,native,2.000,8.000,4096,128,32768,0,188.8438,1273.6,4.48,ok,1.1674
prescan,ds-id17,4096,7168,4096,128,1024,256,native,0.125,1.000,28672,1792,458752,0,229.6626,1047.3,3.21,ok,0.9600
prescan,ds-id17,4096,7168,4096,128,1024,512,native,0.250,2.000,14336,896,229376,0,205.4940,1170.4,4.11,ok,1.0729
prescan,ds-id17,4096,7168,4096,128,1024,1024,native,0.500,4.000,7168,448,114688,0,191.2704,1257.5,4.42,ok,1.1526
prescan,ds-id17,4096,7168,4096,128,1024,2048,native,1.000,8.000,4096,256,65536,0,184.6137,1302.8,4.82,ok,1.1942
prescan,ds-id17,4096,7168,4096,128,1024,4096,native,2.000,16.000,2048,128,32768,0,196.5051,1224.0,1.75,ok,1.1219
final,ds-id17,4096,7168,4096,128,1024,2048,native,1.000,8.000,4096,256,65536,1,180.2952,1334.0,0.24,ok,1.1489
final,ds-id17,4096,7168,4096,128,512,4096,native,2.000,8.000,4096,128,32768,1,188.8190,1273.8,6.01,ok,1.0971
final,ds-id17,4096,7168,4096,32,1024,2048,native,0.250,8.000,4096,256,65536,1,181.1735,1327.6,1.91,ok,1.1433
final,ds-id17,4096,7168,4096,64,1024,2048,native,0.500,8.000,4096,256,65536,1,179.9850,1336.3,0.61,ok,1.1509
final,ds-id17,4096,7168,4096,16,1024,2048,native,0.125,8.000,4096,256,65536,1,180.1898,1334.8,0.29,ok,1.1496
final,ds-id17,4096,7168,4096,128,1024,1024,native,0.500,4.000,7168,448,114688,1,183.7155,1309.2,2.05,ok,1.1275
final,ds-id17,4096,7168,4096,64,512,4096,native,1.000,8.000,4096,128,32768,1,181.2270,1327.2,0.88,ok,1.1430
final,ds-id17,4096,7168,4096,32,1024,1024,native,0.125,4.000,7168,448,114688,1,185.0333,1299.9,0.75,ok,1.1195
final,ds-id17,4096,7168,4096,16,256,2048,native,0.125,2.000,16384,256,65536,1,207.1444,1161.1,1.02,ok,1.0000
prescan,ds-id18,4096,2048,7168,16,64,256,native,0.016,0.062,229376,896,229376,0,224.3688,536.0,7.04,ok,0.4494
prescan,ds-id18,4096,2048,7168,16,64,512,native,0.031,0.125,114688,448,114688,0,172.9350,695.4,3.03,ok,0.5831
prescan,ds-id18,4096,2048,7168,16,64,1024,native,0.062,0.250,57344,224,57344,0,159.9702,751.8,1.28,ok,0.6303
prescan,ds-id18,4096,2048,7168,16,64,2048,native,0.125,0.500,28672,112,28672,0,151.2894,794.9,2.21,ok,0.6665
prescan,ds-id18,4096,2048,7168,16,64,4096,native,0.125,0.500,28672,112,28672,0,151.8419,792.0,0.91,ok,0.6641
prescan,ds-id18,4096,2048,7168,16,128,256,native,0.016,0.125,114688,896,229376,0,159.4090,754.4,0.27,ok,0.6325
prescan,ds-id18,4096,2048,7168,16,128,512,native,0.031,0.250,57344,448,114688,0,132.6683,906.5,0.12,ok,0.7600
prescan,ds-id18,4096,2048,7168,16,128,1024,native,0.062,0.500,28672,224,57344,0,120.0471,1001.8,0.45,ok,0.8399
prescan,ds-id18,4096,2048,7168,16,128,2048,native,0.125,1.000,14336,112,28672,0,115.0563,1045.2,0.37,ok,0.8764
prescan,ds-id18,4096,2048,7168,16,128,4096,native,0.125,1.000,14336,112,28672,0,119.2710,1008.3,1.20,ok,0.8454
prescan,ds-id18,4096,2048,7168,16,256,256,native,0.016,0.250,57344,896,229376,0,131.0600,917.6,2.39,ok,0.7694
prescan,ds-id18,4096,2048,7168,16,256,512,native,0.031,0.500,28672,448,114688,0,116.4022,1033.1,5.85,ok,0.8662
prescan,ds-id18,4096,2048,7168,16,256,1024,native,0.062,1.000,14336,224,57344,0,106.8218,1125.8,5.51,ok,0.9439
prescan,ds-id18,4096,2048,7168,16,256,2048,native,0.125,2.000,7168,112,28672,0,100.8320,1192.7,5.13,ok,1.0000
prescan,ds-id18,4096,2048,7168,16,256,4096,native,0.125,2.000,7168,112,28672,0,101.0786,1189.8,5.90,ok,0.9976
prescan,ds-id18,4096,2048,7168,16,512,256,native,0.016,0.500,28672,896,229376,0,115.9646,1037.0,4.28,ok,0.8695
prescan,ds-id18,4096,2048,7168,16,512,512,native,0.031,1.000,14336,448,114688,0,104.1974,1154.1,1.91,ok,0.9677
prescan,ds-id18,4096,2048,7168,16,512,1024,native,0.062,2.000,7168,224,57344,0,95.6413,1257.4,5.54,ok,1.0543
prescan,ds-id18,4096,2048,7168,16,512,2048,native,0.125,4.000,3584,112,28672,0,90.9816,1321.8,2.37,ok,1.1083
prescan,ds-id18,4096,2048,7168,16,512,4096,native,0.125,4.000,3584,112,28672,0,91.3196,1316.9,1.78,ok,1.1042
prescan,ds-id18,4096,2048,7168,16,1024,256,native,0.016,1.000,14336,896,229376,0,106.4197,1130.0,1.97,ok,0.9475
prescan,ds-id18,4096,2048,7168,16,1024,512,native,0.031,2.000,7168,448,114688,0,95.4909,1259.4,0.76,ok,1.0559
prescan,ds-id18,4096,2048,7168,16,1024,1024,native,0.062,4.000,3584,224,57344,0,90.5113,1328.7,0.88,ok,1.1140
prescan,ds-id18,4096,2048,7168,16,1024,2048,native,0.125,8.000,1792,112,28672,0,84.8775,1416.9,0.30,ok,1.1880
prescan,ds-id18,4096,2048,7168,16,1024,4096,native,0.125,8.000,1792,112,28672,0,84.5901,1421.7,1.12,ok,1.1920
prescan,ds-id18,4096,2048,7168,32,64,256,native,0.031,0.062,229376,896,229376,0,216.0112,556.7,0.31,ok,0.4668
prescan,ds-id18,4096,2048,7168,32,64,512,native,0.062,0.125,114688,448,114688,0,176.2839,682.2,0.30,ok,0.5720
prescan,ds-id18,4096,2048,7168,32,64,1024,native,0.125,0.250,57344,224,57344,0,156.4921,768.5,0.98,ok,0.6443
prescan,ds-id18,4096,2048,7168,32,64,2048,native,0.250,0.500,28672,112,28672,0,150.4130,799.5,1.76,ok,0.6704
prescan,ds-id18,4096,2048,7168,32,64,4096,native,0.250,0.500,28672,112,28672,0,152.3941,789.1,1.40,ok,0.6617
prescan,ds-id18,4096,2048,7168,32,128,256,native,0.031,0.125,114688,896,229376,0,158.6309,758.1,1.21,ok,0.6356
prescan,ds-id18,4096,2048,7168,32,128,512,native,0.062,0.250,57344,448,114688,0,133.3608,901.8,0.34,ok,0.7561
prescan,ds-id18,4096,2048,7168,32,128,1024,native,0.125,0.500,28672,224,57344,0,119.0306,1010.3,0.30,ok,0.8471
prescan,ds-id18,4096,2048,7168,32,128,2048,native,0.250,1.000,14336,112,28672,0,113.5307,1059.3,3.26,ok,0.8881
prescan,ds-id18,4096,2048,7168,32,128,4096,native,0.250,1.000,14336,112,28672,0,116.9839,1028.0,3.49,ok,0.8619
prescan,ds-id18,4096,2048,7168,32,256,256,native,0.031,0.250,57344,896,229376,0,132.1694,909.9,0.77,ok,0.7629
prescan,ds-id18,4096,2048,7168,32,256,512,native,0.062,0.500,28672,448,114688,0,116.9659,1028.2,0.41,ok,0.8621
prescan,ds-id18,4096,2048,7168,32,256,1024,native,0.125,1.000,14336,224,57344,0,106.9473,1124.5,4.01,ok,0.9428
prescan,ds-id18,4096,2048,7168,32,256,2048,native,0.250,2.000,7168,112,28672,0,103.0170,1167.4,0.99,ok,0.9788
prescan,ds-id18,4096,2048,7168,32,256,4096,native,0.250,2.000,7168,112,28672,0,102.5561,1172.6,1.11,ok,0.9832
prescan,ds-id18,4096,2048,7168,32,512,256,native,0.031,0.500,28672,896,229376,0,116.2628,1034.4,0.52,ok,0.8673
prescan,ds-id18,4096,2048,7168,32,512,512,native,0.062,1.000,14336,448,114688,0,103.8355,1158.2,0.91,ok,0.9711
prescan,ds-id18,4096,2048,7168,32,512,1024,native,0.125,2.000,7168,224,57344,0,96.9888,1239.9,0.95,ok,1.0396
prescan,ds-id18,4096,2048,7168,32,512,2048,native,0.250,4.000,3584,112,28672,0,89.7826,1339.4,1.44,ok,1.1231
prescan,ds-id18,4096,2048,7168,32,512,4096,native,0.250,4.000,3584,112,28672,0,89.8139,1339.0,1.49,ok,1.1227
prescan,ds-id18,4096,2048,7168,32,1024,256,native,0.031,1.000,14336,896,229376,0,106.7994,1126.0,1.09,ok,0.9441
prescan,ds-id18,4096,2048,7168,32,1024,512,native,0.062,2.000,7168,448,114688,0,95.8117,1255.2,0.41,ok,1.0524
prescan,ds-id18,4096,2048,7168,32,1024,1024,native,0.125,4.000,3584,224,57344,0,89.9722,1336.6,0.21,ok,1.1207
prescan,ds-id18,4096,2048,7168,32,1024,2048,native,0.250,8.000,1792,112,28672,0,86.3058,1393.4,3.10,ok,1.1683
prescan,ds-id18,4096,2048,7168,32,1024,4096,native,0.250,8.000,1792,112,28672,0,84.8679,1417.0,1.86,ok,1.1881
prescan,ds-id18,4096,2048,7168,64,64,256,native,0.062,0.062,229376,896,229376,0,216.8628,554.5,1.22,ok,0.4650
prescan,ds-id18,4096,2048,7168,64,64,512,native,0.125,0.125,114688,448,114688,0,173.7059,692.3,0.35,ok,0.5805
prescan,ds-id18,4096,2048,7168,64,64,1024,native,0.250,0.250,57344,224,57344,0,153.8560,781.6,1.94,ok,0.6554
prescan,ds-id18,4096,2048,7168,64,64,2048,native,0.500,0.500,28672,112,28672,0,149.2505,805.8,0.02,ok,0.6756
prescan,ds-id18,4096,2048,7168,64,64,4096,native,0.500,0.500,28672,112,28672,0,151.0435,796.2,1.56,ok,0.6676
prescan,ds-id18,4096,2048,7168,64,128,256,native,0.062,0.125,114688,896,229376,0,152.7632,787.2,0.44,ok,0.6601
prescan,ds-id18,4096,2048,7168,64,128,512,native,0.125,0.250,57344,448,114688,0,133.3665,901.7,0.72,ok,0.7561
prescan,ds-id18,4096,2048,7168,64,128,1024,native,0.250,0.500,28672,224,57344,0,118.6878,1013.2,0.17,ok,0.8496
prescan,ds-id18,4096,2048,7168,64,128,2048,native,0.500,1.000,14336,112,28672,0,113.7007,1057.7,1.06,ok,0.8868
prescan,ds-id18,4096,2048,7168,64,128,4096,native,0.500,1.000,14336,112,28672,0,116.7201,1030.3,1.17,ok,0.8639
prescan,ds-id18,4096,2048,7168,64,256,256,native,0.062,0.250,57344,896,229376,0,132.9468,904.6,0.14,ok,0.7584
prescan,ds-id18,4096,2048,7168,64,256,512,native,0.125,0.500,28672,448,114688,0,115.4868,1041.3,1.34,ok,0.8731
prescan,ds-id18,4096,2048,7168,64,256,1024,native,0.250,1.000,14336,224,57344,0,107.5659,1118.0,2.97,ok,0.9374
prescan,ds-id18,4096,2048,7168,64,256,2048,native,0.500,2.000,7168,112,28672,0,100.1606,1200.7,0.70,ok,1.0067
prescan,ds-id18,4096,2048,7168,64,256,4096,native,0.500,2.000,7168,112,28672,0,100.5751,1195.7,0.97,ok,1.0026
prescan,ds-id18,4096,2048,7168,64,512,256,native,0.062,0.500,28672,896,229376,0,117.6055,1022.6,0.56,ok,0.8574
prescan,ds-id18,4096,2048,7168,64,512,512,native,0.125,1.000,14336,448,114688,0,104.1263,1154.9,0.55,ok,0.9684
prescan,ds-id18,4096,2048,7168,64,512,1024,native,0.250,2.000,7168,224,57344,0,96.6560,1244.2,0.25,ok,1.0432
prescan,ds-id18,4096,2048,7168,64,512,2048,native,0.500,4.000,3584,112,28672,0,90.9704,1322.0,0.39,ok,1.1084
prescan,ds-id18,4096,2048,7168,64,512,4096,native,0.500,4.000,3584,112,28672,0,89.7901,1339.3,0.94,ok,1.1230
prescan,ds-id18,4096,2048,7168,64,1024,256,native,0.062,1.000,14336,896,229376,0,108.5240,1108.1,1.13,ok,0.9291
prescan,ds-id18,4096,2048,7168,64,1024,512,native,0.125,2.000,7168,448,114688,0,96.6625,1244.1,0.49,ok,1.0431
prescan,ds-id18,4096,2048,7168,64,1024,1024,native,0.250,4.000,3584,224,57344,0,89.5860,1342.4,0.29,ok,1.1255
prescan,ds-id18,4096,2048,7168,64,1024,2048,native,0.500,8.000,1792,112,28672,0,85.1228,1412.8,0.35,ok,1.1845
prescan,ds-id18,4096,2048,7168,64,1024,4096,native,0.500,8.000,1792,112,28672,0,84.7089,1419.7,1.04,ok,1.1903
prescan,ds-id18,4096,2048,7168,128,64,256,native,0.125,0.062,229376,896,229376,0,214.7236,560.1,2.52,ok,0.4696
prescan,ds-id18,4096,2048,7168,128,64,512,native,0.250,0.125,114688,448,114688,0,173.7902,692.0,0.71,ok,0.5802
prescan,ds-id18,4096,2048,7168,128,64,1024,native,0.500,0.250,57344,224,57344,0,155.4428,773.7,0.05,ok,0.6487
prescan,ds-id18,4096,2048,7168,128,64,2048,native,1.000,0.500,28672,112,28672,0,148.5294,809.7,0.25,ok,0.6789
prescan,ds-id18,4096,2048,7168,128,64,4096,native,1.000,0.500,28672,112,28672,0,150.1127,801.1,0.41,ok,0.6717
prescan,ds-id18,4096,2048,7168,128,128,256,native,0.125,0.125,114688,896,229376,0,153.6323,782.8,0.07,ok,0.6563
prescan,ds-id18,4096,2048,7168,128,128,512,native,0.250,0.250,57344,448,114688,0,133.0278,904.0,0.81,ok,0.7580
prescan,ds-id18,4096,2048,7168,128,128,1024,native,0.500,0.500,28672,224,57344,0,118.7516,1012.7,0.08,ok,0.8491
prescan,ds-id18,4096,2048,7168,128,128,2048,native,1.000,1.000,14336,112,28672,0,113.3678,1060.8,0.36,ok,0.8894
prescan,ds-id18,4096,2048,7168,128,128,4096,native,1.000,1.000,14336,112,28672,0,116.8766,1028.9,0.27,ok,0.8627
prescan,ds-id18,4096,2048,7168,128,256,256,native,0.125,0.250,57344,896,229376,0,132.9867,904.3,0.44,ok,0.7582
prescan,ds-id18,4096,2048,7168,128,256,512,native,0.250,0.500,28672,448,114688,0,116.4341,1032.9,0.03,ok,0.8660
prescan,ds-id18,4096,2048,7168,128,256,1024,native,0.500,1.000,14336,224,57344,0,105.2926,1142.1,1.61,ok,0.9576
prescan,ds-id18,4096,2048,7168,128,256,2048,native,1.000,2.000,7168,112,28672,0,101.6610,1182.9,0.12,ok,0.9918
prescan,ds-id18,4096,2048,7168,128,256,4096,native,1.000,2.000,7168,112,28672,0,100.9419,1191.4,0.06,ok,0.9989
prescan,ds-id18,4096,2048,7168,128,512,256,native,0.125,0.500,28672,896,229376,0,117.3890,1024.4,0.43,ok,0.8590
prescan,ds-id18,4096,2048,7168,128,512,512,native,0.250,1.000,14336,448,114688,0,104.5151,1150.6,0.17,ok,0.9648
prescan,ds-id18,4096,2048,7168,128,512,1024,native,0.500,2.000,7168,224,57344,0,96.3137,1248.6,0.68,ok,1.0469
prescan,ds-id18,4096,2048,7168,128,512,2048,native,1.000,4.000,3584,112,28672,0,90.5791,1327.7,0.33,ok,1.1132
prescan,ds-id18,4096,2048,7168,128,512,4096,native,1.000,4.000,3584,112,28672,0,89.9262,1337.3,0.01,ok,1.1213
prescan,ds-id18,4096,2048,7168,128,1024,256,native,0.125,1.000,14336,896,229376,0,108.2623,1110.8,0.04,ok,0.9314
prescan,ds-id18,4096,2048,7168,128,1024,512,native,0.250,2.000,7168,448,114688,0,96.2521,1249.4,1.83,ok,1.0476
prescan,ds-id18,4096,2048,7168,128,1024,1024,native,0.500,4.000,3584,224,57344,0,90.1468,1334.0,1.96,ok,1.1185
prescan,ds-id18,4096,2048,7168,128,1024,2048,native,1.000,8.000,1792,112,28672,0,86.0959,1396.8,1.66,ok,1.1712
prescan,ds-id18,4096,2048,7168,128,1024,4096,native,1.000,8.000,1792,112,28672,0,85.8345,1401.1,2.93,ok,1.1747
final,ds-id18,4096,2048,7168,16,1024,4096,native,0.125,8.000,1792,112,28672,1,80.1219,1501.0,2.57,ok,1.2242
final,ds-id18,4096,2048,7168,64,1024,4096,native,0.500,8.000,1792,112,28672,1,85.7518,1402.4,6.82,ok,1.1439
final,ds-id18,4096,2048,7168,32,1024,4096,native,0.250,8.000,1792,112,28672,1,88.7096,1355.6,3.59,ok,1.1057
final,ds-id18,4096,2048,7168,16,1024,2048,native,0.125,8.000,1792,112,28672,1,87.2840,1377.8,1.23,ok,1.1238
final,ds-id18,4096,2048,7168,64,1024,2048,native,0.500,8.000,1792,112,28672,1,85.7172,1403.0,0.62,ok,1.1443
final,ds-id18,4096,2048,7168,128,1024,4096,native,1.000,8.000,1792,112,28672,1,86.1513,1395.9,0.26,ok,1.1386
final,ds-id18,4096,2048,7168,128,1024,2048,native,1.000,8.000,1792,112,28672,1,85.1930,1411.6,3.63,ok,1.1514
final,ds-id18,4096,2048,7168,32,1024,2048,native,0.250,8.000,1792,112,28672,1,82.2249,1462.6,0.93,ok,1.1929
final,ds-id18,4096,2048,7168,16,256,2048,native,0.125,2.000,7168,112,28672,1,98.0890,1226.0,2.33,ok,1.0000
prescan,llama-id19,4096,4096,256,16,64,256,native,0.016,0.062,16384,64,16384,0,14.7302,583.2,0.09,ok,0.4819
prescan,llama-id19,4096,4096,256,16,64,512,native,0.031,0.125,8192,32,8192,0,13.0351,659.0,0.51,ok,0.5446
prescan,llama-id19,4096,4096,256,16,64,1024,native,0.062,0.250,4096,16,4096,0,12.9060,665.6,4.64,ok,0.5501
prescan,llama-id19,4096,4096,256,16,64,2048,native,0.125,0.500,2048,8,2048,0,11.7521,730.9,0.92,ok,0.6041
prescan,llama-id19,4096,4096,256,16,64,4096,native,0.250,1.000,1024,4,1024,0,11.0102,780.2,3.51,ok,0.6448
prescan,llama-id19,4096,4096,256,16,128,256,native,0.016,0.125,8192,64,16384,0,9.9412,864.1,1.85,ok,0.7141
prescan,llama-id19,4096,4096,256,16,128,512,native,0.031,0.250,4096,32,8192,0,8.6516,992.9,3.23,ok,0.8205
prescan,llama-id19,4096,4096,256,16,128,1024,native,0.062,0.500,2048,16,4096,0,8.6011,998.7,2.97,ok,0.8254
prescan,llama-id19,4096,4096,256,16,128,2048,native,0.125,1.000,1024,8,2048,0,8.4515,1016.4,2.86,ok,0.8400
prescan,llama-id19,4096,4096,256,16,128,4096,native,0.250,2.000,512,4,1024,0,7.9662,1078.3,1.26,ok,0.8911
prescan,llama-id19,4096,4096,256,16,256,256,native,0.016,0.250,4096,64,16384,0,8.1183,1058.1,0.67,ok,0.8744
prescan,llama-id19,4096,4096,256,16,256,512,native,0.031,0.500,2048,32,8192,0,7.2572,1183.7,0.11,ok,0.9782
prescan,llama-id19,4096,4096,256,16,256,1024,native,0.062,1.000,1024,16,4096,0,7.1112,1208.0,4.39,ok,0.9983
prescan,llama-id19,4096,4096,256,16,256,2048,native,0.125,2.000,512,8,2048,0,7.0990,1210.0,3.91,ok,1.0000
prescan,llama-id19,4096,4096,256,16,256,4096,native,0.250,4.000,256,4,1024,0,6.6927,1283.5,3.99,ok,1.0607
prescan,llama-id19,4096,4096,256,16,512,256,native,0.016,0.250,4096,64,16384,0,8.3073,1034.0,3.97,ok,0.8545
prescan,llama-id19,4096,4096,256,16,512,512,native,0.031,0.500,2048,32,8192,0,7.2543,1184.1,0.08,ok,0.9786
prescan,llama-id19,4096,4096,256,16,512,1024,native,0.062,1.000,1024,16,4096,0,7.1034,1209.3,3.95,ok,0.9994
prescan,llama-id19,4096,4096,256,16,512,2048,native,0.125,2.000,512,8,2048,0,7.0940,1210.9,3.94,ok,1.0007
prescan,llama-id19,4096,4096,256,16,512,4096,native,0.250,4.000,256,4,1024,0,6.7401,1274.5,2.50,ok,1.0533
prescan,llama-id19,4096,4096,256,16,1024,256,native,0.016,0.250,4096,64,16384,0,8.2677,1039.0,3.44,ok,0.8586
prescan,llama-id19,4096,4096,256,16,1024,512,native,0.031,0.500,2048,32,8192,0,7.5114,1143.6,0.71,ok,0.9451
prescan,llama-id19,4096,4096,256,16,1024,1024,native,0.062,1.000,1024,16,4096,0,7.2349,1187.3,0.12,ok,0.9812
prescan,llama-id19,4096,4096,256,16,1024,2048,native,0.125,2.000,512,8,2048,0,7.2175,1190.2,0.12,ok,0.9836
prescan,llama-id19,4096,4096,256,16,1024,4096,native,0.250,4.000,256,4,1024,0,6.8252,1258.6,0.06,ok,1.0401
prescan,llama-id19,4096,4096,256,32,64,256,native,0.031,0.062,16384,64,16384,0,14.2242,603.9,0.07,ok,0.4991
prescan,llama-id19,4096,4096,256,32,64,512,native,0.062,0.125,8192,32,8192,0,12.8011,671.0,0.99,ok,0.5546
prescan,llama-id19,4096,4096,256,32,64,1024,native,0.125,0.250,4096,16,4096,0,11.9092,721.3,0.10,ok,0.5961
prescan,llama-id19,4096,4096,256,32,64,2048,native,0.250,0.500,2048,8,2048,0,11.2905,760.8,2.41,ok,0.6288
prescan,llama-id19,4096,4096,256,32,64,4096,native,0.500,1.000,1024,4,1024,0,10.6559,806.1,2.17,ok,0.6662
prescan,llama-id19,4096,4096,256,32,128,256,native,0.031,0.125,8192,64,16384,0,9.9314,864.9,2.99,ok,0.7148
prescan,llama-id19,4096,4096,256,32,128,512,native,0.062,0.250,4096,32,8192,0,8.8725,968.1,3.03,ok,0.8001
prescan,llama-id19,4096,4096,256,32,128,1024,native,0.125,0.500,2048,16,4096,0,8.5771,1001.5,2.21,ok,0.8277
prescan,llama-id19,4096,4096,256,32,128,2048,native,0.250,1.000,1024,8,2048,0,8.4466,1017.0,0.03,ok,0.8404
prescan,llama-id19,4096,4096,256,32,128,4096,native,0.500,2.000,512,4,1024,0,7.8606,1092.8,0.88,ok,0.9031
prescan,llama-id19,4096,4096,256,32,256,256,native,0.031,0.250,4096,64,16384,0,8.0446,1067.8,0.22,ok,0.8824
prescan,llama-id19,4096,4096,256,32,256,512,native,0.062,0.500,2048,32,8192,0,7.2040,1192.4,0.10,ok,0.9854
prescan,llama-id19,4096,4096,256,32,256,1024,native,0.125,1.000,1024,16,4096,0,6.9489,1236.2,0.07,ok,1.0216
prescan,llama-id19,4096,4096,256,32,256,2048,native,0.250,2.000,512,8,2048,0,6.9137,1242.4,0.24,ok,1.0268
prescan,llama-id19,4096,4096,256,32,256,4096,native,0.500,4.000,256,4,1024,0,6.6167,1298.2,0.01,ok,1.0729
prescan,llama-id19,4096,4096,256,32,512,256,native,0.031,0.250,4096,64,16384,0,8.3580,1027.7,0.28,ok,0.8494
prescan,llama-id19,4096,4096,256,32,512,512,native,0.062,0.500,2048,32,8192,0,7.4809,1148.2,0.18,ok,0.9489
prescan,llama-id19,4096,4096,256,32,512,1024,native,0.125,1.000,1024,16,4096,0,7.2374,1186.9,0.05,ok,0.9809
prescan,llama-id19,4096,4096,256,32,512,2048,native,0.250,2.000,512,8,2048,0,7.1632,1199.2,0.01,ok,0.9910
prescan,llama-id19,4096,4096,256,32,512,4096,native,0.500,4.000,256,4,1024,0,6.6392,1293.8,0.52,ok,1.0693
prescan,llama-id19,4096,4096,256,32,1024,256,native,0.031,0.250,4096,64,16384,0,8.3768,1025.4,0.08,ok,0.8475
prescan,llama-id19,4096,4096,256,32,1024,512,native,0.062,0.500,2048,32,8192,0,7.4731,1149.4,0.08,ok,0.9499
prescan,llama-id19,4096,4096,256,32,1024,1024,native,0.125,1.000,1024,16,4096,0,7.2181,1190.1,0.51,ok,0.9835
prescan,llama-id19,4096,4096,256,32,1024,2048,native,0.250,2.000,512,8,2048,0,7.1672,1198.5,0.15,ok,0.9905
prescan,llama-id19,4096,4096,256,32,1024,4096,native,0.500,4.000,256,4,1024,0,6.6524,1291.3,0.35,ok,1.0671
prescan,llama-id19,4096,4096,256,64,64,256,native,0.062,0.062,16384,64,16384,0,14.4038,596.4,1.82,ok,0.4929
prescan,llama-id19,4096,4096,256,64,64,512,native,0.125,0.125,8192,32,8192,0,12.8204,670.0,0.54,ok,0.5537
prescan,llama-id19,4096,4096,256,64,64,1024,native,0.250,0.250,4096,16,4096,0,11.8784,723.2,1.51,ok,0.5976
prescan,llama-id19,4096,4096,256,64,64,2048,native,0.500,0.500,2048,8,2048,0,11.4763,748.5,1.00,ok,0.6186
prescan,llama-id19,4096,4096,256,64,64,4096,native,1.000,1.000,1024,4,1024,0,10.3962,826.3,0.89,ok,0.6828
prescan,llama-id19,4096,4096,256,64,128,256,native,0.062,0.125,8192,64,16384,0,10.0303,856.4,0.46,ok,0.7078
prescan,llama-id19,4096,4096,256,64,128,512,native,0.125,0.250,4096,32,8192,0,9.0417,950.0,0.18,ok,0.7851
prescan,llama-id19,4096,4096,256,64,128,1024,native,0.250,0.500,2048,16,4096,0,8.5610,1003.4,1.18,ok,0.8292
prescan,llama-id19,4096,4096,256,64,128,2048,native,0.500,1.000,1024,8,2048,0,8.4309,1018.9,0.12,ok,0.8420
prescan,llama-id19,4096,4096,256,64,128,4096,native,1.000,2.000,512,4,1024,0,7.7953,1101.9,0.05,ok,0.9107
prescan,llama-id19,4096,4096,256,64,256,256,native,0.062,0.250,4096,64,16384,0,8.0549,1066.4,0.01,ok,0.8813
prescan,llama-id19,4096,4096,256,64,256,512,native,0.125,0.500,2048,32,8192,0,7.2641,1182.5,1.67,ok,0.9773
prescan,llama-id19,4096,4096,256,64,256,1024,native,0.250,1.000,1024,16,4096,0,7.1568,1200.3,0.09,ok,0.9919
prescan,llama-id19,4096,4096,256,64,256,2048,native,0.500,2.000,512,8,2048,0,7.0707,1214.9,0.07,ok,1.0040
prescan,llama-id19,4096,4096,256,64,256,4096,native,1.000,4.000,256,4,1024,0,6.5809,1305.3,0.04,ok,1.0787
prescan,llama-id19,4096,4096,256,64,512,256,native,0.062,0.250,4096,64,16384,0,8.3814,1024.9,0.00,ok,0.8470
prescan,llama-id19,4096,4096,256,64,512,512,native,0.125,0.500,2048,32,8192,0,7.5036,1144.8,0.04,ok,0.9461
prescan,llama-id19,4096,4096,256,64,512,1024,native,0.250,1.000,1024,16,4096,0,7.1739,1197.4,0.13,ok,0.9896
prescan,llama-id19,4096,4096,256,64,512,2048,native,0.500,2.000,512,8,2048,0,7.0790,1213.4,0.02,ok,1.0028
prescan,llama-id19,4096,4096,256,64,512,4096,native,1.000,4.000,256,4,1024,0,6.5890,1303.7,0.21,ok,1.0774
prescan,llama-id19,4096,4096,256,64,1024,256,native,0.062,0.250,4096,64,16384,0,8.3531,1028.4,0.09,ok,0.8499
prescan,llama-id19,4096,4096,256,64,1024,512,native,0.125,0.500,2048,32,8192,0,7.5124,1143.4,0.06,ok,0.9450
prescan,llama-id19,4096,4096,256,64,1024,1024,native,0.250,1.000,1024,16,4096,0,7.1668,1198.6,0.10,ok,0.9905
prescan,llama-id19,4096,4096,256,64,1024,2048,native,0.500,2.000,512,8,2048,0,7.0643,1216.0,0.06,ok,1.0049
prescan,llama-id19,4096,4096,256,64,1024,4096,native,1.000,4.000,256,4,1024,0,6.7746,1268.0,5.21,ok,1.0479
prescan,llama-id19,4096,4096,256,128,64,256,native,0.125,0.062,16384,64,16384,0,14.5009,592.4,0.30,ok,0.4896
prescan,llama-id19,4096,4096,256,128,64,512,native,0.250,0.125,8192,32,8192,0,13.2701,647.3,0.16,ok,0.5350
prescan,llama-id19,4096,4096,256,128,64,1024,native,0.500,0.250,4096,16,4096,0,12.3380,696.2,0.32,ok,0.5754
prescan,llama-id19,4096,4096,256,128,64,2048,native,1.000,0.500,2048,8,2048,0,12.0767,711.3,3.68,ok,0.5878
prescan,llama-id19,4096,4096,256,128,64,4096,native,2.000,1.000,1024,4,1024,0,10.4180,824.5,0.45,ok,0.6814
prescan,llama-id19,4096,4096,256,128,128,256,native,0.125,0.125,8192,64,16384,0,10.0829,851.9,0.17,ok,0.7041
prescan,llama-id19,4096,4096,256,128,128,512,native,0.250,0.250,4096,32,8192,0,9.0757,946.5,0.16,ok,0.7822
prescan,llama-id19,4096,4096,256,128,128,1024,native,0.500,0.500,2048,16,4096,0,8.6719,990.6,0.11,ok,0.8186
prescan,llama-id19,4096,4096,256,128,128,2048,native,1.000,1.000,1024,8,2048,0,8.4504,1016.5,0.07,ok,0.8401
prescan,llama-id19,4096,4096,256,128,128,4096,native,2.000,2.000,512,4,1024,0,7.6611,1121.2,0.18,ok,0.9266
prescan,llama-id19,4096,4096,256,128,256,256,native,0.125,0.250,4096,64,16384,0,8.1565,1053.1,3.77,ok,0.8703
prescan,llama-id19,4096,4096,256,128,256,512,native,0.250,0.500,2048,32,8192,0,7.5189,1142.4,0.37,ok,0.9442
prescan,llama-id19,4096,4096,256,128,256,1024,native,0.500,1.000,1024,16,4096,0,7.2182,1190.0,0.04,ok,0.9835
prescan,llama-id19,4096,4096,256,128,256,2048,native,1.000,2.000,512,8,2048,0,7.1071,1208.6,0.07,ok,0.9989
prescan,llama-id19,4096,4096,256,128,256,4096,native,2.000,4.000,256,4,1024,0,6.6488,1292.0,0.16,ok,1.0677
prescan,llama-id19,4096,4096,256,128,512,256,native,0.125,0.250,4096,64,16384,0,8.3082,1033.9,0.10,ok,0.8545
prescan,llama-id19,4096,4096,256,128,512,512,native,0.250,0.500,2048,32,8192,0,7.5154,1143.0,0.23,ok,0.9446
prescan,llama-id19,4096,4096,256,128,512,1024,native,0.500,1.000,1024,16,4096,0,7.4109,1159.1,5.18,ok,0.9579
prescan,llama-id19,4096,4096,256,128,512,2048,native,1.000,2.000,512,8,2048,0,7.1050,1209.0,0.06,ok,0.9991
prescan,llama-id19,4096,4096,256,128,512,4096,native,2.000,4.000,256,4,1024,0,6.6407,1293.5,0.30,ok,1.0690
prescan,llama-id19,4096,4096,256,128,1024,256,native,0.125,0.250,4096,64,16384,0,8.3214,1032.3,0.18,ok,0.8531
prescan,llama-id19,4096,4096,256,128,1024,512,native,0.250,0.500,2048,32,8192,0,7.5303,1140.7,0.17,ok,0.9427
prescan,llama-id19,4096,4096,256,128,1024,1024,native,0.500,1.000,1024,16,4096,0,7.2214,1189.5,0.04,ok,0.9831
prescan,llama-id19,4096,4096,256,128,1024,2048,native,1.000,2.000,512,8,2048,0,7.1057,1208.9,0.10,ok,0.9991
prescan,llama-id19,4096,4096,256,128,1024,4096,native,2.000,4.000,256,4,1024,0,6.6447,1292.7,0.08,ok,1.0684
final,llama-id19,4096,4096,256,64,256,4096,native,1.000,4.000,256,4,1024,22,6.6511,1291.5,3.03,ok,1.0875
final,llama-id19,4096,4096,256,64,512,4096,native,1.000,4.000,256,4,1024,21,6.6535,1291.0,1.57,ok,1.0871
final,llama-id19,4096,4096,256,32,256,4096,native,0.500,4.000,256,4,1024,21,6.6518,1291.4,1.43,ok,1.0873
final,llama-id19,4096,4096,256,32,512,4096,native,0.500,4.000,256,4,1024,21,6.6609,1289.6,1.58,ok,1.0859
final,llama-id19,4096,4096,256,128,512,4096,native,2.000,4.000,256,4,1024,22,6.6895,1284.1,1.59,ok,1.0812
final,llama-id19,4096,4096,256,128,1024,4096,native,2.000,4.000,256,4,1024,22,6.6530,1291.1,3.24,ok,1.0871
final,llama-id19,4096,4096,256,128,256,4096,native,2.000,4.000,256,4,1024,21,6.9261,1240.2,1.88,ok,1.0443
final,llama-id19,4096,4096,256,32,1024,4096,native,0.500,4.000,256,4,1024,21,6.7965,1263.9,0.67,ok,1.0642
final,llama-id19,4096,4096,256,16,256,4096,native,0.250,4.000,256,4,1024,21,6.8332,1257.1,0.70,ok,1.0585
final,llama-id19,4096,4096,256,16,512,4096,native,0.250,4.000,256,4,1024,21,6.8294,1257.8,0.15,ok,1.0591
final,llama-id19,4096,4096,256,64,1024,4096,native,1.000,4.000,256,4,1024,21,6.6543,1290.9,1.64,ok,1.0869
final,llama-id19,4096,4096,256,16,256,2048,native,0.125,2.000,512,8,2048,20,7.2328,1187.6,0.13,ok,1.0000
prescan,llama-id20,11008,4096,256,16,64,256,native,0.016,0.062,44032,64,44032,0,42.3497,545.1,0.35,ok,0.4490
prescan,llama-id20,11008,4096,256,16,64,512,native,0.031,0.125,22016,32,22016,0,35.6824,647.0,0.02,ok,0.5329
prescan,llama-id20,11008,4096,256,16,64,1024,native,0.062,0.250,11008,16,11008,0,34.9980,659.6,2.17,ok,0.5433
prescan,llama-id20,11008,4096,256,16,64,2048,native,0.125,0.500,5504,8,5504,0,31.4999,732.9,0.07,ok,0.6037
prescan,llama-id20,11008,4096,256,16,64,4096,native,0.250,1.000,2752,4,2752,0,29.2711,788.7,1.75,ok,0.6496
prescan,llama-id20,11008,4096,256,16,128,256,native,0.016,0.125,22016,64,44032,0,27.2733,846.4,0.25,ok,0.6972
prescan,llama-id20,11008,4096,256,16,128,512,native,0.031,0.250,11008,32,22016,0,23.3714,987.8,0.22,ok,0.8136
prescan,llama-id20,11008,4096,256,16,128,1024,native,0.062,0.500,5504,16,11008,0,23.5344,980.9,0.30,ok,0.8080
prescan,llama-id20,11008,4096,256,16,128,2048,native,0.125,1.000,2752,8,5504,0,22.8889,1008.6,0.22,ok,0.8308
prescan,llama-id20,11008,4096,256,16,128,4096,native,0.250,2.000,1376,4,2752,0,21.4726,1075.1,0.23,ok,0.8856
prescan,llama-id20,11008,4096,256,16,256,256,native,0.016,0.250,11008,64,44032,0,21.9348,1052.5,2.88,ok,0.8669
prescan,llama-id20,11008,4096,256,16,256,512,native,0.031,0.500,5504,32,22016,0,19.2514,1199.2,2.57,ok,0.9877
prescan,llama-id20,11008,4096,256,16,256,1024,native,0.062,1.000,2752,16,11008,0,19.4754,1185.4,3.74,ok,0.9764
prescan,llama-id20,11008,4096,256,16,256,2048,native,0.125,2.000,1376,8,5504,0,19.0153,1214.0,3.67,ok,1.0000
prescan,llama-id20,11008,4096,256,16,256,4096,native,0.250,4.000,688,4,2752,0,18.0196,1281.1,3.33,ok,1.0553
prescan,llama-id20,11008,4096,256,16,512,256,native,0.016,0.250,11008,64,44032,0,22.6570,1018.9,3.87,ok,0.8393
prescan,llama-id20,11008,4096,256,16,512,512,native,0.031,0.500,5504,32,22016,0,19.9296,1158.3,4.48,ok,0.9541
prescan,llama-id20,11008,4096,256,16,512,1024,native,0.062,1.000,2752,16,11008,0,19.5015,1183.8,3.32,ok,0.9751
prescan,llama-id20,11008,4096,256,16,512,2048,native,0.125,2.000,1376,8,5504,0,19.1414,1206.0,1.83,ok,0.9934
prescan,llama-id20,11008,4096,256,16,512,4096,native,0.250,4.000,688,4,2752,0,18.3351,1259.1,0.09,ok,1.0371
prescan,llama-id20,11008,4096,256,16,1024,256,native,0.016,0.250,11008,64,44032,0,22.7539,1014.6,2.88,ok,0.8357
prescan,llama-id20,11008,4096,256,16,1024,512,native,0.031,0.500,5504,32,22016,0,20.3390,1135.0,0.10,ok,0.9349
prescan,llama-id20,11008,4096,256,16,1024,1024,native,0.062,1.000,2752,16,11008,0,19.8109,1165.3,0.11,ok,0.9598
prescan,llama-id20,11008,4096,256,16,1024,2048,native,0.125,2.000,1376,8,5504,0,18.8944,1221.8,2.62,ok,1.0064
prescan,llama-id20,11008,4096,256,16,1024,4096,native,0.250,4.000,688,4,2752,0,17.9715,1284.6,3.79,ok,1.0581
prescan,llama-id20,11008,4096,256,32,64,256,native,0.031,0.062,44032,64,44032,0,40.0421,576.5,0.31,ok,0.4749
prescan,llama-id20,11008,4096,256,32,64,512,native,0.062,0.125,22016,32,22016,0,36.0056,641.2,0.15,ok,0.5281
prescan,llama-id20,11008,4096,256,32,64,1024,native,0.125,0.250,11008,16,11008,0,32.5313,709.6,0.46,ok,0.5845
prescan,llama-id20,11008,4096,256,32,64,2048,native,0.250,0.500,5504,8,5504,0,29.9473,770.9,0.94,ok,0.6350
prescan,llama-id20,11008,4096,256,32,64,4096,native,0.500,1.000,2752,4,2752,0,28.3943,813.0,0.94,ok,0.6697
prescan,llama-id20,11008,4096,256,32,128,256,native,0.031,0.125,22016,64,44032,0,27.4660,840.5,0.82,ok,0.6923
prescan,llama-id20,11008,4096,256,32,128,512,native,0.062,0.250,11008,32,22016,0,23.8203,969.2,0.65,ok,0.7983
prescan,llama-id20,11008,4096,256,32,128,1024,native,0.125,0.500,5504,16,11008,0,23.1555,997.0,2.60,ok,0.8212
prescan,llama-id20,11008,4096,256,32,128,2048,native,0.250,1.000,2752,8,5504,0,22.2709,1036.6,3.04,ok,0.8538
prescan,llama-id20,11008,4096,256,32,128,4096,native,0.500,2.000,1376,4,2752,0,20.8426,1107.6,1.52,ok,0.9123
prescan,llama-id20,11008,4096,256,32,256,256,native,0.031,0.250,11008,64,44032,0,22.1724,1041.2,1.06,ok,0.8576
prescan,llama-id20,11008,4096,256,32,256,512,native,0.062,0.500,5504,32,22016,0,19.6045,1177.6,0.05,ok,0.9699
prescan,llama-id20,11008,4096,256,32,256,1024,native,0.125,1.000,2752,16,11008,0,19.4730,1185.5,3.76,ok,0.9765
prescan,llama-id20,11008,4096,256,32,256,2048,native,0.250,2.000,1376,8,5504,0,18.8308,1225.9,3.78,ok,1.0098
prescan,llama-id20,11008,4096,256,32,256,4096,native,0.500,4.000,688,4,2752,0,17.7280,1302.2,0.17,ok,1.0726
prescan,llama-id20,11008,4096,256,32,512,256,native,0.031,0.250,11008,64,44032,0,22.9523,1005.8,0.28,ok,0.8285
prescan,llama-id20,11008,4096,256,32,512,512,native,0.062,0.500,5504,32,22016,0,20.3537,1134.2,0.21,ok,0.9342
prescan,llama-id20,11008,4096,256,32,512,1024,native,0.125,1.000,2752,16,11008,0,19.8332,1164.0,0.19,ok,0.9588
prescan,llama-id20,11008,4096,256,32,512,2048,native,0.250,2.000,1376,8,5504,0,19.1546,1205.2,0.48,ok,0.9927
prescan,llama-id20,11008,4096,256,32,512,4096,native,0.500,4.000,688,4,2752,0,17.7546,1300.3,0.19,ok,1.0710
prescan,llama-id20,11008,4096,256,32,1024,256,native,0.031,0.250,11008,64,44032,0,22.8934,1008.4,0.08,ok,0.8306
prescan,llama-id20,11008,4096,256,32,1024,512,native,0.062,0.500,5504,32,22016,0,20.4014,1131.6,0.44,ok,0.9321
prescan,llama-id20,11008,4096,256,32,1024,1024,native,0.125,1.000,2752,16,11008,0,19.8395,1163.6,0.16,ok,0.9585
prescan,llama-id20,11008,4096,256,32,1024,2048,native,0.250,2.000,1376,8,5504,0,19.3535,1192.8,1.72,ok,0.9825
prescan,llama-id20,11008,4096,256,32,1024,4096,native,0.500,4.000,688,4,2752,0,18.2453,1265.3,5.93,ok,1.0422
prescan,llama-id20,11008,4096,256,64,64,256,native,0.062,0.062,44032,64,44032,0,42.1795,547.3,0.53,ok,0.4508
prescan,llama-id20,11008,4096,256,64,64,512,native,0.125,0.125,22016,32,22016,0,35.9945,641.4,0.07,ok,0.5283
prescan,llama-id20,11008,4096,256,64,64,1024,native,0.250,0.250,11008,16,11008,0,34.2449,674.1,0.22,ok,0.5553
prescan,llama-id20,11008,4096,256,64,64,2048,native,0.500,0.500,5504,8,5504,0,31.6648,729.1,0.08,ok,0.6005
prescan,llama-id20,11008,4096,256,64,64,4096,native,1.000,1.000,2752,4,2752,0,27.8399,829.2,0.91,ok,0.6830
prescan,llama-id20,11008,4096,256,64,128,256,native,0.062,0.125,22016,64,44032,0,27.6772,834.1,1.38,ok,0.6870
prescan,llama-id20,11008,4096,256,64,128,512,native,0.125,0.250,11008,32,22016,0,24.3567,947.8,0.12,ok,0.7807
prescan,llama-id20,11008,4096,256,64,128,1024,native,0.250,0.500,5504,16,11008,0,23.0984,999.4,0.29,ok,0.8232
prescan,llama-id20,11008,4096,256,64,128,2048,native,0.500,1.000,2752,8,5504,0,22.5602,1023.3,0.13,ok,0.8429
prescan,llama-id20,11008,4096,256,64,128,4096,native,1.000,2.000,1376,4,2752,0,20.8464,1107.4,0.08,ok,0.9122
prescan,llama-id20,11008,4096,256,64,256,256,native,0.062,0.250,11008,64,44032,0,21.7717,1060.3,0.02,ok,0.8734
prescan,llama-id20,11008,4096,256,64,256,512,native,0.125,0.500,5504,32,22016,0,19.5189,1182.7,0.41,ok,0.9742
prescan,llama-id20,11008,4096,256,64,256,1024,native,0.250,1.000,2752,16,11008,0,19.6009,1177.8,0.00,ok,0.9701
prescan,llama-id20,11008,4096,256,64,256,2048,native,0.500,2.000,1376,8,5504,0,18.9340,1219.3,0.29,ok,1.0043
prescan,llama-id20,11008,4096,256,64,256,4096,native,1.000,4.000,688,4,2752,0,17.6350,1309.1,0.17,ok,1.0783
prescan,llama-id20,11008,4096,256,64,512,256,native,0.062,0.250,11008,64,44032,0,22.6303,1020.1,0.01,ok,0.8403
prescan,llama-id20,11008,4096,256,64,512,512,native,0.125,0.500,5504,32,22016,0,20.2499,1140.0,0.39,ok,0.9390
prescan,llama-id20,11008,4096,256,64,512,1024,native,0.250,1.000,2752,16,11008,0,19.6502,1174.8,0.15,ok,0.9677
prescan,llama-id20,11008,4096,256,64,512,2048,native,0.500,2.000,1376,8,5504,0,18.9289,1219.6,0.03,ok,1.0046
prescan,llama-id20,11008,4096,256,64,512,4096,native,1.000,4.000,688,4,2752,0,17.6444,1308.4,0.27,ok,1.0777
prescan,llama-id20,11008,4096,256,64,1024,256,native,0.062,0.250,11008,64,44032,0,22.6579,1018.9,0.20,ok,0.8392
prescan,llama-id20,11008,4096,256,64,1024,512,native,0.125,0.500,5504,32,22016,0,20.3981,1131.7,1.23,ok,0.9322
prescan,llama-id20,11008,4096,256,64,1024,1024,native,0.250,1.000,2752,16,11008,0,19.8614,1162.3,2.29,ok,0.9574
prescan,llama-id20,11008,4096,256,64,1024,2048,native,0.500,2.000,1376,8,5504,0,19.5257,1182.3,0.59,ok,0.9739
prescan,llama-id20,11008,4096,256,64,1024,4096,native,1.000,4.000,688,4,2752,0,18.5181,1246.6,0.21,ok,1.0268
prescan,llama-id20,11008,4096,256,128,64,256,native,0.125,0.062,44032,64,44032,0,41.7520,552.9,1.85,ok,0.4554
prescan,llama-id20,11008,4096,256,128,64,512,native,0.250,0.125,22016,32,22016,0,36.0965,639.5,0.08,ok,0.5268
prescan,llama-id20,11008,4096,256,128,64,1024,native,0.500,0.250,11008,16,11008,0,34.4751,669.6,0.08,ok,0.5516
prescan,llama-id20,11008,4096,256,128,64,2048,native,1.000,0.500,5504,8,5504,0,31.5815,731.0,0.07,ok,0.6021
prescan,llama-id20,11008,4096,256,128,64,4096,native,2.000,1.000,2752,4,2752,0,27.9059,827.3,1.16,ok,0.6814
prescan,llama-id20,11008,4096,256,128,128,256,native,0.125,0.125,22016,64,44032,0,27.5505,837.9,0.58,ok,0.6902
prescan,llama-id20,11008,4096,256,128,128,512,native,0.250,0.250,11008,32,22016,0,24.2820,950.7,0.03,ok,0.7831
prescan,llama-id20,11008,4096,256,128,128,1024,native,0.500,0.500,5504,16,11008,0,23.5073,982.1,0.30,ok,0.8089
prescan,llama-id20,11008,4096,256,128,128,2048,native,1.000,1.000,2752,8,5504,0,22.5517,1023.7,0.26,ok,0.8432
prescan,llama-id20,11008,4096,256,128,128,4096,native,2.000,2.000,1376,4,2752,0,20.7436,1112.9,2.05,ok,0.9167
prescan,llama-id20,11008,4096,256,128,256,256,native,0.125,0.250,11008,64,44032,0,21.5628,1070.6,0.42,ok,0.8819
prescan,llama-id20,11008,4096,256,128,256,512,native,0.250,0.500,5504,32,22016,0,19.8328,1164.0,3.87,ok,0.9588
prescan,llama-id20,11008,4096,256,128,256,1024,native,0.500,1.000,2752,16,11008,0,19.8261,1164.4,0.19,ok,0.9591
prescan,llama-id20,11008,4096,256,128,256,2048,native,1.000,2.000,1376,8,5504,0,19.0529,1211.6,0.31,ok,0.9980
prescan,llama-id20,11008,4096,256,128,256,4096,native,2.000,4.000,688,4,2752,0,17.8317,1294.6,0.62,ok,1.0664
prescan,llama-id20,11008,4096,256,128,512,256,native,0.125,0.250,11008,64,44032,0,22.3911,1031.0,0.12,ok,0.8492
prescan,llama-id20,11008,4096,256,128,512,512,native,0.250,0.500,5504,32,22016,0,20.2405,1140.6,0.11,ok,0.9395
prescan,llama-id20,11008,4096,256,128,512,1024,native,0.500,1.000,2752,16,11008,0,19.8381,1163.7,0.14,ok,0.9585
prescan,llama-id20,11008,4096,256,128,512,2048,native,1.000,2.000,1376,8,5504,0,19.0295,1213.1,0.03,ok,0.9993
prescan,llama-id20,11008,4096,256,128,512,4096,native,2.000,4.000,688,4,2752,0,17.7985,1297.0,0.02,ok,1.0684
prescan,llama-id20,11008,4096,256,128,1024,256,native,0.125,0.250,11008,64,44032,0,22.4218,1029.6,0.14,ok,0.8481
prescan,llama-id20,11008,4096,256,128,1024,512,native,0.250,0.500,5504,32,22016,0,20.8250,1108.5,5.94,ok,0.9131
prescan,llama-id20,11008,4096,256,128,1024,1024,native,0.500,1.000,2752,16,11008,0,19.8596,1162.4,0.53,ok,0.9575
prescan,llama-id20,11008,4096,256,128,1024,2048,native,1.000,2.000,1376,8,5504,0,19.2965,1196.4,1.96,ok,0.9854
prescan,llama-id20,11008,4096,256,128,1024,4096,native,2.000,4.000,688,4,2752,0,18.6448,1238.2,0.72,ok,1.0199
final,llama-id20,11008,4096,256,64,256,4096,native,1.000,4.000,688,4,2752,8,17.9615,1285.3,3.31,ok,1.0768
final,llama-id20,11008,4096,256,64,512,4096,native,1.000,4.000,688,4,2752,8,18.0515,1278.9,1.16,ok,1.0714
final,llama-id20,11008,4096,256,32,256,4096,native,0.500,4.000,688,4,2752,8,18.1316,1273.2,2.43,ok,1.0667
final,llama-id20,11008,4096,256,32,512,4096,native,0.500,4.000,688,4,2752,8,18.2695,1263.6,3.10,ok,1.0586
final,llama-id20,11008,4096,256,128,512,4096,native,2.000,4.000,688,4,2752,8,18.3286,1259.5,0.85,ok,1.0552
final,llama-id20,11008,4096,256,128,256,4096,native,2.000,4.000,688,4,2752,7,18.2613,1264.2,0.81,ok,1.0591
final,llama-id20,11008,4096,256,16,1024,4096,native,0.250,4.000,688,4,2752,8,18.4261,1252.9,1.29,ok,1.0496
final,llama-id20,11008,4096,256,16,256,4096,native,0.250,4.000,688,4,2752,8,18.3749,1256.4,1.27,ok,1.0525
final,llama-id20,11008,4096,256,16,256,2048,native,0.125,2.000,1376,8,5504,7,19.3401,1193.7,0.14,ok,1.0000
prescan,llama-id21,4096,11008,256,16,64,256,native,0.016,0.062,44032,172,44032,0,28.4912,810.3,3.23,ok,0.6864
prescan,llama-id21,4096,11008,256,16,64,512,native,0.031,0.125,22528,88,22528,0,26.5330,870.1,0.23,ok,0.7370
prescan,llama-id21,4096,11008,256,16,64,1024,native,0.062,0.250,11264,44,11264,0,28.8617,799.9,0.06,ok,0.6776
prescan,llama-id21,4096,11008,256,16,64,2048,native,0.125,0.500,6144,24,6144,0,30.2329,763.6,0.01,ok,0.6468
prescan,llama-id21,4096,11008,256,16,64,4096,native,0.250,1.000,3072,12,3072,0,28.9681,796.9,0.14,ok,0.6751
prescan,llama-id21,4096,11008,256,16,128,256,native,0.016,0.125,22016,172,44032,0,24.1060,957.7,0.02,ok,0.8112
prescan,llama-id21,4096,11008,256,16,128,512,native,0.031,0.250,11264,88,22528,0,21.4783,1074.8,0.21,ok,0.9105
prescan,llama-id21,4096,11008,256,16,128,1024,native,0.062,0.500,5632,44,11264,0,23.3988,986.6,0.71,ok,0.8358
prescan,llama-id21,4096,11008,256,16,128,2048,native,0.125,1.000,3072,24,6144,0,22.8861,1008.7,0.42,ok,0.8545
prescan,llama-id21,4096,11008,256,16,128,4096,native,0.250,2.000,1536,12,3072,0,21.8410,1057.0,0.19,ok,0.8954
prescan,llama-id21,4096,11008,256,16,256,256,native,0.016,0.250,11008,172,44032,0,23.9294,964.7,1.24,ok,0.8172
prescan,llama-id21,4096,11008,256,16,256,512,native,0.031,0.500,5632,88,22528,0,19.7337,1169.9,0.04,ok,0.9910
prescan,llama-id21,4096,11008,256,16,256,1024,native,0.062,1.000,2816,44,11264,0,19.8637,1162.2,0.16,ok,0.9845
prescan,llama-id21,4096,11008,256,16,256,2048,native,0.125,2.000,1536,24,6144,0,19.5558,1180.5,0.90,ok,1.0000
prescan,llama-id21,4096,11008,256,16,256,4096,native,0.250,4.000,768,12,3072,0,18.6781,1236.0,0.04,ok,1.0470
prescan,llama-id21,4096,11008,256,16,512,256,native,0.016,0.250,11008,172,44032,0,24.1827,954.6,3.47,ok,0.8087
prescan,llama-id21,4096,11008,256,16,512,512,native,0.031,0.500,5632,88,22528,0,20.5969,1120.8,0.36,ok,0.9495
prescan,llama-id21,4096,11008,256,16,512,1024,native,0.062,1.000,2816,44,11264,0,18.9342,1219.2,5.03,ok,1.0328
prescan,llama-id21,4096,11008,256,16,512,2048,native,0.125,2.000,1536,24,6144,0,19.2980,1196.3,3.26,ok,1.0134
prescan,llama-id21,4096,11008,256,16,512,4096,native,0.250,4.000,768,12,3072,0,18.3159,1260.4,3.74,ok,1.0677
prescan,llama-id21,4096,11008,256,16,1024,256,native,0.016,0.250,11008,172,44032,0,24.0301,960.7,2.03,ok,0.8138
prescan,llama-id21,4096,11008,256,16,1024,512,native,0.031,0.500,5632,88,22528,0,20.1922,1143.3,4.39,ok,0.9685
prescan,llama-id21,4096,11008,256,16,1024,1024,native,0.062,1.000,2816,44,11264,0,19.5951,1178.1,5.40,ok,0.9980
prescan,llama-id21,4096,11008,256,16,1024,2048,native,0.125,2.000,1536,24,6144,0,19.2973,1196.3,3.39,ok,1.0134
prescan,llama-id21,4096,11008,256,16,1024,4096,native,0.250,4.000,768,12,3072,0,18.3055,1261.1,3.74,ok,1.0683
prescan,llama-id21,4096,11008,256,32,64,256,native,0.031,0.062,44032,172,44032,0,27.8357,829.3,1.45,ok,0.7025
prescan,llama-id21,4096,11008,256,32,64,512,native,0.062,0.125,22528,88,22528,0,26.4356,873.3,0.25,ok,0.7398
prescan,llama-id21,4096,11008,256,32,64,1024,native,0.125,0.250,11264,44,11264,0,29.2899,788.2,0.29,ok,0.6677
prescan,llama-id21,4096,11008,256,32,64,2048,native,0.250,0.500,6144,24,6144,0,30.2123,764.1,1.93,ok,0.6473
prescan,llama-id21,4096,11008,256,32,64,4096,native,0.500,1.000,3072,12,3072,0,28.7725,802.3,2.59,ok,0.6797
prescan,llama-id21,4096,11008,256,32,128,256,native,0.031,0.125,22016,172,44032,0,24.0636,959.4,4.40,ok,0.8127
prescan,llama-id21,4096,11008,256,32,128,512,native,0.062,0.250,11264,88,22528,0,21.6203,1067.8,7.12,ok,0.9045
prescan,llama-id21,4096,11008,256,32,128,1024,native,0.125,0.500,5632,44,11264,0,23.3458,988.8,2.72,ok,0.8377
prescan,llama-id21,4096,11008,256,32,128,2048,native,0.250,1.000,3072,24,6144,0,22.8154,1011.8,1.58,ok,0.8571
prescan,llama-id21,4096,11008,256,32,128,4096,native,0.500,2.000,1536,12,3072,0,21.9269,1052.8,1.56,ok,0.8919
prescan,llama-id21,4096,11008,256,32,256,256,native,0.031,0.250,11008,172,44032,0,23.1614,996.7,0.26,ok,0.8443
prescan,llama-id21,4096,11008,256,32,256,512,native,0.062,0.500,5632,88,22528,0,19.7447,1169.2,3.88,ok,0.9904
prescan,llama-id21,4096,11008,256,32,256,1024,native,0.125,1.000,2816,44,11264,0,19.4339,1187.9,4.22,ok,1.0063
prescan,llama-id21,4096,11008,256,32,256,2048,native,0.250,2.000,1536,24,6144,0,19.8481,1163.1,1.74,ok,0.9853
prescan,llama-id21,4096,11008,256,32,256,4096,native,0.500,4.000,768,12,3072,0,18.7307,1232.5,2.43,ok,1.0441
prescan,llama-id21,4096,11008,256,32,512,256,native,0.031,0.250,11008,172,44032,0,23.3208,989.9,1.80,ok,0.8386
prescan,llama-id21,4096,11008,256,32,512,512,native,0.062,0.500,5632,88,22528,0,19.7556,1168.6,4.24,ok,0.9899
prescan,llama-id21,4096,11008,256,32,512,1024,native,0.125,1.000,2816,44,11264,0,19.7954,1166.2,0.33,ok,0.9879
prescan,llama-id21,4096,11008,256,32,512,2048,native,0.250,2.000,1536,24,6144,0,19.6884,1172.5,0.24,ok,0.9933
prescan,llama-id21,4096,11008,256,32,512,4096,native,0.500,4.000,768,12,3072,0,18.4917,1248.4,0.10,ok,1.0575
prescan,llama-id21,4096,11008,256,32,1024,256,native,0.031,0.250,11008,172,44032,0,23.4132,986.0,0.43,ok,0.8352
prescan,llama-id21,4096,11008,256,32,1024,512,native,0.062,0.500,5632,88,22528,0,20.1270,1147.0,0.07,ok,0.9716
prescan,llama-id21,4096,11008,256,32,1024,1024,native,0.125,1.000,2816,44,11264,0,19.8102,1165.3,0.10,ok,0.9872
prescan,llama-id21,4096,11008,256,32,1024,2048,native,0.250,2.000,1536,24,6144,0,19.6863,1172.7,0.05,ok,0.9934
prescan,llama-id21,4096,11008,256,32,1024,4096,native,0.500,4.000,768,12,3072,0,18.5276,1246.0,0.18,ok,1.0555
prescan,llama-id21,4096,11008,256,64,64,256,native,0.062,0.062,44032,172,44032,0,27.6235,835.7,0.24,ok,0.7079
prescan,llama-id21,4096,11008,256,64,64,512,native,0.125,0.125,22528,88,22528,0,26.5877,868.3,0.03,ok,0.7355
prescan,llama-id21,4096,11008,256,64,64,1024,native,0.250,0.250,11264,44,11264,0,29.3508,786.5,0.00,ok,0.6663
prescan,llama-id21,4096,11008,256,64,64,2048,native,0.500,0.500,6144,24,6144,0,30.4672,757.7,0.23,ok,0.6419
prescan,llama-id21,4096,11008,256,64,64,4096,native,1.000,1.000,3072,12,3072,0,28.9112,798.5,0.03,ok,0.6764
prescan,llama-id21,4096,11008,256,64,128,256,native,0.062,0.125,22016,172,44032,0,24.0453,960.1,0.32,ok,0.8133
prescan,llama-id21,4096,11008,256,64,128,512,native,0.125,0.250,11264,88,22528,0,21.6668,1065.5,0.14,ok,0.9026
prescan,llama-id21,4096,11008,256,64,128,1024,native,0.250,0.500,5632,44,11264,0,23.1757,996.1,1.42,ok,0.8438
prescan,llama-id21,4096,11008,256,64,128,2048,native,0.500,1.000,3072,24,6144,0,22.9050,1007.9,0.09,ok,0.8538
prescan,llama-id21,4096,11008,256,64,128,4096,native,1.000,2.000,1536,12,3072,0,21.6518,1066.2,0.05,ok,0.9032
prescan,llama-id21,4096,11008,256,64,256,256,native,0.062,0.250,11008,172,44032,0,22.3494,1032.9,0.22,ok,0.8750
prescan,llama-id21,4096,11008,256,64,256,512,native,0.125,0.500,5632,88,22528,0,19.4012,1189.9,0.04,ok,1.0080
prescan,llama-id21,4096,11008,256,64,256,1024,native,0.250,1.000,2816,44,11264,0,19.7617,1168.2,0.45,ok,0.9896
prescan,llama-id21,4096,11008,256,64,256,2048,native,0.500,2.000,1536,24,6144,0,19.6059,1177.5,0.05,ok,0.9974
prescan,llama-id21,4096,11008,256,64,256,4096,native,1.000,4.000,768,12,3072,0,18.5413,1245.1,0.19,ok,1.0547
prescan,llama-id21,4096,11008,256,64,512,256,native,0.062,0.250,11008,172,44032,0,22.9437,1006.2,1.66,ok,0.8523
prescan,llama-id21,4096,11008,256,64,512,512,native,0.125,0.500,5632,88,22528,0,20.1396,1146.3,0.07,ok,0.9710
prescan,llama-id21,4096,11008,256,64,512,1024,native,0.250,1.000,2816,44,11264,0,19.4420,1187.4,2.86,ok,1.0059
prescan,llama-id21,4096,11008,256,64,512,2048,native,0.500,2.000,1536,24,6144,0,19.6144,1177.0,0.11,ok,0.9970
prescan,llama-id21,4096,11008,256,64,512,4096,native,1.000,4.000,768,12,3072,0,18.5838,1242.2,1.10,ok,1.0523
prescan,llama-id21,4096,11008,256,64,1024,256,native,0.062,0.250,11008,172,44032,0,23.2047,994.9,0.23,ok,0.8428
prescan,llama-id21,4096,11008,256,64,1024,512,native,0.125,0.500,5632,88,22528,0,20.1371,1146.4,0.15,ok,0.9711
prescan,llama-id21,4096,11008,256,64,1024,1024,native,0.250,1.000,2816,44,11264,0,19.7637,1168.1,0.11,ok,0.9895
prescan,llama-id21,4096,11008,256,64,1024,2048,native,0.500,2.000,1536,24,6144,0,19.6167,1176.8,0.08,ok,0.9969
prescan,llama-id21,4096,11008,256,64,1024,4096,native,1.000,4.000,768,12,3072,0,18.4923,1248.4,0.03,ok,1.0575
prescan,llama-id21,4096,11008,256,128,64,256,native,0.125,0.062,44032,172,44032,0,28.6192,806.6,0.88,ok,0.6833
prescan,llama-id21,4096,11008,256,128,64,512,native,0.250,0.125,22528,88,22528,0,26.6931,864.8,0.32,ok,0.7326
prescan,llama-id21,4096,11008,256,128,64,1024,native,0.500,0.250,11264,44,11264,0,29.5929,780.1,1.57,ok,0.6608
prescan,llama-id21,4096,11008,256,128,64,2048,native,1.000,0.500,6144,24,6144,0,30.2380,763.5,0.27,ok,0.6467
prescan,llama-id21,4096,11008,256,128,64,4096,native,2.000,1.000,3072,12,3072,0,28.7357,803.4,0.05,ok,0.6805
prescan,llama-id21,4096,11008,256,128,128,256,native,0.125,0.125,22016,172,44032,0,23.7321,972.8,0.09,ok,0.8240
prescan,llama-id21,4096,11008,256,128,128,512,native,0.250,0.250,11264,88,22528,0,21.7700,1060.4,0.24,ok,0.8983
prescan,llama-id21,4096,11008,256,128,128,1024,native,0.500,0.500,5632,44,11264,0,23.4693,983.6,0.20,ok,0.8333
prescan,llama-id21,4096,11008,256,128,128,2048,native,1.000,1.000,3072,24,6144,0,22.8473,1010.4,0.05,ok,0.8559
prescan,llama-id21,4096,11008,256,128,128,4096,native,2.000,2.000,1536,12,3072,0,21.4097,1078.3,0.21,ok,0.9134
prescan,llama-id21,4096,11008,256,128,256,256,native,0.125,0.250,11008,172,44032,0,21.9256,1052.9,0.09,ok,0.8919
prescan,llama-id21,4096,11008,256,128,256,512,native,0.250,0.500,5632,88,22528,0,20.1311,1146.8,0.21,ok,0.9714
prescan,llama-id21,4096,11008,256,128,256,1024,native,0.500,1.000,2816,44,11264,0,19.8171,1164.9,0.01,ok,0.9868
prescan,llama-id21,4096,11008,256,128,256,2048,native,1.000,2.000,1536,24,6144,0,19.6028,1177.7,0.06,ok,0.9976
prescan,llama-id21,4096,11008,256,128,256,4096,native,2.000,4.000,768,12,3072,0,18.5570,1244.0,0.05,ok,1.0538
prescan,llama-id21,4096,11008,256,128,512,256,native,0.125,0.250,11008,172,44032,0,22.7686,1013.9,0.28,ok,0.8589
prescan,llama-id21,4096,11008,256,128,512,512,native,0.250,0.500,5632,88,22528,0,20.1371,1146.4,0.13,ok,0.9711
prescan,llama-id21,4096,11008,256,128,512,1024,native,0.500,1.000,2816,44,11264,0,19.8470,1163.2,0.14,ok,0.9853
prescan,llama-id21,4096,11008,256,128,512,2048,native,1.000,2.000,1536,24,6144,0,19.6089,1177.3,0.09,ok,0.9973
prescan,llama-id21,4096,11008,256,128,512,4096,native,2.000,4.000,768,12,3072,0,18.5443,1244.9,0.10,ok,1.0545
prescan,llama-id21,4096,11008,256,128,1024,256,native,0.125,0.250,11008,172,44032,0,22.7694,1013.9,0.25,ok,0.8589
prescan,llama-id21,4096,11008,256,128,1024,512,native,0.250,0.500,5632,88,22528,0,20.1246,1147.1,0.02,ok,0.9717
prescan,llama-id21,4096,11008,256,128,1024,1024,native,0.500,1.000,2816,44,11264,0,19.8912,1160.6,0.26,ok,0.9831
prescan,llama-id21,4096,11008,256,128,1024,2048,native,1.000,2.000,1536,24,6144,0,19.6058,1177.5,0.10,ok,0.9974
prescan,llama-id21,4096,11008,256,128,1024,4096,native,2.000,4.000,768,12,3072,0,18.5493,1244.5,0.11,ok,1.0543
final,llama-id21,4096,11008,256,16,1024,4096,native,0.250,4.000,768,12,3072,8,18.6962,1234.8,0.97,ok,1.0518
final,llama-id21,4096,11008,256,16,512,4096,native,0.250,4.000,768,12,3072,7,18.7822,1229.1,0.60,ok,1.0470
final,llama-id21,4096,11008,256,32,512,4096,native,0.500,4.000,768,12,3072,7,18.6534,1237.6,1.37,ok,1.0542
final,llama-id21,4096,11008,256,64,1024,4096,native,1.000,4.000,768,12,3072,7,18.6836,1235.6,1.51,ok,1.0525
final,llama-id21,4096,11008,256,32,1024,4096,native,0.500,4.000,768,12,3072,8,18.5839,1242.2,1.27,ok,1.0581
final,llama-id21,4096,11008,256,64,256,4096,native,1.000,4.000,768,12,3072,8,18.5085,1247.3,3.94,ok,1.0624
final,llama-id21,4096,11008,256,128,512,4096,native,2.000,4.000,768,12,3072,8,18.9691,1217.0,2.10,ok,1.0366
final,llama-id21,4096,11008,256,128,1024,4096,native,2.000,4.000,768,12,3072,7,18.9762,1216.5,0.14,ok,1.0363
final,llama-id21,4096,11008,256,128,256,4096,native,2.000,4.000,768,12,3072,7,19.0600,1211.2,1.08,ok,1.0317
final,llama-id21,4096,11008,256,64,512,4096,native,1.000,4.000,768,12,3072,7,18.8302,1226.0,0.90,ok,1.0443
final,llama-id21,4096,11008,256,16,256,4096,native,0.250,4.000,768,12,3072,7,18.7585,1230.7,0.94,ok,1.0483
final,llama-id21,4096,11008,256,32,256,4096,native,0.500,4.000,768,12,3072,8,18.7381,1232.0,1.08,ok,1.0494
final,llama-id21,4096,11008,256,16,256,2048,native,0.125,2.000,1536,24,6144,7,19.6641,1174.0,0.14,ok,1.0000
prescan,llama-id22,5120,5120,256,16,64,256,native,0.016,0.062,25600,80,25600,0,24.0294,558.6,1.19,ok,0.4742
prescan,llama-id22,5120,5120,256,16,64,512,native,0.031,0.125,12800,40,12800,0,21.7500,617.1,4.25,ok,0.5239
prescan,llama-id22,5120,5120,256,16,64,1024,native,0.062,0.250,6400,20,6400,0,19.6430,683.3,5.60,ok,0.5801
prescan,llama-id22,5120,5120,256,16,64,2048,native,0.125,0.500,3840,12,3840,0,18.2710,734.6,0.08,ok,0.6236
prescan,llama-id22,5120,5120,256,16,64,4096,native,0.250,1.000,2560,8,2560,0,17.1787,781.3,0.91,ok,0.6633
prescan,llama-id22,5120,5120,256,16,128,256,native,0.016,0.125,12800,80,25600,0,16.9771,790.6,0.91,ok,0.6712
prescan,llama-id22,5120,5120,256,16,128,512,native,0.031,0.250,6400,40,12800,0,14.6462,916.4,0.17,ok,0.7780
prescan,llama-id22,5120,5120,256,16,128,1024,native,0.062,0.500,3200,20,6400,0,14.4281,930.3,0.06,ok,0.7897
prescan,llama-id22,5120,5120,256,16,128,2048,native,0.125,1.000,1920,12,3840,0,13.6485,983.4,0.03,ok,0.8349
prescan,llama-id22,5120,5120,256,16,128,4096,native,0.250,2.000,1280,8,2560,0,12.7972,1048.8,0.01,ok,0.8904
prescan,llama-id22,5120,5120,256,16,256,256,native,0.016,0.250,6400,80,25600,0,12.8630,1043.4,0.07,ok,0.8858
prescan,llama-id22,5120,5120,256,16,256,512,native,0.031,0.500,3200,40,12800,0,11.3729,1180.2,0.04,ok,1.0019
prescan,llama-id22,5120,5120,256,16,256,1024,native,0.062,1.000,1600,20,6400,0,11.3340,1184.2,0.05,ok,1.0053
prescan,llama-id22,5120,5120,256,16,256,2048,native,0.125,2.000,960,12,3840,0,11.3946,1177.9,0.18,ok,1.0000
prescan,llama-id22,5120,5120,256,16,256,4096,native,0.250,4.000,640,8,2560,0,10.8104,1241.6,0.08,ok,1.0540
prescan,llama-id22,5120,5120,256,16,512,256,native,0.016,0.250,6400,80,25600,0,13.3915,1002.3,0.29,ok,0.8509
prescan,llama-id22,5120,5120,256,16,512,512,native,0.031,0.500,3200,40,12800,0,11.8172,1135.8,0.05,ok,0.9642
prescan,llama-id22,5120,5120,256,16,512,1024,native,0.062,1.000,1600,20,6400,0,11.7682,1140.5,0.04,ok,0.9682
prescan,llama-id22,5120,5120,256,16,512,2048,native,0.125,2.000,960,12,3840,0,11.3830,1179.1,0.03,ok,1.0010
prescan,llama-id22,5120,5120,256,16,512,4096,native,0.250,4.000,640,8,2560,0,10.8067,1242.0,0.10,ok,1.0544
prescan,llama-id22,5120,5120,256,16,1024,256,native,0.016,0.250,6400,80,25600,0,13.3776,1003.3,0.32,ok,0.8518
prescan,llama-id22,5120,5120,256,16,1024,512,native,0.031,0.500,3200,40,12800,0,11.8266,1134.9,0.02,ok,0.9635
prescan,llama-id22,5120,5120,256,16,1024,1024,native,0.062,1.000,1600,20,6400,0,11.7680,1140.5,0.13,ok,0.9683
prescan,llama-id22,5120,5120,256,16,1024,2048,native,0.125,2.000,960,12,3840,0,11.3961,1177.8,0.16,ok,0.9999
prescan,llama-id22,5120,5120,256,16,1024,4096,native,0.250,4.000,640,8,2560,0,10.6281,1262.9,3.78,ok,1.0721
prescan,llama-id22,5120,5120,256,32,64,256,native,0.031,0.062,25600,80,25600,0,23.0681,581.8,0.79,ok,0.4940
prescan,llama-id22,5120,5120,256,32,64,512,native,0.062,0.125,12800,40,12800,0,19.6431,683.3,0.41,ok,0.5801
prescan,llama-id22,5120,5120,256,32,64,1024,native,0.125,0.250,6400,20,6400,0,17.8904,750.2,1.55,ok,0.6369
prescan,llama-id22,5120,5120,256,32,64,2048,native,0.250,0.500,3840,12,3840,0,17.8816,750.6,1.23,ok,0.6372
prescan,llama-id22,5120,5120,256,32,64,4096,native,0.500,1.000,2560,8,2560,0,16.8607,796.0,1.90,ok,0.6758
prescan,llama-id22,5120,5120,256,32,128,256,native,0.031,0.125,12800,80,25600,0,16.2310,826.9,2.98,ok,0.7020
prescan,llama-id22,5120,5120,256,32,128,512,native,0.062,0.250,6400,40,12800,0,14.7389,910.6,3.54,ok,0.7731
prescan,llama-id22,5120,5120,256,32,128,1024,native,0.125,0.500,3200,20,6400,0,14.0051,958.3,2.69,ok,0.8136
prescan,llama-id22,5120,5120,256,32,128,2048,native,0.250,1.000,1920,12,3840,0,13.3824,1002.9,2.56,ok,0.8515
prescan,llama-id22,5120,5120,256,32,128,4096,native,0.500,2.000,1280,8,2560,0,12.6086,1064.5,3.02,ok,0.9037
prescan,llama-id22,5120,5120,256,32,256,256,native,0.031,0.250,6400,80,25600,0,12.5409,1070.2,3.05,ok,0.9086
prescan,llama-id22,5120,5120,256,32,256,512,native,0.062,0.500,3200,40,12800,0,11.0205,1217.9,3.58,ok,1.0339
prescan,llama-id22,5120,5120,256,32,256,1024,native,0.125,1.000,1600,20,6400,0,11.3933,1178.0,3.56,ok,1.0001
prescan,llama-id22,5120,5120,256,32,256,2048,native,0.250,2.000,960,12,3840,0,11.0273,1217.1,3.62,ok,1.0333
prescan,llama-id22,5120,5120,256,32,256,4096,native,0.500,4.000,640,8,2560,0,10.5135,1276.6,3.61,ok,1.0838
prescan,llama-id22,5120,5120,256,32,512,256,native,0.031,0.250,6400,80,25600,0,13.0166,1031.1,3.86,ok,0.8754
prescan,llama-id22,5120,5120,256,32,512,512,native,0.062,0.500,3200,40,12800,0,11.4395,1173.3,3.98,ok,0.9961
prescan,llama-id22,5120,5120,256,32,512,1024,native,0.125,1.000,1600,20,6400,0,11.4114,1176.2,2.40,ok,0.9985
prescan,llama-id22,5120,5120,256,32,512,2048,native,0.250,2.000,960,12,3840,0,11.2332,1194.8,0.11,ok,1.0144
prescan,llama-id22,5120,5120,256,32,512,4096,native,0.500,4.000,640,8,2560,0,10.7211,1251.9,0.43,ok,1.0628
prescan,llama-id22,5120,5120,256,32,1024,256,native,0.031,0.250,6400,80,25600,0,13.2246,1014.9,0.22,ok,0.8616
prescan,llama-id22,5120,5120,256,32,1024,512,native,0.062,0.500,3200,40,12800,0,11.6883,1148.3,0.37,ok,0.9749
prescan,llama-id22,5120,5120,256,32,1024,1024,native,0.125,1.000,1600,20,6400,0,11.6033,1156.7,0.42,ok,0.9820
prescan,llama-id22,5120,5120,256,32,1024,2048,native,0.250,2.000,960,12,3840,0,11.2269,1195.5,0.02,ok,1.0149
prescan,llama-id22,5120,5120,256,32,1024,4096,native,0.500,4.000,640,8,2560,0,10.7595,1247.4,1.04,ok,1.0590
prescan,llama-id22,5120,5120,256,64,64,256,native,0.062,0.062,25600,80,25600,0,23.2317,577.7,2.95,ok,0.4905
prescan,llama-id22,5120,5120,256,64,64,512,native,0.125,0.125,12800,40,12800,0,20.6285,650.6,4.97,ok,0.5524
prescan,llama-id22,5120,5120,256,64,64,1024,native,0.250,0.250,6400,20,6400,0,18.7737,714.9,1.69,ok,0.6069
prescan,llama-id22,5120,5120,256,64,64,2048,native,0.500,0.500,3840,12,3840,0,17.8671,751.2,2.35,ok,0.6377
prescan,llama-id22,5120,5120,256,64,64,4096,native,1.000,1.000,2560,8,2560,0,17.0050,789.3,3.42,ok,0.6701
prescan,llama-id22,5120,5120,256,64,128,256,native,0.062,0.125,12800,80,25600,0,16.2730,824.8,2.68,ok,0.7002
prescan,llama-id22,5120,5120,256,64,128,512,native,0.125,0.250,6400,40,12800,0,14.6933,913.5,2.67,ok,0.7755
prescan,llama-id22,5120,5120,256,64,128,1024,native,0.250,0.500,3200,20,6400,0,13.8285,970.6,0.05,ok,0.8240
prescan,llama-id22,5120,5120,256,64,128,2048,native,0.500,1.000,1920,12,3840,0,13.4410,998.6,0.08,ok,0.8477
prescan,llama-id22,5120,5120,256,64,128,4096,native,1.000,2.000,1280,8,2560,0,12.7371,1053.8,0.17,ok,0.8946
prescan,llama-id22,5120,5120,256,64,256,256,native,0.062,0.250,6400,80,25600,0,12.6696,1059.4,0.33,ok,0.8994
prescan,llama-id22,5120,5120,256,64,256,512,native,0.125,0.500,3200,40,12800,0,11.2203,1196.2,0.04,ok,1.0155
prescan,llama-id22,5120,5120,256,64,256,1024,native,0.250,1.000,1600,20,6400,0,10.9011,1231.2,0.20,ok,1.0453
prescan,llama-id22,5120,5120,256,64,256,2048,native,0.500,2.000,960,12,3840,0,11.1655,1202.1,0.08,ok,1.0205
prescan,llama-id22,5120,5120,256,64,256,4096,native,1.000,4.000,640,8,2560,0,10.7049,1253.8,0.05,ok,1.0644
prescan,llama-id22,5120,5120,256,64,512,256,native,0.062,0.250,6400,80,25600,0,13.1727,1018.9,0.36,ok,0.8650
prescan,llama-id22,5120,5120,256,64,512,512,native,0.125,0.500,3200,40,12800,0,11.6605,1151.0,0.16,ok,0.9772
prescan,llama-id22,5120,5120,256,64,512,1024,native,0.250,1.000,1600,20,6400,0,11.3740,1180.0,0.17,ok,1.0018
prescan,llama-id22,5120,5120,256,64,512,2048,native,0.500,2.000,960,12,3840,0,11.1744,1201.1,0.18,ok,1.0197
prescan,llama-id22,5120,5120,256,64,512,4096,native,1.000,4.000,640,8,2560,0,10.7311,1250.7,0.03,ok,1.0618
prescan,llama-id22,5120,5120,256,64,1024,256,native,0.062,0.250,6400,80,25600,0,13.1787,1018.4,0.11,ok,0.8646
prescan,llama-id22,5120,5120,256,64,1024,512,native,0.125,0.500,3200,40,12800,0,11.6539,1151.7,0.21,ok,0.9777
prescan,llama-id22,5120,5120,256,64,1024,1024,native,0.250,1.000,1600,20,6400,0,11.2683,1191.1,1.81,ok,1.0112
prescan,llama-id22,5120,5120,256,64,1024,2048,native,0.500,2.000,960,12,3840,0,11.1658,1202.0,0.18,ok,1.0205
prescan,llama-id22,5120,5120,256,64,1024,4096,native,1.000,4.000,640,8,2560,0,10.7191,1252.1,0.15,ok,1.0630
prescan,llama-id22,5120,5120,256,128,64,256,native,0.125,0.062,25600,80,25600,0,23.4953,571.3,0.78,ok,0.4850
prescan,llama-id22,5120,5120,256,128,64,512,native,0.250,0.125,12800,40,12800,0,20.8909,642.5,1.55,ok,0.5454
prescan,llama-id22,5120,5120,256,128,64,1024,native,0.500,0.250,6400,20,6400,0,18.7341,716.4,0.21,ok,0.6082
prescan,llama-id22,5120,5120,256,128,64,2048,native,1.000,0.500,3840,12,3840,0,18.0994,741.6,0.29,ok,0.6296
prescan,llama-id22,5120,5120,256,128,64,4096,native,2.000,1.000,2560,8,2560,0,17.1452,782.8,0.06,ok,0.6646
prescan,llama-id22,5120,5120,256,128,128,256,native,0.125,0.125,12800,80,25600,0,16.5511,810.9,0.07,ok,0.6885
prescan,llama-id22,5120,5120,256,128,128,512,native,0.250,0.250,6400,40,12800,0,14.9232,899.4,0.04,ok,0.7635
prescan,llama-id22,5120,5120,256,128,128,1024,native,0.500,0.500,3200,20,6400,0,14.0464,955.5,0.06,ok,0.8112
prescan,llama-id22,5120,5120,256,128,128,2048,native,1.000,1.000,1920,12,3840,0,13.4398,998.7,0.06,ok,0.8478
prescan,llama-id22,5120,5120,256,128,128,4096,native,2.000,2.000,1280,8,2560,0,12.6839,1058.2,0.25,ok,0.8984
prescan,llama-id22,5120,5120,256,128,256,256,native,0.125,0.250,6400,80,25600,0,12.5936,1065.8,0.08,ok,0.9048
prescan,llama-id22,5120,5120,256,128,256,512,native,0.250,0.500,3200,40,12800,0,11.2086,1197.5,0.02,ok,1.0166
prescan,llama-id22,5120,5120,256,128,256,1024,native,0.500,1.000,1600,20,6400,0,11.2711,1190.8,3.86,ok,1.0110
prescan,llama-id22,5120,5120,256,128,256,2048,native,1.000,2.000,960,12,3840,0,11.1739,1201.2,0.07,ok,1.0198
prescan,llama-id22,5120,5120,256,128,256,4096,native,2.000,4.000,640,8,2560,0,10.7640,1246.9,0.22,ok,1.0586
prescan,llama-id22,5120,5120,256,128,512,256,native,0.125,0.250,6400,80,25600,0,13.0889,1025.4,0.11,ok,0.8706
prescan,llama-id22,5120,5120,256,128,512,512,native,0.250,0.500,3200,40,12800,0,11.6965,1147.5,0.65,ok,0.9742
prescan,llama-id22,5120,5120,256,128,512,1024,native,0.500,1.000,1600,20,6400,0,11.4443,1172.8,1.80,ok,0.9957
prescan,llama-id22,5120,5120,256,128,512,2048,native,1.000,2.000,960,12,3840,0,11.1717,1201.4,0.07,ok,1.0199
prescan,llama-id22,5120,5120,256,128,512,4096,native,2.000,4.000,640,8,2560,0,10.7858,1244.4,0.51,ok,1.0564
prescan,llama-id22,5120,5120,256,128,1024,256,native,0.125,0.250,6400,80,25600,0,13.1117,1023.6,0.20,ok,0.8690
prescan,llama-id22,5120,5120,256,128,1024,512,native,0.250,0.500,3200,40,12800,0,11.6628,1150.8,0.09,ok,0.9770
prescan,llama-id22,5120,5120,256,128,1024,1024,native,0.500,1.000,1600,20,6400,0,11.4120,1176.1,1.02,ok,0.9985
prescan,llama-id22,5120,5120,256,128,1024,2048,native,1.000,2.000,960,12,3840,0,11.1740,1201.2,0.05,ok,1.0197
prescan,llama-id22,5120,5120,256,128,1024,4096,native,2.000,4.000,640,8,2560,0,10.9078,1230.5,2.88,ok,1.0446
final,llama-id22,5120,5120,256,32,256,4096,native,0.500,4.000,640,8,2560,13,10.8362,1238.6,0.56,ok,1.0515
final,llama-id22,5120,5120,256,16,1024,4096,native,0.250,4.000,640,8,2560,13,10.8281,1239.5,0.45,ok,1.0522
final,llama-id22,5120,5120,256,64,256,4096,native,1.000,4.000,640,8,2560,13,10.7981,1243.0,1.17,ok,1.0552
final,llama-id22,5120,5120,256,64,1024,4096,native,1.000,4.000,640,8,2560,14,10.7424,1249.4,0.88,ok,1.0606
final,llama-id22,5120,5120,256,32,512,4096,native,0.500,4.000,640,8,2560,13,10.7950,1243.3,1.20,ok,1.0555
final,llama-id22,5120,5120,256,64,512,4096,native,1.000,4.000,640,8,2560,14,10.7296,1250.9,0.43,ok,1.0619
final,llama-id22,5120,5120,256,32,1024,4096,native,0.500,4.000,640,8,2560,13,10.7632,1247.0,1.57,ok,1.0586
final,llama-id22,5120,5120,256,128,256,4096,native,2.000,4.000,640,8,2560,13,10.7857,1244.4,0.41,ok,1.0564
final,llama-id22,5120,5120,256,128,512,4096,native,2.000,4.000,640,8,2560,14,10.7615,1247.2,2.42,ok,1.0588
final,llama-id22,5120,5120,256,16,512,4096,native,0.250,4.000,640,8,2560,13,11.0802,1211.3,0.96,ok,1.0283
final,llama-id22,5120,5120,256,16,256,4096,native,0.250,4.000,640,8,2560,13,11.0045,1219.7,1.90,ok,1.0354
final,llama-id22,5120,5120,256,16,256,2048,native,0.125,2.000,960,12,3840,13,11.3938,1178.0,0.07,ok,1.0000
prescan,llama-id23,13824,5120,256,16,64,256,native,0.016,0.062,69120,80,69120,0,74.4132,487.0,0.20,ok,0.4117
prescan,llama-id23,13824,5120,256,16,64,512,native,0.031,0.125,34560,40,34560,0,63.9573,566.6,0.18,ok,0.4790
prescan,llama-id23,13824,5120,256,16,64,1024,native,0.062,0.250,17280,20,17280,0,55.1874,656.6,0.49,ok,0.5551
prescan,llama-id23,13824,5120,256,16,64,2048,native,0.125,0.500,10368,12,10368,0,49.8219,727.4,0.26,ok,0.6149
prescan,llama-id23,13824,5120,256,16,64,4096,native,0.250,1.000,6912,8,6912,0,44.7191,810.4,0.08,ok,0.6851
prescan,llama-id23,13824,5120,256,16,128,256,native,0.016,0.125,34560,80,69120,0,45.0148,805.0,0.34,ok,0.6806
prescan,llama-id23,13824,5120,256,16,128,512,native,0.031,0.250,17280,40,34560,0,36.8290,984.0,0.74,ok,0.8318
prescan,llama-id23,13824,5120,256,16,128,1024,native,0.062,0.500,8640,20,17280,0,37.6228,963.2,0.24,ok,0.8143
prescan,llama-id23,13824,5120,256,16,128,2048,native,0.125,1.000,5184,12,10368,0,35.3859,1024.1,0.48,ok,0.8658
prescan,llama-id23,13824,5120,256,16,128,4096,native,0.250,2.000,3456,8,6912,0,34.1857,1060.1,0.03,ok,0.8962
prescan,llama-id23,13824,5120,256,16,256,256,native,0.016,0.250,17280,80,69120,0,36.9052,981.9,6.98,ok,0.8301
prescan,llama-id23,13824,5120,256,16,256,512,native,0.031,0.500,8640,40,34560,0,31.4207,1153.3,0.08,ok,0.9750
prescan,llama-id23,13824,5120,256,16,256,1024,native,0.062,1.000,4320,20,17280,0,31.0830,1165.9,0.12,ok,0.9856
prescan,llama-id23,13824,5120,256,16,256,2048,native,0.125,2.000,2592,12,10368,0,30.6362,1182.9,0.12,ok,1.0000
prescan,llama-id23,13824,5120,256,16,256,4096,native,0.250,4.000,1728,8,6912,0,29.0116,1249.1,0.07,ok,1.0560
prescan,llama-id23,13824,5120,256,16,512,256,native,0.016,0.250,17280,80,69120,0,36.9264,981.4,0.68,ok,0.8297
prescan,llama-id23,13824,5120,256,16,512,512,native,0.031,0.500,8640,40,34560,0,32.5865,1112.1,0.09,ok,0.9401
prescan,llama-id23,13824,5120,256,16,512,1024,native,0.062,1.000,4320,20,17280,0,32.1880,1125.8,0.04,ok,0.9518
prescan,llama-id23,13824,5120,256,16,512,2048,native,0.125,2.000,2592,12,10368,0,30.7282,1179.3,0.95,ok,0.9970
prescan,llama-id23,13824,5120,256,16,512,4096,native,0.250,4.000,1728,8,6912,0,28.9866,1250.2,0.16,ok,1.0569
prescan,llama-id23,13824,5120,256,16,1024,256,native,0.016,0.250,17280,80,69120,0,36.8824,982.5,0.65,ok,0.8306
prescan,llama-id23,13824,5120,256,16,1024,512,native,0.031,0.500,8640,40,34560,0,32.7984,1104.9,1.89,ok,0.9341
prescan,llama-id23,13824,5120,256,16,1024,1024,native,0.062,1.000,4320,20,17280,0,32.5537,1113.2,0.84,ok,0.9411
prescan,llama-id23,13824,5120,256,16,1024,2048,native,0.125,2.000,2592,12,10368,0,31.2069,1161.2,0.25,ok,0.9817
prescan,llama-id23,13824,5120,256,16,1024,4096,native,0.250,4.000,1728,8,6912,0,30.0860,1204.5,0.82,ok,1.0183
prescan,llama-id23,13824,5120,256,32,64,256,native,0.031,0.062,69120,80,69120,0,73.5989,492.4,0.42,ok,0.4163
prescan,llama-id23,13824,5120,256,32,64,512,native,0.062,0.125,34560,40,34560,0,64.4901,561.9,0.24,ok,0.4751
prescan,llama-id23,13824,5120,256,32,64,1024,native,0.125,0.250,17280,20,17280,0,53.9858,671.3,0.49,ok,0.5675
prescan,llama-id23,13824,5120,256,32,64,2048,native,0.250,0.500,10368,12,10368,0,49.3162,734.8,0.15,ok,0.6212
prescan,llama-id23,13824,5120,256,32,64,4096,native,0.500,1.000,6912,8,6912,0,44.6674,811.3,0.01,ok,0.6859
prescan,llama-id23,13824,5120,256,32,128,256,native,0.031,0.125,34560,80,69120,0,47.2454,767.0,0.39,ok,0.6484
prescan,llama-id23,13824,5120,256,32,128,512,native,0.062,0.250,17280,40,34560,0,38.3125,945.9,0.62,ok,0.7996
prescan,llama-id23,13824,5120,256,32,128,1024,native,0.125,0.500,8640,20,17280,0,38.2548,947.3,7.19,ok,0.8008
prescan,llama-id23,13824,5120,256,32,128,2048,native,0.250,1.000,5184,12,10368,0,35.1629,1030.6,0.15,ok,0.8713
prescan,llama-id23,13824,5120,256,32,128,4096,native,0.500,2.000,3456,8,6912,0,33.5848,1079.0,3.77,ok,0.9122
prescan,llama-id23,13824,5120,256,32,256,256,native,0.031,0.250,17280,80,69120,0,36.7148,987.0,2.22,ok,0.8344
prescan,llama-id23,13824,5120,256,32,256,512,native,0.062,0.500,8640,40,34560,0,31.1224,1164.4,3.29,ok,0.9844
prescan,llama-id23,13824,5120,256,32,256,1024,native,0.125,1.000,4320,20,17280,0,30.0027,1207.9,3.36,ok,1.0211
prescan,llama-id23,13824,5120,256,32,256,2048,native,0.250,2.000,2592,12,10368,0,29.1257,1244.2,6.97,ok,1.0519
prescan,llama-id23,13824,5120,256,32,256,4096,native,0.500,4.000,1728,8,6912,0,27.6795,1309.2,7.22,ok,1.1068
prescan,llama-id23,13824,5120,256,32,512,256,native,0.031,0.250,17280,80,69120,0,37.4799,966.9,4.24,ok,0.8174
prescan,llama-id23,13824,5120,256,32,512,512,native,0.062,0.500,8640,40,34560,0,32.0464,1130.8,3.37,ok,0.9560
prescan,llama-id23,13824,5120,256,32,512,1024,native,0.125,1.000,4320,20,17280,0,31.1654,1162.8,3.34,ok,0.9830
prescan,llama-id23,13824,5120,256,32,512,2048,native,0.250,2.000,2592,12,10368,0,29.5789,1225.2,4.05,ok,1.0357
prescan,llama-id23,13824,5120,256,32,512,4096,native,0.500,4.000,1728,8,6912,0,27.2172,1331.5,3.87,ok,1.1256
prescan,llama-id23,13824,5120,256,32,1024,256,native,0.031,0.250,17280,80,69120,0,37.1580,975.3,0.53,ok,0.8245
prescan,llama-id23,13824,5120,256,32,1024,512,native,0.062,0.500,8640,40,34560,0,32.0289,1131.4,3.39,ok,0.9565
prescan,llama-id23,13824,5120,256,32,1024,1024,native,0.125,1.000,4320,20,17280,0,31.0798,1166.0,3.53,ok,0.9857
prescan,llama-id23,13824,5120,256,32,1024,2048,native,0.250,2.000,2592,12,10368,0,29.7616,1217.6,2.09,ok,1.0294
prescan,llama-id23,13824,5120,256,32,1024,4096,native,0.500,4.000,1728,8,6912,0,28.6343,1265.6,0.05,ok,1.0699
prescan,llama-id23,13824,5120,256,64,64,256,native,0.062,0.062,69120,80,69120,0,69.7019,519.9,1.85,ok,0.4395
prescan,llama-id23,13824,5120,256,64,64,512,native,0.125,0.125,34560,40,34560,0,63.7452,568.5,0.06,ok,0.4806
prescan,llama-id23,13824,5120,256,64,64,1024,native,0.250,0.250,17280,20,17280,0,53.2204,680.9,0.27,ok,0.5756
prescan,llama-id23,13824,5120,256,64,64,2048,native,0.500,0.500,10368,12,10368,0,48.8976,741.1,0.77,ok,0.6265
prescan,llama-id23,13824,5120,256,64,64,4096,native,1.000,1.000,6912,8,6912,0,44.8185,808.6,0.08,ok,0.6836
prescan,llama-id23,13824,5120,256,64,128,256,native,0.062,0.125,34560,80,69120,0,45.6713,793.5,0.42,ok,0.6708
prescan,llama-id23,13824,5120,256,64,128,512,native,0.125,0.250,17280,40,34560,0,38.2463,947.5,0.11,ok,0.8010
prescan,llama-id23,13824,5120,256,64,128,1024,native,0.250,0.500,8640,20,17280,0,35.8737,1010.2,0.50,ok,0.8540
prescan,llama-id23,13824,5120,256,64,128,2048,native,0.500,1.000,5184,12,10368,0,34.8638,1039.4,0.29,ok,0.8787
prescan,llama-id23,13824,5120,256,64,128,4096,native,1.000,2.000,3456,8,6912,0,33.5145,1081.3,2.84,ok,0.9141
prescan,llama-id23,13824,5120,256,64,256,256,native,0.062,0.250,17280,80,69120,0,35.0916,1032.7,0.45,ok,0.8730
prescan,llama-id23,13824,5120,256,64,256,512,native,0.125,0.500,8640,40,34560,0,31.2137,1161.0,0.03,ok,0.9815
prescan,llama-id23,13824,5120,256,64,256,1024,native,0.250,1.000,4320,20,17280,0,30.4150,1191.5,3.34,ok,1.0073
prescan,llama-id23,13824,5120,256,64,256,2048,native,0.500,2.000,2592,12,10368,0,30.0164,1207.3,0.31,ok,1.0206
prescan,llama-id23,13824,5120,256,64,256,4096,native,1.000,4.000,1728,8,6912,0,28.6826,1263.4,0.09,ok,1.0681
prescan,llama-id23,13824,5120,256,64,512,256,native,0.062,0.250,17280,80,69120,0,36.3788,996.2,0.02,ok,0.8421
prescan,llama-id23,13824,5120,256,64,512,512,native,0.125,0.500,8640,40,34560,0,32.4261,1117.6,0.04,ok,0.9448
prescan,llama-id23,13824,5120,256,64,512,1024,native,0.250,1.000,4320,20,17280,0,30.9874,1169.5,0.01,ok,0.9887
prescan,llama-id23,13824,5120,256,64,512,2048,native,0.500,2.000,2592,12,10368,0,30.7409,1178.8,1.65,ok,0.9966
prescan,llama-id23,13824,5120,256,64,512,4096,native,1.000,4.000,1728,8,6912,0,29.7290,1219.0,1.64,ok,1.0305
prescan,llama-id23,13824,5120,256,64,1024,256,native,0.062,0.250,17280,80,69120,0,37.0908,977.0,0.79,ok,0.8260
prescan,llama-id23,13824,5120,256,64,1024,512,native,0.125,0.500,8640,40,34560,0,33.4771,1082.5,0.08,ok,0.9151
prescan,llama-id23,13824,5120,256,64,1024,1024,native,0.250,1.000,4320,20,17280,0,32.0323,1131.3,0.42,ok,0.9564
prescan,llama-id23,13824,5120,256,64,1024,2048,native,0.500,2.000,2592,12,10368,0,31.2730,1158.8,1.03,ok,0.9796
prescan,llama-id23,13824,5120,256,64,1024,4096,native,1.000,4.000,1728,8,6912,0,29.8767,1212.9,2.02,ok,1.0254
prescan,llama-id23,13824,5120,256,128,64,256,native,0.125,0.062,69120,80,69120,0,73.9299,490.2,1.71,ok,0.4144
prescan,llama-id23,13824,5120,256,128,64,512,native,0.250,0.125,34560,40,34560,0,64.8760,558.6,0.16,ok,0.4722
prescan,llama-id23,13824,5120,256,128,64,1024,native,0.500,0.250,17280,20,17280,0,53.3508,679.3,0.17,ok,0.5742
prescan,llama-id23,13824,5120,256,128,64,2048,native,1.000,0.500,10368,12,10368,0,49.3003,735.1,0.09,ok,0.6214
prescan,llama-id23,13824,5120,256,128,64,4096,native,2.000,1.000,6912,8,6912,0,44.7446,809.9,0.02,ok,0.6847
prescan,llama-id23,13824,5120,256,128,128,256,native,0.125,0.125,34560,80,69120,0,44.8666,807.7,0.17,ok,0.6828
prescan,llama-id23,13824,5120,256,128,128,512,native,0.250,0.250,17280,40,34560,0,38.3830,944.1,0.11,ok,0.7982
prescan,llama-id23,13824,5120,256,128,128,1024,native,0.500,0.500,8640,20,17280,0,36.9196,981.6,0.76,ok,0.8298
prescan,llama-id23,13824,5120,256,128,128,2048,native,1.000,1.000,5184,12,10368,0,35.7533,1013.6,0.12,ok,0.8569
prescan,llama-id23,13824,5120,256,128,128,4096,native,2.000,2.000,3456,8,6912,0,33.6939,1075.5,0.17,ok,0.9093
prescan,llama-id23,13824,5120,256,128,256,256,native,0.125,0.250,17280,80,69120,0,34.5645,1048.4,0.27,ok,0.8863
prescan,llama-id23,13824,5120,256,128,256,512,native,0.250,0.500,8640,40,34560,0,31.4406,1152.6,0.01,ok,0.9744
prescan,llama-id23,13824,5120,256,128,256,1024,native,0.500,1.000,4320,20,17280,0,31.3655,1155.4,0.02,ok,0.9767
prescan,llama-id23,13824,5120,256,128,256,2048,native,1.000,2.000,2592,12,10368,0,30.0131,1207.4,0.10,ok,1.0208
prescan,llama-id23,13824,5120,256,128,256,4096,native,2.000,4.000,1728,8,6912,0,28.7737,1259.4,0.20,ok,1.0647
prescan,llama-id23,13824,5120,256,128,512,256,native,0.125,0.250,17280,80,69120,0,35.8279,1011.5,0.71,ok,0.8551
prescan,llama-id23,13824,5120,256,128,512,512,native,0.250,0.500,8640,40,34560,0,32.5232,1114.2,0.00,ok,0.9420
prescan,llama-id23,13824,5120,256,128,512,1024,native,0.500,1.000,4320,20,17280,0,31.3309,1156.6,0.05,ok,0.9778
prescan,llama-id23,13824,5120,256,128,512,2048,native,1.000,2.000,2592,12,10368,0,30.8061,1176.4,0.84,ok,0.9945
prescan,llama-id23,13824,5120,256,128,512,4096,native,2.000,4.000,1728,8,6912,0,29.7965,1216.2,1.36,ok,1.0282
prescan,llama-id23,13824,5120,256,128,1024,256,native,0.125,0.250,17280,80,69120,0,36.3825,996.0,0.29,ok,0.8421
prescan,llama-id23,13824,5120,256,128,1024,512,native,0.250,0.500,8640,40,34560,0,33.2088,1091.2,0.04,ok,0.9225
prescan,llama-id23,13824,5120,256,128,1024,1024,native,0.500,1.000,4320,20,17280,0,31.8905,1136.3,0.66,ok,0.9607
prescan,llama-id23,13824,5120,256,128,1024,2048,native,1.000,2.000,2592,12,10368,0,31.6791,1143.9,2.72,ok,0.9671
prescan,llama-id23,13824,5120,256,128,1024,4096,native,2.000,4.000,1728,8,6912,0,29.6707,1221.4,0.14,ok,1.0325
final,llama-id23,13824,5120,256,32,512,4096,native,0.500,4.000,1728,8,6912,5,29.3476,1234.8,0.96,ok,1.0550
final,llama-id23,13824,5120,256,32,256,4096,native,0.500,4.000,1728,8,6912,5,29.2233,1240.1,0.61,ok,1.0595
final,llama-id23,13824,5120,256,32,1024,4096,native,0.500,4.000,1728,8,6912,5,29.2156,1240.4,5.06,ok,1.0598
final,llama-id23,13824,5120,256,64,256,4096,native,1.000,4.000,1728,8,6912,5,29.0582,1247.1,0.79,ok,1.0655
final,llama-id23,13824,5120,256,128,256,4096,native,2.000,4.000,1728,8,6912,5,29.1650,1242.5,0.85,ok,1.0616
final,llama-id23,13824,5120,256,16,512,4096,native,0.250,4.000,1728,8,6912,5,29.3947,1232.8,1.79,ok,1.0533
final,llama-id23,13824,5120,256,16,256,4096,native,0.250,4.000,1728,8,6912,5,29.9085,1211.7,3.04,ok,1.0352
final,llama-id23,13824,5120,256,32,256,2048,native,0.250,2.000,2592,12,10368,4,30.7433,1178.8,0.55,ok,1.0071
final,llama-id23,13824,5120,256,16,256,2048,native,0.125,2.000,2592,12,10368,4,30.9618,1170.4,1.47,ok,1.0000
prescan,llama-id24,5120,13824,256,16,64,256,native,0.016,0.062,69120,216,69120,0,46.2047,784.3,1.99,ok,0.6669
prescan,llama-id24,5120,13824,256,16,64,512,native,0.031,0.125,34560,108,34560,0,44.0066,823.5,0.23,ok,0.7003
prescan,llama-id24,5120,13824,256,16,64,1024,native,0.062,0.250,17920,56,17920,0,49.3504,734.3,0.07,ok,0.6244
prescan,llama-id24,5120,13824,256,16,64,2048,native,0.125,0.500,8960,28,8960,0,49.4832,732.3,5.05,ok,0.6228
prescan,llama-id24,5120,13824,256,16,64,4096,native,0.250,1.000,5120,16,5120,0,45.7564,792.0,1.57,ok,0.6735
prescan,llama-id24,5120,13824,256,16,128,256,native,0.016,0.125,34560,216,69120,0,37.8037,958.6,0.18,ok,0.8151
prescan,llama-id24,5120,13824,256,16,128,512,native,0.031,0.250,17280,108,34560,0,35.1172,1031.9,0.25,ok,0.8775
prescan,llama-id24,5120,13824,256,16,128,1024,native,0.062,0.500,8960,56,17920,0,37.7700,959.5,0.06,ok,0.8159
prescan,llama-id24,5120,13824,256,16,128,2048,native,0.125,1.000,4480,28,8960,0,36.0046,1006.5,0.20,ok,0.8559
prescan,llama-id24,5120,13824,256,16,128,4096,native,0.250,2.000,2560,16,5120,0,34.3859,1053.9,0.76,ok,0.8962
prescan,llama-id24,5120,13824,256,16,256,256,native,0.016,0.250,17280,216,69120,0,35.4202,1023.1,0.10,ok,0.8700
prescan,llama-id24,5120,13824,256,16,256,512,native,0.031,0.500,8640,108,34560,0,31.1448,1163.6,0.05,ok,0.9894
prescan,llama-id24,5120,13824,256,16,256,1024,native,0.062,1.000,4480,56,17920,0,31.3993,1154.1,1.58,ok,0.9814
prescan,llama-id24,5120,13824,256,16,256,2048,native,0.125,2.000,2240,28,8960,0,30.8157,1176.0,0.09,ok,1.0000
prescan,llama-id24,5120,13824,256,16,256,4096,native,0.250,4.000,1280,16,5120,0,29.4216,1231.7,0.25,ok,1.0474
prescan,llama-id24,5120,13824,256,16,512,256,native,0.016,0.250,17280,216,69120,0,36.2414,999.9,0.43,ok,0.8503
prescan,llama-id24,5120,13824,256,16,512,512,native,0.031,0.500,8640,108,34560,0,32.4950,1115.2,0.22,ok,0.9483
prescan,llama-id24,5120,13824,256,16,512,1024,native,0.062,1.000,4480,56,17920,0,32.1551,1127.0,0.51,ok,0.9583
prescan,llama-id24,5120,13824,256,16,512,2048,native,0.125,2.000,2240,28,8960,0,30.9049,1172.6,0.35,ok,0.9971
prescan,llama-id24,5120,13824,256,16,512,4096,native,0.250,4.000,1280,16,5120,0,29.3846,1233.3,0.08,ok,1.0487
prescan,llama-id24,5120,13824,256,16,1024,256,native,0.016,0.250,17280,216,69120,0,36.7765,985.4,0.12,ok,0.8379
prescan,llama-id24,5120,13824,256,16,1024,512,native,0.031,0.500,8640,108,34560,0,32.1542,1127.0,1.23,ok,0.9584
prescan,llama-id24,5120,13824,256,16,1024,1024,native,0.062,1.000,4480,56,17920,0,31.6311,1145.7,0.97,ok,0.9742
prescan,llama-id24,5120,13824,256,16,1024,2048,native,0.125,2.000,2240,28,8960,0,30.9020,1172.7,0.13,ok,0.9972
prescan,llama-id24,5120,13824,256,16,1024,4096,native,0.250,4.000,1280,16,5120,0,29.4298,1231.4,0.00,ok,1.0471
prescan,llama-id24,5120,13824,256,32,64,256,native,0.031,0.062,69120,216,69120,0,44.9217,806.7,0.58,ok,0.6860
prescan,llama-id24,5120,13824,256,32,64,512,native,0.062,0.125,34560,108,34560,0,42.9573,843.6,3.22,ok,0.7174
prescan,llama-id24,5120,13824,256,32,64,1024,native,0.125,0.250,17920,56,17920,0,50.7382,714.2,1.92,ok,0.6073
prescan,llama-id24,5120,13824,256,32,64,2048,native,0.250,0.500,8960,28,8960,0,49.4497,732.8,2.19,ok,0.6232
prescan,llama-id24,5120,13824,256,32,64,4096,native,0.500,1.000,5120,16,5120,0,45.8066,791.1,2.21,ok,0.6727
prescan,llama-id24,5120,13824,256,32,128,256,native,0.031,0.125,34560,216,69120,0,38.4013,943.7,0.04,ok,0.8025
prescan,llama-id24,5120,13824,256,32,128,512,native,0.062,0.250,17280,108,34560,0,35.6086,1017.7,0.32,ok,0.8654
prescan,llama-id24,5120,13824,256,32,128,1024,native,0.125,0.500,8960,56,17920,0,37.9729,954.3,0.07,ok,0.8115
prescan,llama-id24,5120,13824,256,32,128,2048,native,0.250,1.000,4480,28,8960,0,36.3250,997.6,0.14,ok,0.8483
prescan,llama-id24,5120,13824,256,32,128,4096,native,0.500,2.000,2560,16,5120,0,34.3896,1053.8,0.02,ok,0.8961
prescan,llama-id24,5120,13824,256,32,256,256,native,0.031,0.250,17280,216,69120,0,34.7729,1042.2,0.19,ok,0.8862
prescan,llama-id24,5120,13824,256,32,256,512,native,0.062,0.500,8640,108,34560,0,30.4956,1188.3,0.09,ok,1.0105
prescan,llama-id24,5120,13824,256,32,256,1024,native,0.125,1.000,4480,56,17920,0,31.9881,1132.9,1.36,ok,0.9633
prescan,llama-id24,5120,13824,256,32,256,2048,native,0.250,2.000,2240,28,8960,0,29.9081,1211.7,6.79,ok,1.0303
prescan,llama-id24,5120,13824,256,32,256,4096,native,0.500,4.000,1280,16,5120,0,28.2325,1283.6,7.03,ok,1.0915
prescan,llama-id24,5120,13824,256,32,512,256,native,0.031,0.250,17280,216,69120,0,34.8820,1038.9,7.43,ok,0.8834
prescan,llama-id24,5120,13824,256,32,512,512,native,0.062,0.500,8640,108,34560,0,30.7197,1179.7,7.91,ok,1.0031
prescan,llama-id24,5120,13824,256,32,512,1024,native,0.125,1.000,4480,56,17920,0,31.1405,1163.7,6.69,ok,0.9896
prescan,llama-id24,5120,13824,256,32,512,2048,native,0.250,2.000,2240,28,8960,0,30.3737,1193.1,3.58,ok,1.0146
prescan,llama-id24,5120,13824,256,32,512,4096,native,0.500,4.000,1280,16,5120,0,28.7087,1262.3,3.82,ok,1.0734
prescan,llama-id24,5120,13824,256,32,1024,256,native,0.031,0.250,17280,216,69120,0,35.4373,1022.6,3.92,ok,0.8696
prescan,llama-id24,5120,13824,256,32,1024,512,native,0.062,0.500,8640,108,34560,0,31.1512,1163.3,4.17,ok,0.9892
prescan,llama-id24,5120,13824,256,32,1024,1024,native,0.125,1.000,4480,56,17920,0,31.5859,1147.3,3.63,ok,0.9756
prescan,llama-id24,5120,13824,256,32,1024,2048,native,0.250,2.000,2240,28,8960,0,30.3908,1192.4,3.66,ok,1.0140
prescan,llama-id24,5120,13824,256,32,1024,4096,native,0.500,4.000,1280,16,5120,0,28.6846,1263.4,3.91,ok,1.0743
prescan,llama-id24,5120,13824,256,64,64,256,native,0.062,0.062,69120,216,69120,0,45.5700,795.2,4.00,ok,0.6762
prescan,llama-id24,5120,13824,256,64,64,512,native,0.125,0.125,34560,108,34560,0,43.8385,826.6,0.45,ok,0.7029
prescan,llama-id24,5120,13824,256,64,64,1024,native,0.250,0.250,17920,56,17920,0,49.5778,730.9,0.11,ok,0.6216
prescan,llama-id24,5120,13824,256,64,64,2048,native,0.500,0.500,8960,28,8960,0,47.8202,757.8,2.73,ok,0.6444
prescan,llama-id24,5120,13824,256,64,64,4096,native,1.000,1.000,5120,16,5120,0,45.5459,795.7,3.59,ok,0.6766
prescan,llama-id24,5120,13824,256,64,128,256,native,0.062,0.125,34560,216,69120,0,37.6929,961.4,3.39,ok,0.8175
prescan,llama-id24,5120,13824,256,64,128,512,native,0.125,0.250,17280,108,34560,0,35.0193,1034.8,3.21,ok,0.8800
prescan,llama-id24,5120,13824,256,64,128,1024,native,0.250,0.500,8960,56,17920,0,37.0780,977.4,0.65,ok,0.8311
prescan,llama-id24,5120,13824,256,64,128,2048,native,0.500,1.000,4480,28,8960,0,36.1637,1002.1,0.27,ok,0.8521
prescan,llama-id24,5120,13824,256,64,128,4096,native,1.000,2.000,2560,16,5120,0,34.1817,1060.2,0.11,ok,0.9015
prescan,llama-id24,5120,13824,256,64,256,256,native,0.062,0.250,17280,216,69120,0,34.3515,1054.9,0.10,ok,0.8971
prescan,llama-id24,5120,13824,256,64,256,512,native,0.125,0.500,8640,108,34560,0,31.2469,1159.8,4.02,ok,0.9862
prescan,llama-id24,5120,13824,256,64,256,1024,native,0.250,1.000,4480,56,17920,0,31.3754,1155.0,3.87,ok,0.9822
prescan,llama-id24,5120,13824,256,64,256,2048,native,0.500,2.000,2240,28,8960,0,30.3577,1193.7,2.95,ok,1.0151
prescan,llama-id24,5120,13824,256,64,256,4096,native,1.000,4.000,1280,16,5120,0,29.3049,1236.6,0.36,ok,1.0516
prescan,llama-id24,5120,13824,256,64,512,256,native,0.062,0.250,17280,216,69120,0,35.5358,1019.8,0.89,ok,0.8672
prescan,llama-id24,5120,13824,256,64,512,512,native,0.125,0.500,8640,108,34560,0,31.8496,1137.8,0.21,ok,0.9675
prescan,llama-id24,5120,13824,256,64,512,1024,native,0.250,1.000,4480,56,17920,0,31.9210,1135.3,0.08,ok,0.9654
prescan,llama-id24,5120,13824,256,64,512,2048,native,0.500,2.000,2240,28,8960,0,30.8076,1176.3,0.02,ok,1.0003
prescan,llama-id24,5120,13824,256,64,512,4096,native,1.000,4.000,1280,16,5120,0,29.2734,1237.9,0.14,ok,1.0527
prescan,llama-id24,5120,13824,256,64,1024,256,native,0.062,0.250,17280,216,69120,0,35.6942,1015.3,0.26,ok,0.8633
prescan,llama-id24,5120,13824,256,64,1024,512,native,0.125,0.500,8640,108,34560,0,31.8945,1136.2,0.16,ok,0.9662
prescan,llama-id24,5120,13824,256,64,1024,1024,native,0.250,1.000,4480,56,17920,0,31.9215,1135.2,0.22,ok,0.9654
prescan,llama-id24,5120,13824,256,64,1024,2048,native,0.500,2.000,2240,28,8960,0,30.8052,1176.4,0.03,ok,1.0003
prescan,llama-id24,5120,13824,256,64,1024,4096,native,1.000,4.000,1280,16,5120,0,29.4585,1230.2,1.43,ok,1.0461
prescan,llama-id24,5120,13824,256,128,64,256,native,0.125,0.062,69120,216,69120,0,46.8537,773.4,0.51,ok,0.6577
prescan,llama-id24,5120,13824,256,128,64,512,native,0.250,0.125,34560,108,34560,0,43.9697,824.2,7.16,ok,0.7008
prescan,llama-id24,5120,13824,256,128,64,1024,native,0.500,0.250,17920,56,17920,0,49.9445,725.6,0.17,ok,0.6170
prescan,llama-id24,5120,13824,256,128,64,2048,native,1.000,0.500,8960,28,8960,0,48.0570,754.1,0.11,ok,0.6412
prescan,llama-id24,5120,13824,256,128,64,4096,native,2.000,1.000,5120,16,5120,0,45.6786,793.3,0.25,ok,0.6746
prescan,llama-id24,5120,13824,256,128,128,256,native,0.125,0.125,34560,216,69120,0,38.0795,951.7,0.63,ok,0.8092
prescan,llama-id24,5120,13824,256,128,128,512,native,0.250,0.250,17280,108,34560,0,35.0407,1034.2,3.33,ok,0.8794
prescan,llama-id24,5120,13824,256,128,128,1024,native,0.500,0.500,8960,56,17920,0,37.6502,962.5,0.87,ok,0.8185
prescan,llama-id24,5120,13824,256,128,128,2048,native,1.000,1.000,4480,28,8960,0,35.9998,1006.6,0.15,ok,0.8560
prescan,llama-id24,5120,13824,256,128,128,4096,native,2.000,2.000,2560,16,5120,0,33.9144,1068.5,0.26,ok,0.9086
prescan,llama-id24,5120,13824,256,128,256,256,native,0.125,0.250,17280,216,69120,0,34.3775,1054.1,2.90,ok,0.8964
prescan,llama-id24,5120,13824,256,128,256,512,native,0.250,0.500,8640,108,34560,0,31.7656,1140.8,0.82,ok,0.9701
prescan,llama-id24,5120,13824,256,128,256,1024,native,0.500,1.000,4480,56,17920,0,32.0840,1129.5,0.00,ok,0.9605
prescan,llama-id24,5120,13824,256,128,256,2048,native,1.000,2.000,2240,28,8960,0,30.6934,1180.7,0.32,ok,1.0040
prescan,llama-id24,5120,13824,256,128,256,4096,native,2.000,4.000,1280,16,5120,0,29.2855,1237.4,0.08,ok,1.0523
prescan,llama-id24,5120,13824,256,128,512,256,native,0.125,0.250,17280,216,69120,0,35.3687,1024.6,0.09,ok,0.8713
prescan,llama-id24,5120,13824,256,128,512,512,native,0.250,0.500,8640,108,34560,0,31.9515,1134.2,0.69,ok,0.9645
prescan,llama-id24,5120,13824,256,128,512,1024,native,0.500,1.000,4480,56,17920,0,32.0949,1129.1,0.21,ok,0.9601
prescan,llama-id24,5120,13824,256,128,512,2048,native,1.000,2.000,2240,28,8960,0,30.7716,1177.7,0.04,ok,1.0014
prescan,llama-id24,5120,13824,256,128,512,4096,native,2.000,4.000,1280,16,5120,0,29.2671,1238.2,0.05,ok,1.0529
prescan,llama-id24,5120,13824,256,128,1024,256,native,0.125,0.250,17280,216,69120,0,35.3291,1025.7,0.00,ok,0.8722
prescan,llama-id24,5120,13824,256,128,1024,512,native,0.250,0.500,8640,108,34560,0,31.8433,1138.0,0.09,ok,0.9677
prescan,llama-id24,5120,13824,256,128,1024,1024,native,0.500,1.000,4480,56,17920,0,32.1097,1128.6,0.07,ok,0.9597
prescan,llama-id24,5120,13824,256,128,1024,2048,native,1.000,2.000,2240,28,8960,0,30.7680,1177.8,0.06,ok,1.0016
prescan,llama-id24,5120,13824,256,128,1024,4096,native,2.000,4.000,1280,16,5120,0,29.3053,1236.6,0.10,ok,1.0515
final,llama-id24,5120,13824,256,32,256,4096,native,0.500,4.000,1280,16,5120,5,29.8231,1215.1,0.22,ok,1.0356
final,llama-id24,5120,13824,256,32,1024,4096,native,0.500,4.000,1280,16,5120,5,29.7441,1218.4,0.59,ok,1.0384
final,llama-id24,5120,13824,256,32,512,4096,native,0.500,4.000,1280,16,5120,5,29.7940,1216.3,0.61,ok,1.0367
final,llama-id24,5120,13824,256,128,512,4096,native,2.000,4.000,1280,16,5120,5,29.7490,1218.1,1.02,ok,1.0382
final,llama-id24,5120,13824,256,64,512,4096,native,1.000,4.000,1280,16,5120,5,29.7448,1218.3,1.47,ok,1.0384
final,llama-id24,5120,13824,256,128,256,4096,native,2.000,4.000,1280,16,5120,5,29.6620,1221.7,1.49,ok,1.0413
final,llama-id24,5120,13824,256,64,256,4096,native,1.000,4.000,1280,16,5120,5,29.7118,1219.7,0.81,ok,1.0395
final,llama-id24,5120,13824,256,128,1024,4096,native,2.000,4.000,1280,16,5120,5,29.2975,1236.9,0.26,ok,1.0542
final,llama-id24,5120,13824,256,16,256,2048,native,0.125,2.000,2240,28,8960,4,30.8861,1173.3,0.87,ok,1.0000
