stage,tag,M,K,N,Mc,Nc,Kc,path,packA_MiB,packB_MiB,a_packs,b_packs,mk_calls,reps,ms,gflops,spread,correct,vs_ref
prescan,square,256,256,256,16,64,8192,native,0.016,0.062,64,4,64,0,0.0339,989.3,16.96,ok,0.6941
prescan,square,256,256,256,16,64,16384,native,0.016,0.062,64,4,64,0,0.0329,1019.4,11.64,ok,0.7152
prescan,square,256,256,256,16,128,8192,native,0.016,0.125,32,4,64,0,0.0282,1187.8,15.93,ok,0.8333
prescan,square,256,256,256,16,128,16384,native,0.016,0.125,32,4,64,0,0.0260,1289.5,0.16,ok,0.9047
prescan,square,256,256,256,16,256,8192,native,0.016,0.250,16,4,64,0,0.0287,1170.5,0.00,ok,0.8212
prescan,square,256,256,256,16,256,16384,native,0.016,0.250,16,4,64,0,0.0237,1415.3,1.41,ok,0.9930
prescan,square,256,256,256,16,512,8192,native,0.016,0.250,16,4,64,0,0.0262,1278.3,18.10,ok,0.8968
prescan,square,256,256,256,16,512,16384,native,0.016,0.250,16,4,64,0,0.0235,1425.3,0.00,ok,1.0000
prescan,square,256,256,256,16,1024,8192,native,0.016,0.250,16,4,64,0,0.0262,1282.3,19.74,ok,0.8997
prescan,square,256,256,256,16,1024,16384,native,0.016,0.250,16,4,64,0,0.0261,1285.9,19.56,ok,0.9022
prescan,square,256,256,256,16,2048,256,native,0.016,0.250,16,4,64,0,0.0287,1169.6,0.15,ok,0.8206
prescan,square,256,256,256,16,2048,512,native,0.016,0.250,16,4,64,0,0.0237,1414.1,1.58,ok,0.9921
prescan,square,256,256,256,16,2048,1024,native,0.016,0.250,16,4,64,0,0.0261,1284.4,19.77,ok,0.9011
prescan,square,256,256,256,16,2048,2048,native,0.016,0.250,16,4,64,0,0.0235,1425.3,0.00,ok,1.0000
prescan,square,256,256,256,16,2048,4096,native,0.016,0.250,16,4,64,0,0.0287,1167.9,0.14,ok,0.8194
prescan,square,256,256,256,16,2048,8192,native,0.016,0.250,16,4,64,0,0.0237,1415.3,1.40,ok,0.9930
prescan,square,256,256,256,16,2048,16384,native,0.016,0.250,16,4,64,0,0.0261,1284.4,19.78,ok,0.9011
prescan,square,256,256,256,16,4096,256,native,0.016,0.250,16,4,64,0,0.0263,1276.2,18.39,ok,0.8954
prescan,square,256,256,256,16,4096,512,native,0.016,0.250,16,4,64,0,0.0287,1167.9,0.14,ok,0.8194
prescan,square,256,256,256,16,4096,1024,native,0.016,0.250,16,4,64,0,0.0238,1410.4,2.11,ok,0.9895
prescan,square,256,256,256,16,4096,2048,native,0.016,0.250,16,4,64,0,0.0287,1168.8,0.00,ok,0.8200
prescan,square,256,256,256,16,4096,4096,native,0.016,0.250,16,4,64,0,0.0237,1415.3,1.40,ok,0.9930
prescan,square,256,256,256,16,4096,8192,native,0.016,0.250,16,4,64,0,0.0261,1284.4,19.78,ok,0.9011
prescan,square,256,256,256,16,4096,16384,native,0.016,0.250,16,4,64,0,0.0261,1284.4,19.78,ok,0.9011
prescan,square,256,256,256,32,64,8192,native,0.031,0.062,64,4,64,0,0.0336,998.5,15.50,ok,0.7006
prescan,square,256,256,256,32,64,16384,native,0.031,0.062,64,4,64,0,0.0361,928.3,0.11,ok,0.6513
prescan,square,256,256,256,32,128,8192,native,0.031,0.125,32,4,64,0,0.0286,1173.0,18.21,ok,0.8230
prescan,square,256,256,256,32,128,16384,native,0.031,0.125,32,4,64,0,0.0288,1166.2,16.94,ok,0.8182
prescan,square,256,256,256,32,256,8192,native,0.031,0.250,16,4,64,0,0.0261,1284.4,19.78,ok,0.9011
prescan,square,256,256,256,32,256,16384,native,0.031,0.250,16,4,64,0,0.0236,1424.1,0.17,ok,0.9991
prescan,square,256,256,256,32,512,8192,native,0.031,0.250,16,4,64,0,0.0287,1169.6,0.15,ok,0.8206
prescan,square,256,256,256,32,512,16384,native,0.031,0.250,16,4,64,0,0.0237,1416.5,1.58,ok,0.9938
prescan,square,256,256,256,32,1024,8192,native,0.031,0.250,16,4,64,0,0.0261,1284.4,19.78,ok,0.9011
prescan,square,256,256,256,32,1024,16384,native,0.031,0.250,16,4,64,0,0.0264,1273.2,17.86,ok,0.8933
prescan,square,256,256,256,32,2048,256,native,0.031,0.250,16,4,64,0,0.0287,1168.0,0.15,ok,0.8194
prescan,square,256,256,256,32,2048,512,native,0.031,0.250,16,4,64,0,0.0287,1167.1,0.00,ok,0.8188
prescan,square,256,256,256,32,2048,1024,native,0.031,0.250,16,4,64,0,0.0287,1168.0,0.15,ok,0.8194
prescan,square,256,256,256,32,2048,2048,native,0.031,0.250,16,4,64,0,0.0287,1167.9,0.14,ok,0.8194
prescan,square,256,256,256,32,2048,4096,native,0.031,0.250,16,4,64,0,0.0263,1275.2,18.53,ok,0.8947
prescan,square,256,256,256,32,2048,8192,native,0.031,0.250,16,4,64,0,0.0261,1287.5,19.35,ok,0.9033
prescan,square,256,256,256,32,2048,16384,native,0.031,0.250,16,4,64,0,0.0236,1424.0,0.18,ok,0.9991
prescan,square,256,256,256,32,4096,256,native,0.031,0.250,16,4,64,0,0.0261,1284.4,19.78,ok,0.9011
prescan,square,256,256,256,32,4096,512,native,0.031,0.250,16,4,64,0,0.0243,1383.7,5.84,ok,0.9708
prescan,square,256,256,256,32,4096,1024,native,0.031,0.250,16,4,64,0,0.0261,1284.4,19.78,ok,0.9011
prescan,square,256,256,256,32,4096,2048,native,0.031,0.250,16,4,64,0,0.0261,1283.4,19.60,ok,0.9004
prescan,square,256,256,256,32,4096,4096,native,0.031,0.250,16,4,64,0,0.0261,1285.4,19.63,ok,0.9018
prescan,square,256,256,256,32,4096,8192,native,0.031,0.250,16,4,64,0,0.0261,1285.4,19.63,ok,0.9018
prescan,square,256,256,256,32,4096,16384,native,0.031,0.250,16,4,64,0,0.0260,1288.5,19.20,ok,0.9040
prescan,square,256,256,256,64,64,8192,native,0.062,0.062,64,4,64,0,0.0362,926.7,0.00,ok,0.6502
prescan,square,256,256,256,64,64,16384,native,0.062,0.062,64,4,64,0,0.0362,926.2,0.11,ok,0.6498
prescan,square,256,256,256,64,128,8192,native,0.062,0.125,32,4,64,0,0.0312,1073.7,0.00,ok,0.7533
prescan,square,256,256,256,64,128,16384,native,0.062,0.125,32,4,64,0,0.0312,1073.7,0.00,ok,0.7533
prescan,square,256,256,256,64,256,8192,native,0.062,0.250,16,4,64,0,0.0287,1167.1,0.00,ok,0.8188
prescan,square,256,256,256,64,256,16384,native,0.062,0.250,16,4,64,0,0.0287,1167.1,0.00,ok,0.8188
prescan,square,256,256,256,64,512,8192,native,0.062,0.250,16,4,64,0,0.0287,1167.1,0.00,ok,0.8188
prescan,square,256,256,256,64,512,16384,native,0.062,0.250,16,4,64,0,0.0287,1167.1,0.00,ok,0.8188
prescan,square,256,256,256,64,1024,8192,native,0.062,0.250,16,4,64,0,0.0287,1167.1,0.00,ok,0.8188
prescan,square,256,256,256,64,1024,16384,native,0.062,0.250,16,4,64,0,0.0287,1167.1,0.00,ok,0.8188
prescan,square,256,256,256,64,2048,256,native,0.062,0.250,16,4,64,0,0.0287,1167.1,0.00,ok,0.8188
prescan,square,256,256,256,64,2048,512,native,0.062,0.250,16,4,64,0,0.0287,1167.1,0.00,ok,0.8188
prescan,square,256,256,256,64,2048,1024,native,0.062,0.250,16,4,64,0,0.0287,1167.1,0.00,ok,0.8188
prescan,square,256,256,256,64,2048,2048,native,0.062,0.250,16,4,64,0,0.0287,1167.1,0.00,ok,0.8188
prescan,square,256,256,256,64,2048,4096,native,0.062,0.250,16,4,64,0,0.0287,1167.1,0.00,ok,0.8188
prescan,square,256,256,256,64,2048,8192,native,0.062,0.250,16,4,64,0,0.0287,1167.1,0.00,ok,0.8188
prescan,square,256,256,256,64,2048,16384,native,0.062,0.250,16,4,64,0,0.0287,1167.1,0.00,ok,0.8188
prescan,square,256,256,256,64,4096,256,native,0.062,0.250,16,4,64,0,0.0287,1167.1,0.00,ok,0.8188
prescan,square,256,256,256,64,4096,512,native,0.062,0.250,16,4,64,0,0.0287,1167.1,0.00,ok,0.8188
prescan,square,256,256,256,64,4096,1024,native,0.062,0.250,16,4,64,0,0.0287,1167.1,0.00,ok,0.8188
prescan,square,256,256,256,64,4096,2048,native,0.062,0.250,16,4,64,0,0.0287,1167.1,0.00,ok,0.8188
prescan,square,256,256,256,64,4096,4096,native,0.062,0.250,16,4,64,0,0.0287,1167.1,0.00,ok,0.8188
prescan,square,256,256,256,64,4096,8192,native,0.062,0.250,16,4,64,0,0.0287,1167.1,0.00,ok,0.8188
prescan,square,256,256,256,64,4096,16384,native,0.062,0.250,16,4,64,0,0.0287,1167.1,0.00,ok,0.8188
prescan,square,256,256,256,128,64,8192,native,0.125,0.062,64,4,64,0,0.0362,926.7,0.00,ok,0.6502
prescan,square,256,256,256,128,64,16384,native,0.125,0.062,64,4,64,0,0.0362,926.7,0.00,ok,0.6502
prescan,square,256,256,256,128,128,8192,native,0.125,0.125,32,4,64,0,0.0312,1073.7,0.00,ok,0.7533
prescan,square,256,256,256,128,128,16384,native,0.125,0.125,32,4,64,0,0.0312,1073.7,0.00,ok,0.7533
prescan,square,256,256,256,128,256,8192,native,0.125,0.250,16,4,64,0,0.0287,1167.1,0.00,ok,0.8188
prescan,square,256,256,256,128,256,16384,native,0.125,0.250,16,4,64,0,0.0287,1167.1,0.00,ok,0.8188
prescan,square,256,256,256,128,512,8192,native,0.125,0.250,16,4,64,0,0.0287,1167.1,0.00,ok,0.8188
prescan,square,256,256,256,128,512,16384,native,0.125,0.250,16,4,64,0,0.0287,1167.1,0.00,ok,0.8188
prescan,square,256,256,256,128,1024,8192,native,0.125,0.250,16,4,64,0,0.0287,1167.1,0.00,ok,0.8188
prescan,square,256,256,256,128,1024,16384,native,0.125,0.250,16,4,64,0,0.0287,1167.1,0.00,ok,0.8188
prescan,square,256,256,256,128,2048,256,native,0.125,0.250,16,4,64,0,0.0287,1167.1,0.00,ok,0.8188
prescan,square,256,256,256,128,2048,512,native,0.125,0.250,16,4,64,0,0.0287,1167.1,0.00,ok,0.8188
prescan,square,256,256,256,128,2048,1024,native,0.125,0.250,16,4,64,0,0.0287,1167.1,0.00,ok,0.8188
prescan,square,256,256,256,128,2048,2048,native,0.125,0.250,16,4,64,0,0.0287,1167.1,0.00,ok,0.8188
prescan,square,256,256,256,128,2048,4096,native,0.125,0.250,16,4,64,0,0.0287,1167.1,0.00,ok,0.8188
prescan,square,256,256,256,128,2048,8192,native,0.125,0.250,16,4,64,0,0.0287,1167.1,0.00,ok,0.8188
prescan,square,256,256,256,128,2048,16384,native,0.125,0.250,16,4,64,0,0.0287,1167.1,0.00,ok,0.8188
prescan,square,256,256,256,128,4096,256,native,0.125,0.250,16,4,64,0,0.0287,1167.1,0.00,ok,0.8188
prescan,square,256,256,256,128,4096,512,native,0.125,0.250,16,4,64,0,0.0287,1167.1,0.00,ok,0.8188
prescan,square,256,256,256,128,4096,1024,native,0.125,0.250,16,4,64,0,0.0287,1167.1,0.00,ok,0.8188
prescan,square,256,256,256,128,4096,2048,native,0.125,0.250,16,4,64,0,0.0287,1167.1,0.00,ok,0.8188
prescan,square,256,256,256,128,4096,4096,native,0.125,0.250,16,4,64,0,0.0287,1167.1,0.00,ok,0.8188
prescan,square,256,256,256,128,4096,8192,native,0.125,0.250,16,4,64,0,0.0287,1167.1,0.00,ok,0.8188
prescan,square,256,256,256,128,4096,16384,native,0.125,0.250,16,4,64,0,0.0287,1167.1,0.00,ok,0.8188
prescan,square,256,256,256,16,256,2048,native,0.016,0.250,16,4,64,0,0.0235,1425.3,0.00,ok,1.0000
final,square,256,256,256,16,256,2048,native,0.016,0.250,16,4,64,5000,0.0287,1167.1,18.11,ok,1.0000
final,square,256,256,256,16,512,16384,native,0.016,0.250,16,4,64,4780,0.0287,1167.1,0.15,ok,1.0000
final,square,256,256,256,16,2048,2048,native,0.016,0.250,16,4,64,5000,0.0287,1167.1,0.14,ok,1.0000
final,square,256,256,256,32,256,16384,native,0.031,0.250,16,4,64,5000,0.0287,1167.1,0.14,ok,1.0000
final,square,256,256,256,32,2048,16384,native,0.031,0.250,16,4,64,5000,0.0287,1167.1,0.14,ok,1.0000
final,square,256,256,256,32,512,16384,native,0.031,0.250,16,4,64,5000,0.0287,1167.1,0.29,ok,1.0000
final,square,256,256,256,16,256,16384,native,0.016,0.250,16,4,64,5000,0.0287,1167.1,18.11,ok,1.0000
final,square,256,256,256,16,4096,4096,native,0.016,0.250,16,4,64,5000,0.0287,1168.8,18.14,ok,1.0014
final,square,256,256,256,16,2048,8192,native,0.016,0.250,16,4,64,5000,0.0287,1167.1,0.14,ok,1.0000
final,square,256,256,256,16,2048,512,native,0.016,0.250,16,4,64,5000,0.0287,1167.1,18.11,ok,1.0000
final,square,256,256,256,16,4096,1024,native,0.016,0.250,16,4,64,5000,0.0287,1167.1,18.11,ok,1.0000
prescan,square,512,512,512,16,64,8192,native,0.031,0.125,256,8,256,0,0.2379,1128.4,0.83,ok,0.7475
prescan,square,512,512,512,16,64,16384,native,0.031,0.125,256,8,256,0,0.2374,1130.6,0.61,ok,0.7489
prescan,square,512,512,512,16,128,8192,native,0.031,0.250,128,8,256,0,0.1979,1356.7,0.82,ok,0.8988
prescan,square,512,512,512,16,128,16384,native,0.031,0.250,128,8,256,0,0.1981,1354.9,1.09,ok,0.8975
prescan,square,512,512,512,16,256,8192,native,0.031,0.500,64,8,256,0,0.1773,1513.7,0.00,ok,1.0028
prescan,square,512,512,512,16,256,16384,native,0.031,0.500,64,8,256,0,0.1773,1513.9,0.02,ok,1.0029
prescan,square,512,512,512,16,512,8192,native,0.031,1.000,32,8,256,0,0.1675,1603.0,0.05,ok,1.0619
prescan,square,512,512,512,16,512,16384,native,0.031,1.000,32,8,256,0,0.1674,1603.2,0.02,ok,1.0620
prescan,square,512,512,512,16,1024,8192,native,0.031,1.000,32,8,256,0,0.1677,1601.0,0.30,ok,1.0606
prescan,square,512,512,512,16,1024,16384,native,0.031,1.000,32,8,256,0,0.1678,1599.6,0.47,ok,1.0597
prescan,square,512,512,512,16,2048,256,native,0.016,0.500,64,16,512,0,0.1775,1512.7,1.88,ok,1.0021
prescan,square,512,512,512,16,2048,512,native,0.031,1.000,32,8,256,0,0.1675,1602.6,0.60,ok,1.0616
prescan,square,512,512,512,16,2048,1024,native,0.031,1.000,32,8,256,0,0.1680,1597.6,0.47,ok,1.0583
prescan,square,512,512,512,16,2048,2048,native,0.031,1.000,32,8,256,0,0.1680,1597.4,0.32,ok,1.0582
prescan,square,512,512,512,16,2048,4096,native,0.031,1.000,32,8,256,0,0.1682,1595.9,0.25,ok,1.0572
prescan,square,512,512,512,16,2048,8192,native,0.031,1.000,32,8,256,0,0.1686,1592.5,0.12,ok,1.0549
prescan,square,512,512,512,16,2048,16384,native,0.031,1.000,32,8,256,0,0.1680,1597.8,0.10,ok,1.0585
prescan,square,512,512,512,16,4096,256,native,0.016,0.500,64,16,512,0,0.1790,1499.8,1.09,ok,0.9935
prescan,square,512,512,512,16,4096,512,native,0.031,1.000,32,8,256,0,0.1668,1609.2,0.42,ok,1.0660
prescan,square,512,512,512,16,4096,1024,native,0.031,1.000,32,8,256,0,0.1672,1605.6,0.07,ok,1.0636
prescan,square,512,512,512,16,4096,2048,native,0.031,1.000,32,8,256,0,0.1676,1601.8,0.20,ok,1.0611
prescan,square,512,512,512,16,4096,4096,native,0.031,1.000,32,8,256,0,0.1688,1590.5,1.60,ok,1.0536
prescan,square,512,512,512,16,4096,8192,native,0.031,1.000,32,8,256,0,0.1687,1591.2,1.52,ok,1.0541
prescan,square,512,512,512,16,4096,16384,native,0.031,1.000,32,8,256,0,0.1685,1593.3,1.31,ok,1.0555
prescan,square,512,512,512,32,64,8192,native,0.062,0.125,256,8,256,0,0.2367,1133.9,0.05,ok,0.7512
prescan,square,512,512,512,32,64,16384,native,0.062,0.125,256,8,256,0,0.2385,1125.7,1.50,ok,0.7457
prescan,square,512,512,512,32,128,8192,native,0.062,0.250,128,8,256,0,0.1986,1351.8,1.59,ok,0.8955
prescan,square,512,512,512,32,128,16384,native,0.062,0.250,128,8,256,0,0.1980,1355.4,1.05,ok,0.8979
prescan,square,512,512,512,32,256,8192,native,0.062,0.500,64,8,256,0,0.1782,1506.2,1.13,ok,0.9978
prescan,square,512,512,512,32,256,16384,native,0.062,0.500,64,8,256,0,0.1773,1513.7,0.14,ok,1.0028
prescan,square,512,512,512,32,512,8192,native,0.062,1.000,32,8,256,0,0.1678,1599.8,0.55,ok,1.0598
prescan,square,512,512,512,32,512,16384,native,0.062,1.000,32,8,256,0,0.1679,1599.0,0.65,ok,1.0593
prescan,square,512,512,512,32,1024,8192,native,0.062,1.000,32,8,256,0,0.1677,1600.4,0.52,ok,1.0602
prescan,square,512,512,512,32,1024,16384,native,0.062,1.000,32,8,256,0,0.1678,1599.4,0.65,ok,1.0595
prescan,square,512,512,512,32,2048,256,native,0.031,0.500,64,16,512,0,0.1775,1512.5,2.28,ok,1.0019
prescan,square,512,512,512,32,2048,512,native,0.062,1.000,32,8,256,0,0.1674,1603.8,0.25,ok,1.0624
prescan,square,512,512,512,32,2048,1024,native,0.062,1.000,32,8,256,0,0.1677,1601.1,0.53,ok,1.0606
prescan,square,512,512,512,32,2048,2048,native,0.062,1.000,32,8,256,0,0.1676,1601.2,0.52,ok,1.0607
prescan,square,512,512,512,32,2048,4096,native,0.062,1.000,32,8,256,0,0.1677,1600.8,0.57,ok,1.0604
prescan,square,512,512,512,32,2048,8192,native,0.062,1.000,32,8,256,0,0.1683,1594.6,1.25,ok,1.0563
prescan,square,512,512,512,32,2048,16384,native,0.062,1.000,32,8,256,0,0.1676,1601.4,0.40,ok,1.0608
prescan,square,512,512,512,32,4096,256,native,0.031,0.500,64,16,512,0,0.1776,1511.6,2.25,ok,1.0014
prescan,square,512,512,512,32,4096,512,native,0.062,1.000,32,8,256,0,0.1672,1605.0,0.10,ok,1.0632
prescan,square,512,512,512,32,4096,1024,native,0.062,1.000,32,8,256,0,0.1673,1604.8,0.07,ok,1.0631
prescan,square,512,512,512,32,4096,2048,native,0.062,1.000,32,8,256,0,0.1674,1603.8,0.20,ok,1.0624
prescan,square,512,512,512,32,4096,4096,native,0.062,1.000,32,8,256,0,0.1683,1594.7,1.34,ok,1.0564
prescan,square,512,512,512,32,4096,8192,native,0.062,1.000,32,8,256,0,0.1677,1601.0,0.50,ok,1.0606
prescan,square,512,512,512,32,4096,16384,native,0.062,1.000,32,8,256,0,0.1677,1601.0,0.45,ok,1.0606
prescan,square,512,512,512,64,64,8192,native,0.125,0.125,256,8,256,0,0.2376,1130.0,0.78,ok,0.7486
prescan,square,512,512,512,64,64,16384,native,0.125,0.125,256,8,256,0,0.2369,1133.3,0.16,ok,0.7508
prescan,square,512,512,512,64,128,8192,native,0.125,0.250,128,8,256,0,0.1970,1362.5,0.02,ok,0.9026
prescan,square,512,512,512,64,128,16384,native,0.125,0.250,128,8,256,0,0.1970,1362.5,0.02,ok,0.9026
prescan,square,512,512,512,64,256,8192,native,0.125,0.500,64,8,256,0,0.1772,1514.6,0.02,ok,1.0034
prescan,square,512,512,512,64,256,16384,native,0.125,0.500,64,8,256,0,0.1773,1513.7,0.00,ok,1.0028
prescan,square,512,512,512,64,512,8192,native,0.125,1.000,32,8,256,0,0.1673,1604.6,0.00,ok,1.0630
prescan,square,512,512,512,64,512,16384,native,0.125,1.000,32,8,256,0,0.1673,1604.6,0.00,ok,1.0629
prescan,square,512,512,512,64,1024,8192,native,0.125,1.000,32,8,256,0,0.1673,1604.8,0.03,ok,1.0631
prescan,square,512,512,512,64,1024,16384,native,0.125,1.000,32,8,256,0,0.1673,1604.8,0.03,ok,1.0631
prescan,square,512,512,512,64,2048,256,native,0.062,0.500,64,16,512,0,0.1807,1485.2,0.13,ok,0.9839
prescan,square,512,512,512,64,2048,512,native,0.125,1.000,32,8,256,0,0.1676,1602.0,0.42,ok,1.0612
prescan,square,512,512,512,64,2048,1024,native,0.125,1.000,32,8,256,0,0.1673,1604.8,0.07,ok,1.0631
prescan,square,512,512,512,64,2048,2048,native,0.125,1.000,32,8,256,0,0.1673,1605.0,0.05,ok,1.0632
prescan,square,512,512,512,64,2048,4096,native,0.125,1.000,32,8,256,0,0.1673,1604.8,0.07,ok,1.0631
prescan,square,512,512,512,64,2048,8192,native,0.125,1.000,32,8,256,0,0.1673,1605.0,0.05,ok,1.0632
prescan,square,512,512,512,64,2048,16384,native,0.125,1.000,32,8,256,0,0.1673,1605.0,0.05,ok,1.0632
prescan,square,512,512,512,64,4096,256,native,0.062,0.500,64,16,512,0,0.1806,1486.1,0.00,ok,0.9845
prescan,square,512,512,512,64,4096,512,native,0.125,1.000,32,8,256,0,0.1673,1604.4,0.12,ok,1.0628
prescan,square,512,512,512,64,4096,1024,native,0.125,1.000,32,8,256,0,0.1673,1604.8,0.07,ok,1.0631
prescan,square,512,512,512,64,4096,2048,native,0.125,1.000,32,8,256,0,0.1673,1604.4,0.12,ok,1.0628
prescan,square,512,512,512,64,4096,4096,native,0.125,1.000,32,8,256,0,0.1674,1603.6,0.22,ok,1.0623
prescan,square,512,512,512,64,4096,8192,native,0.125,1.000,32,8,256,0,0.1674,1603.2,0.22,ok,1.0620
prescan,square,512,512,512,64,4096,16384,native,0.125,1.000,32,8,256,0,0.1677,1601.1,0.48,ok,1.0606
prescan,square,512,512,512,128,64,8192,native,0.250,0.125,256,8,256,0,0.2374,1130.7,0.68,ok,0.7491
prescan,square,512,512,512,128,64,16384,native,0.250,0.125,256,8,256,0,0.2370,1132.7,0.30,ok,0.7504
prescan,square,512,512,512,128,128,8192,native,0.250,0.250,128,8,256,0,0.1976,1358.5,0.61,ok,0.8999
prescan,square,512,512,512,128,128,16384,native,0.250,0.250,128,8,256,0,0.1976,1358.7,0.57,ok,0.9001
prescan,square,512,512,512,128,256,8192,native,0.250,0.500,64,8,256,0,0.1774,1512.8,0.21,ok,1.0022
prescan,square,512,512,512,128,256,16384,native,0.250,0.500,64,8,256,0,0.1777,1510.7,0.40,ok,1.0008
prescan,square,512,512,512,128,512,8192,native,0.250,1.000,32,8,256,0,0.1675,1602.8,0.22,ok,1.0618
prescan,square,512,512,512,128,512,16384,native,0.250,1.000,32,8,256,0,0.1674,1603.4,0.05,ok,1.0622
prescan,square,512,512,512,128,1024,8192,native,0.250,1.000,32,8,256,0,0.1675,1603.0,0.15,ok,1.0619
prescan,square,512,512,512,128,1024,16384,native,0.250,1.000,32,8,256,0,0.1678,1599.7,0.56,ok,1.0597
prescan,square,512,512,512,128,2048,256,native,0.125,0.500,64,16,512,0,0.1817,1477.5,0.07,ok,0.9787
prescan,square,512,512,512,128,2048,512,native,0.250,1.000,32,8,256,0,0.1675,1602.5,0.31,ok,1.0616
prescan,square,512,512,512,128,2048,1024,native,0.250,1.000,32,8,256,0,0.1678,1599.3,0.61,ok,1.0595
prescan,square,512,512,512,128,2048,2048,native,0.250,1.000,32,8,256,0,0.1674,1603.6,0.08,ok,1.0623
prescan,square,512,512,512,128,2048,4096,native,0.250,1.000,32,8,256,0,0.1673,1604.4,0.02,ok,1.0628
prescan,square,512,512,512,128,2048,8192,native,0.250,1.000,32,8,256,0,0.1674,1603.2,0.17,ok,1.0620
prescan,square,512,512,512,128,2048,16384,native,0.250,1.000,32,8,256,0,0.1676,1602.0,0.32,ok,1.0612
prescan,square,512,512,512,128,4096,256,native,0.125,0.500,64,16,512,0,0.1812,1481.2,0.62,ok,0.9812
prescan,square,512,512,512,128,4096,512,native,0.250,1.000,32,8,256,0,0.1676,1601.3,0.41,ok,1.0608
prescan,square,512,512,512,128,4096,1024,native,0.250,1.000,32,8,256,0,0.1681,1596.8,0.97,ok,1.0578
prescan,square,512,512,512,128,4096,2048,native,0.250,1.000,32,8,256,0,0.1678,1599.3,0.66,ok,1.0595
prescan,square,512,512,512,128,4096,4096,native,0.250,1.000,32,8,256,0,0.1677,1600.8,0.47,ok,1.0604
prescan,square,512,512,512,128,4096,8192,native,0.250,1.000,32,8,256,0,0.1678,1600.1,0.56,ok,1.0600
prescan,square,512,512,512,128,4096,16384,native,0.250,1.000,32,8,256,0,0.1677,1600.4,0.52,ok,1.0602
prescan,square,512,512,512,16,256,2048,native,0.031,0.500,64,8,256,0,0.1778,1509.6,0.50,ok,1.0000
final,square,512,512,512,16,4096,512,native,0.031,1.000,32,8,256,859,0.1740,1542.7,5.68,ok,1.0345
final,square,512,512,512,16,4096,1024,native,0.031,1.000,32,8,256,895,0.1681,1597.0,0.54,ok,1.0709
final,square,512,512,512,32,4096,512,native,0.062,1.000,32,8,256,893,0.1683,1595.1,1.56,ok,1.0696
final,square,512,512,512,64,2048,2048,native,0.125,1.000,32,8,256,824,0.1684,1594.3,1.26,ok,1.0690
final,square,512,512,512,64,2048,8192,native,0.125,1.000,32,8,256,895,0.1673,1604.2,1.47,ok,1.0757
final,square,512,512,512,64,2048,16384,native,0.125,1.000,32,8,256,894,0.1682,1595.5,1.76,ok,1.0698
final,square,512,512,512,32,4096,1024,native,0.062,1.000,32,8,256,860,0.1698,1581.0,2.44,ok,1.0601
final,square,512,512,512,64,2048,4096,native,0.125,1.000,32,8,256,881,0.1691,1587.6,4.41,ok,1.0646
final,square,512,512,512,64,2048,1024,native,0.125,1.000,32,8,256,831,0.1698,1581.0,1.99,ok,1.0601
final,square,512,512,512,64,1024,8192,native,0.125,1.000,32,8,256,899,0.1676,1601.8,1.87,ok,1.0741
final,square,512,512,512,64,1024,16384,native,0.125,1.000,32,8,256,908,0.1735,1546.8,2.35,ok,1.0372
final,square,512,512,512,64,4096,1024,native,0.125,1.000,32,8,256,905,0.1742,1541.3,0.38,ok,1.0335
final,square,512,512,512,64,512,8192,native,0.125,1.000,32,8,256,828,0.1697,1581.4,4.10,ok,1.0604
final,square,512,512,512,64,512,16384,native,0.125,1.000,32,8,256,895,0.1685,1593.1,3.93,ok,1.0682
final,square,512,512,512,64,4096,512,native,0.125,1.000,32,8,256,779,0.1682,1595.5,3.99,ok,1.0698
final,square,512,512,512,128,2048,4096,native,0.250,1.000,32,8,256,856,0.1707,1572.9,2.15,ok,1.0547
final,square,512,512,512,64,4096,2048,native,0.125,1.000,32,8,256,896,0.1742,1540.9,2.32,ok,1.0332
final,square,512,512,512,32,4096,2048,native,0.062,1.000,32,8,256,866,0.1696,1582.3,2.70,ok,1.0610
final,square,512,512,512,32,2048,512,native,0.062,1.000,32,8,256,892,0.1742,1540.9,2.98,ok,1.0332
final,square,512,512,512,64,4096,4096,native,0.125,1.000,32,8,256,888,0.1741,1541.6,4.68,ok,1.0337
final,square,512,512,512,128,2048,2048,native,0.250,1.000,32,8,256,860,0.1677,1601.0,4.11,ok,1.0736
final,square,512,512,512,128,512,16384,native,0.250,1.000,32,8,256,861,0.1697,1581.7,3.93,ok,1.0606
final,square,512,512,512,16,512,16384,native,0.031,1.000,32,8,256,859,0.1742,1541.3,4.16,ok,1.0335
final,square,512,512,512,64,4096,8192,native,0.125,1.000,32,8,256,885,0.1741,1541.6,2.51,ok,1.0337
final,square,512,512,512,128,2048,8192,native,0.250,1.000,32,8,256,908,0.1697,1581.4,4.11,ok,1.0604
final,square,512,512,512,16,512,8192,native,0.031,1.000,32,8,256,894,0.1678,1599.4,1.48,ok,1.0725
final,square,512,512,512,128,1024,8192,native,0.250,1.000,32,8,256,861,0.1800,1491.0,5.97,ok,0.9998
final,square,512,512,512,128,512,8192,native,0.250,1.000,32,8,256,829,0.1743,1540.1,6.00,ok,1.0327
final,square,512,512,512,16,2048,512,native,0.031,1.000,32,8,256,858,0.1746,1537.2,0.94,ok,1.0308
final,square,512,512,512,128,2048,512,native,0.250,1.000,32,8,256,830,0.1745,1538.1,3.63,ok,1.0314
final,square,512,512,512,64,2048,512,native,0.125,1.000,32,8,256,792,0.1688,1590.5,7.16,ok,1.0665
final,square,512,512,512,128,2048,16384,native,0.250,1.000,32,8,256,895,0.1805,1487.2,6.56,ok,0.9972
final,square,512,512,512,16,4096,2048,native,0.031,1.000,32,8,256,858,0.1805,1486.8,0.15,ok,0.9970
final,square,512,512,512,32,2048,16384,native,0.062,1.000,32,8,256,826,0.1745,1538.1,3.44,ok,1.0314
final,square,512,512,512,128,4096,512,native,0.250,1.000,32,8,256,899,0.1742,1540.5,3.97,ok,1.0330
final,square,512,512,512,32,2048,2048,native,0.062,1.000,32,8,256,898,0.1728,1553.5,4.32,ok,1.0417
final,square,512,512,512,32,2048,1024,native,0.062,1.000,32,8,256,895,0.1709,1570.6,4.10,ok,1.0531
final,square,512,512,512,64,4096,16384,native,0.125,1.000,32,8,256,894,0.1704,1575.2,2.80,ok,1.0562
final,square,512,512,512,32,4096,8192,native,0.062,1.000,32,8,256,859,0.1742,1540.5,3.75,ok,1.0330
final,square,512,512,512,16,1024,8192,native,0.031,1.000,32,8,256,895,0.1745,1538.7,3.44,ok,1.0318
final,square,512,512,512,32,4096,16384,native,0.062,1.000,32,8,256,836,0.1742,1541.3,2.52,ok,1.0335
final,square,512,512,512,32,2048,4096,native,0.062,1.000,32,8,256,792,0.1742,1540.5,3.66,ok,1.0330
final,square,512,512,512,128,4096,4096,native,0.250,1.000,32,8,256,856,0.1742,1541.3,4.27,ok,1.0335
final,square,512,512,512,128,4096,16384,native,0.250,1.000,32,8,256,829,0.1742,1541.3,6.87,ok,1.0335
final,square,512,512,512,32,1024,8192,native,0.062,1.000,32,8,256,860,0.1742,1540.9,0.05,ok,1.0332
final,square,512,512,512,128,4096,8192,native,0.250,1.000,32,8,256,900,0.1742,1540.9,6.04,ok,1.0332
final,square,512,512,512,32,512,8192,native,0.062,1.000,32,8,256,859,0.1741,1541.6,4.52,ok,1.0337
final,square,512,512,512,128,1024,16384,native,0.250,1.000,32,8,256,834,0.1742,1540.5,3.61,ok,1.0330
final,square,512,512,512,16,1024,16384,native,0.031,1.000,32,8,256,828,0.1742,1540.9,5.85,ok,1.0332
final,square,512,512,512,32,1024,16384,native,0.062,1.000,32,8,256,797,0.1741,1541.6,3.95,ok,1.0337
final,square,512,512,512,128,4096,2048,native,0.250,1.000,32,8,256,893,0.1772,1514.4,3.64,ok,1.0155
final,square,512,512,512,128,2048,1024,native,0.250,1.000,32,8,256,829,0.1789,1500.3,3.49,ok,1.0061
final,square,512,512,512,32,512,16384,native,0.062,1.000,32,8,256,827,0.1789,1500.7,3.45,ok,1.0063
final,square,512,512,512,16,2048,16384,native,0.031,1.000,32,8,256,863,0.1743,1540.1,3.68,ok,1.0327
final,square,512,512,512,16,2048,1024,native,0.031,1.000,32,8,256,893,0.1757,1528.1,3.63,ok,1.0247
final,square,512,512,512,16,2048,2048,native,0.031,1.000,32,8,256,829,0.1805,1486.8,1.87,ok,0.9970
final,square,512,512,512,128,4096,1024,native,0.250,1.000,32,8,256,827,0.1801,1490.3,3.45,ok,0.9993
final,square,512,512,512,16,2048,4096,native,0.031,1.000,32,8,256,828,0.1800,1491.7,3.43,ok,1.0002
final,square,512,512,512,32,4096,4096,native,0.062,1.000,32,8,256,894,0.1742,1541.3,3.64,ok,1.0335
final,square,512,512,512,32,2048,8192,native,0.062,1.000,32,8,256,893,0.1737,1545.3,0.36,ok,1.0362
final,square,512,512,512,16,4096,16384,native,0.031,1.000,32,8,256,828,0.1743,1540.1,3.99,ok,1.0327
final,square,512,512,512,16,2048,8192,native,0.031,1.000,32,8,256,795,0.1805,1487.2,8.03,ok,0.9972
final,square,512,512,512,16,4096,8192,native,0.031,1.000,32,8,256,815,0.1741,1542.0,2.15,ok,1.0340
final,square,512,512,512,16,4096,4096,native,0.031,1.000,32,8,256,859,0.1741,1541.6,3.92,ok,1.0337
final,square,512,512,512,16,256,2048,native,0.031,0.500,64,8,256,825,0.1800,1491.3,1.60,ok,1.0000
prescan,square,1024,1024,1024,16,64,8192,native,0.062,0.250,1024,16,1024,0,1.7852,1202.9,0.47,ok,0.7805
prescan,square,1024,1024,1024,16,64,16384,native,0.062,0.250,1024,16,1024,0,1.7805,1206.1,0.02,ok,0.7826
prescan,square,1024,1024,1024,16,128,8192,native,0.062,0.500,512,16,1024,0,1.4685,1462.4,0.39,ok,0.9489
prescan,square,1024,1024,1024,16,128,16384,native,0.062,0.500,512,16,1024,0,1.4763,1454.7,0.69,ok,0.9439
prescan,square,1024,1024,1024,16,256,8192,native,0.062,1.000,256,16,1024,0,1.3964,1537.9,3.90,ok,0.9979
prescan,square,1024,1024,1024,16,256,16384,native,0.062,1.000,256,16,1024,0,1.3900,1545.0,4.20,ok,1.0025
prescan,square,1024,1024,1024,16,512,8192,native,0.062,2.000,128,16,1024,0,1.3285,1616.5,2.62,ok,1.0489
prescan,square,1024,1024,1024,16,512,16384,native,0.062,2.000,128,16,1024,0,1.3279,1617.1,3.65,ok,1.0493
prescan,square,1024,1024,1024,16,1024,8192,native,0.062,4.000,64,16,1024,0,1.3137,1634.7,1.85,ok,1.0607
prescan,square,1024,1024,1024,16,1024,16384,native,0.062,4.000,64,16,1024,0,1.2962,1656.7,4.05,ok,1.0750
prescan,square,1024,1024,1024,16,2048,256,native,0.016,1.000,256,64,4096,0,1.4914,1439.9,0.95,ok,0.9343
prescan,square,1024,1024,1024,16,2048,512,native,0.031,2.000,128,32,2048,0,1.3590,1580.2,6.59,ok,1.0253
prescan,square,1024,1024,1024,16,2048,1024,native,0.062,4.000,64,16,1024,0,1.2995,1652.6,3.77,ok,1.0723
prescan,square,1024,1024,1024,16,2048,2048,native,0.062,4.000,64,16,1024,0,1.2964,1656.5,3.17,ok,1.0748
prescan,square,1024,1024,1024,16,2048,4096,native,0.062,4.000,64,16,1024,0,1.2790,1679.0,4.53,ok,1.0894
prescan,square,1024,1024,1024,16,2048,8192,native,0.062,4.000,64,16,1024,0,1.3248,1621.0,4.58,ok,1.0518
prescan,square,1024,1024,1024,16,2048,16384,native,0.062,4.000,64,16,1024,0,1.3132,1635.3,3.60,ok,1.0611
prescan,square,1024,1024,1024,16,4096,256,native,0.016,1.000,256,64,4096,0,1.4546,1476.4,2.47,ok,0.9580
prescan,square,1024,1024,1024,16,4096,512,native,0.031,2.000,128,32,2048,0,1.3611,1577.7,2.42,ok,1.0237
prescan,square,1024,1024,1024,16,4096,1024,native,0.062,4.000,64,16,1024,0,1.2723,1687.9,0.02,ok,1.0952
prescan,square,1024,1024,1024,16,4096,2048,native,0.062,4.000,64,16,1024,0,1.2735,1686.3,2.24,ok,1.0942
prescan,square,1024,1024,1024,16,4096,4096,native,0.062,4.000,64,16,1024,0,1.2776,1680.9,1.16,ok,1.0907
prescan,square,1024,1024,1024,16,4096,8192,native,0.062,4.000,64,16,1024,0,1.2909,1663.6,0.26,ok,1.0794
prescan,square,1024,1024,1024,16,4096,16384,native,0.062,4.000,64,16,1024,0,1.2724,1687.7,1.00,ok,1.0951
prescan,square,1024,1024,1024,32,64,8192,native,0.125,0.250,1024,16,1024,0,1.7831,1204.4,0.02,ok,0.7815
prescan,square,1024,1024,1024,32,64,16384,native,0.125,0.250,1024,16,1024,0,1.7829,1204.5,0.26,ok,0.7815
prescan,square,1024,1024,1024,32,128,8192,native,0.125,0.500,512,16,1024,0,1.4654,1465.4,0.04,ok,0.9509
prescan,square,1024,1024,1024,32,128,16384,native,0.125,0.500,512,16,1024,0,1.4732,1457.7,0.96,ok,0.9458
prescan,square,1024,1024,1024,32,256,8192,native,0.125,1.000,256,16,1024,0,1.3931,1541.5,3.57,ok,1.0002
prescan,square,1024,1024,1024,32,256,16384,native,0.125,1.000,256,16,1024,0,1.3830,1552.8,5.07,ok,1.0075
prescan,square,1024,1024,1024,32,512,8192,native,0.125,2.000,128,16,1024,0,1.3855,1549.9,3.23,ok,1.0057
prescan,square,1024,1024,1024,32,512,16384,native,0.125,2.000,128,16,1024,0,1.3402,1602.4,0.15,ok,1.0397
prescan,square,1024,1024,1024,32,1024,8192,native,0.125,4.000,64,16,1024,0,1.3050,1645.5,0.15,ok,1.0677
prescan,square,1024,1024,1024,32,1024,16384,native,0.125,4.000,64,16,1024,0,1.2871,1668.5,1.13,ok,1.0826
prescan,square,1024,1024,1024,32,2048,256,native,0.031,1.000,256,64,4096,0,1.4400,1491.4,2.27,ok,0.9677
prescan,square,1024,1024,1024,32,2048,512,native,0.062,2.000,128,32,2048,0,1.3529,1587.4,1.64,ok,1.0300
prescan,square,1024,1024,1024,32,2048,1024,native,0.125,4.000,64,16,1024,0,1.3134,1635.0,1.65,ok,1.0609
prescan,square,1024,1024,1024,32,2048,2048,native,0.125,4.000,64,16,1024,0,1.3350,1608.6,3.68,ok,1.0438
prescan,square,1024,1024,1024,32,2048,4096,native,0.125,4.000,64,16,1024,0,1.3175,1630.0,6.62,ok,1.0577
prescan,square,1024,1024,1024,32,2048,8192,native,0.125,4.000,64,16,1024,0,1.2976,1655.0,3.56,ok,1.0738
prescan,square,1024,1024,1024,32,2048,16384,native,0.125,4.000,64,16,1024,0,1.3043,1646.4,3.02,ok,1.0683
prescan,square,1024,1024,1024,32,4096,256,native,0.031,1.000,256,64,4096,0,1.4648,1466.0,4.51,ok,0.9513
prescan,square,1024,1024,1024,32,4096,512,native,0.062,2.000,128,32,2048,0,1.3881,1547.1,2.53,ok,1.0038
prescan,square,1024,1024,1024,32,4096,1024,native,0.125,4.000,64,16,1024,0,1.3638,1574.6,8.55,ok,1.0217
prescan,square,1024,1024,1024,32,4096,2048,native,0.125,4.000,64,16,1024,0,1.2948,1658.5,2.67,ok,1.0761
prescan,square,1024,1024,1024,32,4096,4096,native,0.125,4.000,64,16,1024,0,1.3663,1571.7,7.68,ok,1.0198
prescan,square,1024,1024,1024,32,4096,8192,native,0.125,4.000,64,16,1024,0,1.3511,1589.5,4.47,ok,1.0313
prescan,square,1024,1024,1024,32,4096,16384,native,0.125,4.000,64,16,1024,0,1.3076,1642.3,1.00,ok,1.0656
prescan,square,1024,1024,1024,64,64,8192,native,0.250,0.250,1024,16,1024,0,1.7907,1199.2,0.32,ok,0.7781
prescan,square,1024,1024,1024,64,64,16384,native,0.250,0.250,1024,16,1024,0,1.8139,1183.9,3.76,ok,0.7682
prescan,square,1024,1024,1024,64,128,8192,native,0.250,0.500,512,16,1024,0,1.4842,1446.9,2.19,ok,0.9389
prescan,square,1024,1024,1024,64,128,16384,native,0.250,0.500,512,16,1024,0,1.5210,1411.9,6.32,ok,0.9161
prescan,square,1024,1024,1024,64,256,8192,native,0.250,1.000,256,16,1024,0,1.3847,1550.9,0.88,ok,1.0063
prescan,square,1024,1024,1024,64,256,16384,native,0.250,1.000,256,16,1024,0,1.3850,1550.5,1.62,ok,1.0061
prescan,square,1024,1024,1024,64,512,8192,native,0.250,2.000,128,16,1024,0,1.3287,1616.2,2.04,ok,1.0487
prescan,square,1024,1024,1024,64,512,16384,native,0.250,2.000,128,16,1024,0,1.3704,1567.1,4.19,ok,1.0168
prescan,square,1024,1024,1024,64,1024,8192,native,0.250,4.000,64,16,1024,0,1.3257,1619.9,5.41,ok,1.0511
prescan,square,1024,1024,1024,64,1024,16384,native,0.250,4.000,64,16,1024,0,1.2902,1664.4,1.27,ok,1.0800
prescan,square,1024,1024,1024,64,2048,256,native,0.062,1.000,256,64,4096,0,1.4662,1464.7,0.45,ok,0.9504
prescan,square,1024,1024,1024,64,2048,512,native,0.125,2.000,128,32,2048,0,1.3908,1544.0,1.05,ok,1.0019
prescan,square,1024,1024,1024,64,2048,1024,native,0.250,4.000,64,16,1024,0,1.3308,1613.7,2.46,ok,1.0470
prescan,square,1024,1024,1024,64,2048,2048,native,0.250,4.000,64,16,1024,0,1.3188,1628.4,0.98,ok,1.0566
prescan,square,1024,1024,1024,64,2048,4096,native,0.250,4.000,64,16,1024,0,1.3206,1626.1,0.96,ok,1.0551
prescan,square,1024,1024,1024,64,2048,8192,native,0.250,4.000,64,16,1024,0,1.2950,1658.3,0.83,ok,1.0760
prescan,square,1024,1024,1024,64,2048,16384,native,0.250,4.000,64,16,1024,0,1.3009,1650.7,2.41,ok,1.0711
prescan,square,1024,1024,1024,64,4096,256,native,0.062,1.000,256,64,4096,0,1.4586,1472.3,1.09,ok,0.9553
prescan,square,1024,1024,1024,64,4096,512,native,0.125,2.000,128,32,2048,0,1.3812,1554.8,3.04,ok,1.0089
prescan,square,1024,1024,1024,64,4096,1024,native,0.250,4.000,64,16,1024,0,1.3545,1585.5,3.25,ok,1.0288
prescan,square,1024,1024,1024,64,4096,2048,native,0.250,4.000,64,16,1024,0,1.3207,1626.1,0.44,ok,1.0551
prescan,square,1024,1024,1024,64,4096,4096,native,0.250,4.000,64,16,1024,0,1.3200,1626.9,4.30,ok,1.0556
prescan,square,1024,1024,1024,64,4096,8192,native,0.250,4.000,64,16,1024,0,1.3827,1553.2,11.74,ok,1.0078
prescan,square,1024,1024,1024,64,4096,16384,native,0.250,4.000,64,16,1024,0,1.3241,1621.9,6.19,ok,1.0524
prescan,square,1024,1024,1024,128,64,8192,native,0.500,0.250,1024,16,1024,0,1.8186,1180.8,4.03,ok,0.7662
prescan,square,1024,1024,1024,128,64,16384,native,0.500,0.250,1024,16,1024,0,1.8243,1177.1,4.11,ok,0.7638
prescan,square,1024,1024,1024,128,128,8192,native,0.500,0.500,512,16,1024,0,1.5060,1425.9,5.44,ok,0.9252
prescan,square,1024,1024,1024,128,128,16384,native,0.500,0.500,512,16,1024,0,1.5079,1424.1,3.22,ok,0.9241
prescan,square,1024,1024,1024,128,256,8192,native,0.500,1.000,256,16,1024,0,1.3982,1535.8,4.38,ok,0.9966
prescan,square,1024,1024,1024,128,256,16384,native,0.500,1.000,256,16,1024,0,1.3779,1558.6,1.39,ok,1.0113
prescan,square,1024,1024,1024,128,512,8192,native,0.500,2.000,128,16,1024,0,1.3146,1633.5,0.06,ok,1.0599
prescan,square,1024,1024,1024,128,512,16384,native,0.500,2.000,128,16,1024,0,1.3477,1593.5,5.01,ok,1.0340
prescan,square,1024,1024,1024,128,1024,8192,native,0.500,4.000,64,16,1024,0,1.3017,1649.7,2.34,ok,1.0704
prescan,square,1024,1024,1024,128,1024,16384,native,0.500,4.000,64,16,1024,0,1.3242,1621.7,5.22,ok,1.0522
prescan,square,1024,1024,1024,128,2048,256,native,0.125,1.000,256,64,4096,0,1.4764,1454.6,4.25,ok,0.9438
prescan,square,1024,1024,1024,128,2048,512,native,0.250,2.000,128,32,2048,0,1.3732,1563.9,2.06,ok,1.0148
prescan,square,1024,1024,1024,128,2048,1024,native,0.500,4.000,64,16,1024,0,1.3194,1627.6,5.80,ok,1.0561
prescan,square,1024,1024,1024,128,2048,2048,native,0.500,4.000,64,16,1024,0,1.3278,1617.3,3.80,ok,1.0494
prescan,square,1024,1024,1024,128,2048,4096,native,0.500,4.000,64,16,1024,0,1.3385,1604.3,2.83,ok,1.0410
prescan,square,1024,1024,1024,128,2048,8192,native,0.500,4.000,64,16,1024,0,1.3306,1614.0,3.90,ok,1.0472
prescan,square,1024,1024,1024,128,2048,16384,native,0.500,4.000,64,16,1024,0,1.2973,1655.4,1.60,ok,1.0741
prescan,square,1024,1024,1024,128,4096,256,native,0.125,1.000,256,64,4096,0,1.4331,1498.5,0.54,ok,0.9723
prescan,square,1024,1024,1024,128,4096,512,native,0.250,2.000,128,32,2048,0,1.3806,1555.5,1.23,ok,1.0093
prescan,square,1024,1024,1024,128,4096,1024,native,0.500,4.000,64,16,1024,0,1.2816,1675.6,0.59,ok,1.0872
prescan,square,1024,1024,1024,128,4096,2048,native,0.500,4.000,64,16,1024,0,1.2918,1662.4,0.94,ok,1.0787
prescan,square,1024,1024,1024,128,4096,4096,native,0.500,4.000,64,16,1024,0,1.2730,1686.9,1.73,ok,1.0946
prescan,square,1024,1024,1024,128,4096,8192,native,0.500,4.000,64,16,1024,0,1.2892,1665.8,0.59,ok,1.0808
prescan,square,1024,1024,1024,128,4096,16384,native,0.500,4.000,64,16,1024,0,1.2838,1672.7,1.19,ok,1.0854
prescan,square,1024,1024,1024,16,256,2048,native,0.062,1.000,256,16,1024,0,1.3934,1541.2,3.44,ok,1.0000
final,square,1024,1024,1024,16,4096,1024,native,0.062,4.000,64,16,1024,111,1.3306,1613.9,1.42,ok,1.0754
final,square,1024,1024,1024,16,4096,16384,native,0.062,4.000,64,16,1024,111,1.3367,1606.6,4.11,ok,1.0705
final,square,1024,1024,1024,128,4096,4096,native,0.500,4.000,64,16,1024,123,1.3104,1638.8,6.92,ok,1.0920
final,square,1024,1024,1024,16,4096,2048,native,0.062,4.000,64,16,1024,113,1.2998,1652.1,3.32,ok,1.1008
final,square,1024,1024,1024,16,4096,4096,native,0.062,4.000,64,16,1024,105,1.2965,1656.4,1.09,ok,1.1037
final,square,1024,1024,1024,16,2048,4096,native,0.062,4.000,64,16,1024,115,1.2955,1657.7,5.92,ok,1.1046
final,square,1024,1024,1024,128,4096,1024,native,0.500,4.000,64,16,1024,110,1.2911,1663.3,4.55,ok,1.1083
final,square,1024,1024,1024,128,4096,16384,native,0.500,4.000,64,16,1024,109,1.2912,1663.2,2.56,ok,1.1082
final,square,1024,1024,1024,32,1024,16384,native,0.125,4.000,64,16,1024,117,1.3291,1615.8,6.54,ok,1.0766
final,square,1024,1024,1024,128,4096,8192,native,0.500,4.000,64,16,1024,104,1.3157,1632.2,4.40,ok,1.0876
final,square,1024,1024,1024,64,1024,16384,native,0.250,4.000,64,16,1024,109,1.3131,1635.4,2.18,ok,1.0897
final,square,1024,1024,1024,16,4096,8192,native,0.062,4.000,64,16,1024,106,1.3650,1573.2,4.51,ok,1.0483
final,square,1024,1024,1024,128,4096,2048,native,0.500,4.000,64,16,1024,112,1.3179,1629.5,5.97,ok,1.0858
final,square,1024,1024,1024,32,4096,2048,native,0.125,4.000,64,16,1024,113,1.3280,1617.1,4.32,ok,1.0775
final,square,1024,1024,1024,64,2048,8192,native,0.250,4.000,64,16,1024,114,1.3185,1628.7,0.83,ok,1.0852
final,square,1024,1024,1024,16,1024,16384,native,0.062,4.000,64,16,1024,111,1.3183,1628.9,4.25,ok,1.0854
final,square,1024,1024,1024,16,2048,2048,native,0.062,4.000,64,16,1024,107,1.3783,1558.1,9.52,ok,1.0382
final,square,1024,1024,1024,128,2048,16384,native,0.500,4.000,64,16,1024,118,1.3139,1634.4,3.11,ok,1.0890
final,square,1024,1024,1024,32,2048,8192,native,0.125,4.000,64,16,1024,109,1.3175,1630.0,3.90,ok,1.0861
final,square,1024,1024,1024,16,2048,1024,native,0.062,4.000,64,16,1024,110,1.3095,1639.9,4.14,ok,1.0927
final,square,1024,1024,1024,64,2048,16384,native,0.250,4.000,64,16,1024,119,1.3140,1634.3,4.93,ok,1.0890
final,square,1024,1024,1024,128,1024,8192,native,0.500,4.000,64,16,1024,113,1.3019,1649.5,0.51,ok,1.0991
final,square,1024,1024,1024,32,2048,16384,native,0.125,4.000,64,16,1024,115,1.3121,1636.7,2.91,ok,1.0906
final,square,1024,1024,1024,32,1024,8192,native,0.125,4.000,64,16,1024,113,1.3388,1604.0,4.93,ok,1.0688
final,square,1024,1024,1024,32,4096,16384,native,0.125,4.000,64,16,1024,110,1.3218,1624.6,1.49,ok,1.0825
final,square,1024,1024,1024,16,256,2048,native,0.062,1.000,256,16,1024,103,1.4309,1500.8,6.32,ok,1.0000
prescan,square,2048,2048,2048,16,64,8192,native,0.125,0.500,4096,32,4096,0,19.4366,883.9,12.00,ok,0.6479
prescan,square,2048,2048,2048,16,64,16384,native,0.125,0.500,4096,32,4096,0,21.5090,798.7,7.58,ok,0.5855
prescan,square,2048,2048,2048,16,128,8192,native,0.125,1.000,2048,32,4096,0,15.5350,1105.9,2.05,ok,0.8106
prescan,square,2048,2048,2048,16,128,16384,native,0.125,1.000,2048,32,4096,0,15.7781,1088.8,3.07,ok,0.7982
prescan,square,2048,2048,2048,16,256,8192,native,0.125,2.000,1024,32,4096,0,12.7430,1348.2,5.05,ok,0.9883
prescan,square,2048,2048,2048,16,256,16384,native,0.125,2.000,1024,32,4096,0,12.7472,1347.7,6.83,ok,0.9879
prescan,square,2048,2048,2048,16,512,8192,native,0.125,4.000,512,32,4096,0,11.5430,1488.3,6.91,ok,1.0910
prescan,square,2048,2048,2048,16,512,16384,native,0.125,4.000,512,32,4096,0,11.4075,1506.0,3.00,ok,1.1040
prescan,square,2048,2048,2048,16,1024,8192,native,0.125,8.000,256,32,4096,0,10.7082,1604.4,3.62,ok,1.1760
prescan,square,2048,2048,2048,16,1024,16384,native,0.125,8.000,256,32,4096,0,10.7190,1602.7,3.40,ok,1.1749
prescan,square,2048,2048,2048,16,2048,256,native,0.016,2.000,1024,256,32768,0,13.1953,1302.0,9.37,ok,0.9544
prescan,square,2048,2048,2048,16,2048,512,native,0.031,4.000,512,128,16384,0,11.9372,1439.2,1.26,ok,1.0550
prescan,square,2048,2048,2048,16,2048,1024,native,0.062,8.000,256,64,8192,0,11.2082,1532.8,1.32,ok,1.1236
prescan,square,2048,2048,2048,16,2048,2048,native,0.125,16.000,128,32,4096,0,23.3724,735.0,9.10,ok,0.5388
prescan,square,2048,2048,2048,16,2048,4096,native,0.125,16.000,128,32,4096,0,22.8731,751.1,9.93,ok,0.5506
prescan,square,2048,2048,2048,16,2048,8192,native,0.125,16.000,128,32,4096,0,23.1173,743.2,7.16,ok,0.5448
prescan,square,2048,2048,2048,16,2048,16384,native,0.125,16.000,128,32,4096,0,22.5985,760.2,3.69,ok,0.5573
prescan,square,2048,2048,2048,16,4096,256,native,0.016,2.000,1024,256,32768,0,12.2643,1400.8,1.72,ok,1.0268
prescan,square,2048,2048,2048,16,4096,512,native,0.031,4.000,512,128,16384,0,11.8717,1447.1,0.19,ok,1.0608
prescan,square,2048,2048,2048,16,4096,1024,native,0.062,8.000,256,64,8192,0,11.0342,1557.0,0.54,ok,1.1413
prescan,square,2048,2048,2048,16,4096,2048,native,0.125,16.000,128,32,4096,0,22.5351,762.4,0.32,ok,0.5588
prescan,square,2048,2048,2048,16,4096,4096,native,0.125,16.000,128,32,4096,0,23.3572,735.5,10.30,ok,0.5392
prescan,square,2048,2048,2048,16,4096,8192,native,0.125,16.000,128,32,4096,0,23.5028,731.0,13.46,ok,0.5358
prescan,square,2048,2048,2048,16,4096,16384,native,0.125,16.000,128,32,4096,0,23.1884,740.9,7.76,ok,0.5431
prescan,square,2048,2048,2048,32,64,8192,native,0.250,0.500,4096,32,4096,0,20.4667,839.4,6.14,ok,0.6153
prescan,square,2048,2048,2048,32,64,16384,native,0.250,0.500,4096,32,4096,0,20.6269,832.9,3.79,ok,0.6105
prescan,square,2048,2048,2048,32,128,8192,native,0.250,1.000,2048,32,4096,0,15.1946,1130.7,1.63,ok,0.8288
prescan,square,2048,2048,2048,32,128,16384,native,0.250,1.000,2048,32,4096,0,15.2400,1127.3,3.28,ok,0.8263
prescan,square,2048,2048,2048,32,256,8192,native,0.250,2.000,1024,32,4096,0,12.6231,1361.0,2.18,ok,0.9976
prescan,square,2048,2048,2048,32,256,16384,native,0.250,2.000,1024,32,4096,0,12.6234,1361.0,2.30,ok,0.9976
prescan,square,2048,2048,2048,32,512,8192,native,0.250,4.000,512,32,4096,0,11.4922,1494.9,0.81,ok,1.0958
prescan,square,2048,2048,2048,32,512,16384,native,0.250,4.000,512,32,4096,0,11.4490,1500.6,6.42,ok,1.0999
prescan,square,2048,2048,2048,32,1024,8192,native,0.250,8.000,256,32,4096,0,10.9873,1563.6,8.06,ok,1.1462
prescan,square,2048,2048,2048,32,1024,16384,native,0.250,8.000,256,32,4096,0,10.7929,1591.8,3.99,ok,1.1668
prescan,square,2048,2048,2048,32,2048,256,native,0.031,2.000,1024,256,32768,0,12.9952,1322.0,1.24,ok,0.9691
prescan,square,2048,2048,2048,32,2048,512,native,0.062,4.000,512,128,16384,0,12.1780,1410.7,0.88,ok,1.0341
prescan,square,2048,2048,2048,32,2048,1024,native,0.125,8.000,256,64,8192,0,11.1060,1546.9,0.77,ok,1.1339
prescan,square,2048,2048,2048,32,2048,2048,native,0.250,16.000,128,32,4096,0,17.2743,994.5,8.55,ok,0.7290
prescan,square,2048,2048,2048,32,2048,4096,native,0.250,16.000,128,32,4096,0,17.3371,990.9,9.11,ok,0.7264
prescan,square,2048,2048,2048,32,2048,8192,native,0.250,16.000,128,32,4096,0,17.4120,986.7,9.51,ok,0.7233
prescan,square,2048,2048,2048,32,2048,16384,native,0.250,16.000,128,32,4096,0,17.2679,994.9,12.36,ok,0.7293
prescan,square,2048,2048,2048,32,4096,256,native,0.031,2.000,1024,256,32768,0,12.4216,1383.1,6.76,ok,1.0138
prescan,square,2048,2048,2048,32,4096,512,native,0.062,4.000,512,128,16384,0,11.8438,1450.5,3.87,ok,1.0633
prescan,square,2048,2048,2048,32,4096,1024,native,0.125,8.000,256,64,8192,0,11.1211,1544.8,2.32,ok,1.1324
prescan,square,2048,2048,2048,32,4096,2048,native,0.250,16.000,128,32,4096,0,17.0972,1004.8,6.45,ok,0.7366
prescan,square,2048,2048,2048,32,4096,4096,native,0.250,16.000,128,32,4096,0,17.2979,993.2,8.08,ok,0.7280
prescan,square,2048,2048,2048,32,4096,8192,native,0.250,16.000,128,32,4096,0,17.0606,1007.0,9.03,ok,0.7382
prescan,square,2048,2048,2048,32,4096,16384,native,0.250,16.000,128,32,4096,0,17.1811,999.9,7.14,ok,0.7330
prescan,square,2048,2048,2048,64,64,8192,native,0.500,0.500,4096,32,4096,0,20.0187,858.2,8.88,ok,0.6291
prescan,square,2048,2048,2048,64,64,16384,native,0.500,0.500,4096,32,4096,0,20.2326,849.1,10.76,ok,0.6224
prescan,square,2048,2048,2048,64,128,8192,native,0.500,1.000,2048,32,4096,0,14.9507,1149.1,5.82,ok,0.8423
prescan,square,2048,2048,2048,64,128,16384,native,0.500,1.000,2048,32,4096,0,14.9804,1146.8,5.81,ok,0.8407
prescan,square,2048,2048,2048,64,256,8192,native,0.500,2.000,1024,32,4096,0,12.2958,1397.2,9.60,ok,1.0242
prescan,square,2048,2048,2048,64,256,16384,native,0.500,2.000,1024,32,4096,0,12.4820,1376.4,7.32,ok,1.0089
prescan,square,2048,2048,2048,64,512,8192,native,0.500,4.000,512,32,4096,0,11.4818,1496.3,1.88,ok,1.0968
prescan,square,2048,2048,2048,64,512,16384,native,0.500,4.000,512,32,4096,0,11.4204,1504.3,3.02,ok,1.1027
prescan,square,2048,2048,2048,64,1024,8192,native,0.500,8.000,256,32,4096,0,11.0307,1557.5,3.19,ok,1.1417
prescan,square,2048,2048,2048,64,1024,16384,native,0.500,8.000,256,32,4096,0,10.7493,1598.2,1.37,ok,1.1715
prescan,square,2048,2048,2048,64,2048,256,native,0.062,2.000,1024,256,32768,0,12.6213,1361.2,2.93,ok,0.9978
prescan,square,2048,2048,2048,64,2048,512,native,0.125,4.000,512,128,16384,0,12.0201,1429.3,4.20,ok,1.0477
prescan,square,2048,2048,2048,64,2048,1024,native,0.250,8.000,256,64,8192,0,11.2917,1521.5,5.48,ok,1.1153
prescan,square,2048,2048,2048,64,2048,2048,native,0.500,16.000,128,32,4096,0,13.5665,1266.3,3.10,ok,0.9283
prescan,square,2048,2048,2048,64,2048,4096,native,0.500,16.000,128,32,4096,0,13.4518,1277.1,1.40,ok,0.9362
prescan,square,2048,2048,2048,64,2048,8192,native,0.500,16.000,128,32,4096,0,13.2530,1296.3,1.55,ok,0.9502
prescan,square,2048,2048,2048,64,2048,16384,native,0.500,16.000,128,32,4096,0,13.5122,1271.4,2.45,ok,0.9320
prescan,square,2048,2048,2048,64,4096,256,native,0.062,2.000,1024,256,32768,0,12.4133,1384.0,2.87,ok,1.0145
prescan,square,2048,2048,2048,64,4096,512,native,0.125,4.000,512,128,16384,0,11.7822,1458.1,1.71,ok,1.0688
prescan,square,2048,2048,2048,64,4096,1024,native,0.250,8.000,256,64,8192,0,11.2331,1529.4,3.62,ok,1.1211
prescan,square,2048,2048,2048,64,4096,2048,native,0.500,16.000,128,32,4096,0,13.2008,1301.4,1.39,ok,0.9540
prescan,square,2048,2048,2048,64,4096,4096,native,0.500,16.000,128,32,4096,0,13.3914,1282.9,1.08,ok,0.9404
prescan,square,2048,2048,2048,64,4096,8192,native,0.500,16.000,128,32,4096,0,13.2222,1299.3,3.11,ok,0.9524
prescan,square,2048,2048,2048,64,4096,16384,native,0.500,16.000,128,32,4096,0,13.4456,1277.7,0.53,ok,0.9366
prescan,square,2048,2048,2048,128,64,8192,native,1.000,0.500,4096,32,4096,0,18.5626,925.5,0.62,ok,0.6784
prescan,square,2048,2048,2048,128,64,16384,native,1.000,0.500,4096,32,4096,0,18.4619,930.6,1.58,ok,0.6821
prescan,square,2048,2048,2048,128,128,8192,native,1.000,1.000,2048,32,4096,0,13.7784,1246.9,5.77,ok,0.9140
prescan,square,2048,2048,2048,128,128,16384,native,1.000,1.000,2048,32,4096,0,14.1738,1212.1,3.86,ok,0.8885
prescan,square,2048,2048,2048,128,256,8192,native,1.000,2.000,1024,32,4096,0,11.9676,1435.5,0.01,ok,1.0523
prescan,square,2048,2048,2048,128,256,16384,native,1.000,2.000,1024,32,4096,0,12.2730,1399.8,1.75,ok,1.0261
prescan,square,2048,2048,2048,128,512,8192,native,1.000,4.000,512,32,4096,0,11.3875,1508.7,0.86,ok,1.1059
prescan,square,2048,2048,2048,128,512,16384,native,1.000,4.000,512,32,4096,0,11.4892,1495.3,3.74,ok,1.0961
prescan,square,2048,2048,2048,128,1024,8192,native,1.000,8.000,256,32,4096,0,10.9787,1564.8,5.15,ok,1.1471
prescan,square,2048,2048,2048,128,1024,16384,native,1.000,8.000,256,32,4096,0,10.9896,1563.3,4.02,ok,1.1459
prescan,square,2048,2048,2048,128,2048,256,native,0.125,2.000,1024,256,32768,0,12.8621,1335.7,1.12,ok,0.9791
prescan,square,2048,2048,2048,128,2048,512,native,0.250,4.000,512,128,16384,0,12.2582,1401.5,2.70,ok,1.0273
prescan,square,2048,2048,2048,128,2048,1024,native,0.500,8.000,256,64,8192,0,11.2335,1529.3,3.83,ok,1.1211
prescan,square,2048,2048,2048,128,2048,2048,native,1.000,16.000,128,32,4096,0,12.1773,1410.8,2.42,ok,1.0342
prescan,square,2048,2048,2048,128,2048,4096,native,1.000,16.000,128,32,4096,0,12.0000,1431.7,1.08,ok,1.0494
prescan,square,2048,2048,2048,128,2048,8192,native,1.000,16.000,128,32,4096,0,12.0192,1429.4,0.59,ok,1.0478
prescan,square,2048,2048,2048,128,2048,16384,native,1.000,16.000,128,32,4096,0,11.9899,1432.9,1.09,ok,1.0503
prescan,square,2048,2048,2048,128,4096,256,native,0.125,2.000,1024,256,32768,0,12.3762,1388.1,0.67,ok,1.0175
prescan,square,2048,2048,2048,128,4096,512,native,0.250,4.000,512,128,16384,0,11.8479,1450.0,0.16,ok,1.0629
prescan,square,2048,2048,2048,128,4096,1024,native,0.500,8.000,256,64,8192,0,10.9964,1562.3,0.04,ok,1.1452
prescan,square,2048,2048,2048,128,4096,2048,native,1.000,16.000,128,32,4096,0,11.9418,1438.6,0.15,ok,1.0546
prescan,square,2048,2048,2048,128,4096,4096,native,1.000,16.000,128,32,4096,0,11.9947,1432.3,0.02,ok,1.0499
prescan,square,2048,2048,2048,128,4096,8192,native,1.000,16.000,128,32,4096,0,12.0447,1426.3,0.69,ok,1.0455
prescan,square,2048,2048,2048,128,4096,16384,native,1.000,16.000,128,32,4096,0,12.0396,1426.9,1.23,ok,1.0460
prescan,square,2048,2048,2048,16,256,2048,native,0.125,2.000,1024,32,4096,0,12.5933,1364.2,1.25,ok,1.0000
final,square,2048,2048,2048,16,1024,8192,native,0.125,8.000,256,32,4096,13,10.5946,1621.6,5.51,ok,1.1671
final,square,2048,2048,2048,16,1024,16384,native,0.125,8.000,256,32,4096,14,10.5634,1626.4,5.29,ok,1.1705
final,square,2048,2048,2048,64,1024,16384,native,0.500,8.000,256,32,4096,14,10.6493,1613.2,3.12,ok,1.1611
final,square,2048,2048,2048,32,1024,16384,native,0.250,8.000,256,32,4096,14,10.6020,1620.4,0.92,ok,1.1663
final,square,2048,2048,2048,128,1024,8192,native,1.000,8.000,256,32,4096,14,10.8547,1582.7,3.25,ok,1.1391
final,square,2048,2048,2048,32,1024,8192,native,0.250,8.000,256,32,4096,14,10.6461,1613.7,4.72,ok,1.1614
final,square,2048,2048,2048,128,1024,16384,native,1.000,8.000,256,32,4096,14,10.6762,1609.2,1.03,ok,1.1582
final,square,2048,2048,2048,128,4096,1024,native,0.500,8.000,256,64,8192,13,11.0702,1551.9,4.08,ok,1.1169
final,square,2048,2048,2048,16,256,2048,native,0.125,2.000,1024,32,4096,11,12.3648,1389.4,3.80,ok,1.0000
prescan,square,4096,4096,4096,16,64,8192,native,0.250,1.000,16384,64,16384,0,164.0499,837.8,0.59,ok,0.6700
prescan,square,4096,4096,4096,16,64,16384,native,0.250,1.000,16384,64,16384,0,164.3433,836.3,0.46,ok,0.6688
prescan,square,4096,4096,4096,16,128,8192,native,0.250,2.000,8192,64,16384,0,122.1440,1125.2,0.85,ok,0.8999
prescan,square,4096,4096,4096,16,128,16384,native,0.250,2.000,8192,64,16384,0,126.2450,1088.7,2.14,ok,0.8707
prescan,square,4096,4096,4096,16,256,8192,native,0.250,4.000,4096,64,16384,0,103.8115,1323.9,4.62,ok,1.0588
prescan,square,4096,4096,4096,16,256,16384,native,0.250,4.000,4096,64,16384,0,101.8287,1349.7,0.07,ok,1.0794
prescan,square,4096,4096,4096,16,512,8192,native,0.250,8.000,2048,64,16384,0,96.6076,1422.7,4.59,ok,1.1378
prescan,square,4096,4096,4096,16,512,16384,native,0.250,8.000,2048,64,16384,0,94.6978,1451.3,0.47,ok,1.1607
prescan,square,4096,4096,4096,16,1024,8192,native,0.250,16.000,1024,64,16384,0,200.0903,686.9,4.57,ok,0.5493
prescan,square,4096,4096,4096,16,1024,16384,native,0.250,16.000,1024,64,16384,0,189.7723,724.2,4.40,ok,0.5792
prescan,square,4096,4096,4096,16,2048,256,native,0.016,2.000,8192,1024,262144,0,112.5804,1220.8,3.70,ok,0.9764
prescan,square,4096,4096,4096,16,2048,512,native,0.031,4.000,4096,512,131072,0,99.8266,1376.8,2.20,ok,1.1011
prescan,square,4096,4096,4096,16,2048,1024,native,0.062,8.000,2048,256,65536,0,99.1725,1385.9,4.53,ok,1.1084
prescan,square,4096,4096,4096,16,2048,2048,native,0.125,16.000,1024,128,32768,0,195.1888,704.1,7.72,ok,0.5631
prescan,square,4096,4096,4096,16,2048,4096,native,0.250,32.000,512,64,16384,0,247.7259,554.8,4.89,ok,0.4437
prescan,square,4096,4096,4096,16,2048,8192,native,0.250,32.000,512,64,16384,0,252.2757,544.8,3.27,ok,0.4357
prescan,square,4096,4096,4096,16,2048,16384,native,0.250,32.000,512,64,16384,0,249.0316,551.9,1.67,ok,0.4414
prescan,square,4096,4096,4096,16,4096,256,native,0.016,4.000,4096,1024,262144,0,104.8302,1311.1,0.72,ok,1.0485
prescan,square,4096,4096,4096,16,4096,512,native,0.031,8.000,2048,512,131072,0,103.1115,1332.9,2.81,ok,1.0660
prescan,square,4096,4096,4096,16,4096,1024,native,0.062,16.000,1024,256,65536,0,211.2205,650.7,2.07,ok,0.5204
prescan,square,4096,4096,4096,16,4096,2048,native,0.125,32.000,512,128,32768,0,250.2775,549.1,5.06,ok,0.4392
prescan,square,4096,4096,4096,16,4096,4096,native,0.250,64.000,256,64,16384,0,251.3413,546.8,8.24,ok,0.4373
prescan,square,4096,4096,4096,16,4096,8192,native,0.250,64.000,256,64,16384,0,246.6334,557.3,3.86,ok,0.4457
prescan,square,4096,4096,4096,16,4096,16384,native,0.250,64.000,256,64,16384,0,243.5169,564.4,2.45,ok,0.4514
prescan,square,4096,4096,4096,32,64,8192,native,0.500,1.000,16384,64,16384,0,164.1193,837.4,0.83,ok,0.6697
prescan,square,4096,4096,4096,32,64,16384,native,0.500,1.000,16384,64,16384,0,161.2855,852.1,0.17,ok,0.6815
prescan,square,4096,4096,4096,32,128,8192,native,0.500,2.000,8192,64,16384,0,121.0844,1135.1,0.39,ok,0.9078
prescan,square,4096,4096,4096,32,128,16384,native,0.500,2.000,8192,64,16384,0,124.0422,1108.0,0.57,ok,0.8861
prescan,square,4096,4096,4096,32,256,8192,native,0.500,4.000,4096,64,16384,0,98.8877,1389.8,3.09,ok,1.1115
prescan,square,4096,4096,4096,32,256,16384,native,0.500,4.000,4096,64,16384,0,100.5659,1366.7,3.69,ok,1.0930
prescan,square,4096,4096,4096,32,512,8192,native,0.500,8.000,2048,64,16384,0,92.9279,1479.0,13.37,ok,1.1828
prescan,square,4096,4096,4096,32,512,16384,native,0.500,8.000,2048,64,16384,0,90.4036,1520.3,8.86,ok,1.2159
prescan,square,4096,4096,4096,32,1024,8192,native,0.500,16.000,1024,64,16384,0,131.9084,1041.9,7.32,ok,0.8333
prescan,square,4096,4096,4096,32,1024,16384,native,0.500,16.000,1024,64,16384,0,133.1092,1032.5,9.04,ok,0.8258
prescan,square,4096,4096,4096,32,2048,256,native,0.031,2.000,8192,1024,262144,0,113.7144,1208.6,7.13,ok,0.9666
prescan,square,4096,4096,4096,32,2048,512,native,0.062,4.000,4096,512,131072,0,100.9768,1361.1,5.51,ok,1.0885
prescan,square,4096,4096,4096,32,2048,1024,native,0.125,8.000,2048,256,65536,0,95.5626,1438.2,10.49,ok,1.1502
prescan,square,4096,4096,4096,32,2048,2048,native,0.250,16.000,1024,128,32768,0,135.5673,1013.8,10.96,ok,0.8108
prescan,square,4096,4096,4096,32,2048,4096,native,0.500,32.000,512,64,16384,0,162.4558,846.0,2.85,ok,0.6766
prescan,square,4096,4096,4096,32,2048,8192,native,0.500,32.000,512,64,16384,0,160.6692,855.4,1.11,ok,0.6841
prescan,square,4096,4096,4096,32,2048,16384,native,0.500,32.000,512,64,16384,0,163.0056,843.2,4.51,ok,0.6743
prescan,square,4096,4096,4096,32,4096,256,native,0.031,4.000,4096,1024,262144,0,108.9398,1261.6,3.11,ok,1.0090
prescan,square,4096,4096,4096,32,4096,512,native,0.062,8.000,2048,512,131072,0,96.9354,1417.8,8.68,ok,1.1339
prescan,square,4096,4096,4096,32,4096,1024,native,0.125,16.000,1024,256,65536,0,152.5343,901.0,12.78,ok,0.7206
prescan,square,4096,4096,4096,32,4096,2048,native,0.250,32.000,512,128,32768,0,166.0920,827.5,4.49,ok,0.6618
prescan,square,4096,4096,4096,32,4096,4096,native,0.500,64.000,256,64,16384,0,162.2057,847.3,4.83,ok,0.6776
prescan,square,4096,4096,4096,32,4096,8192,native,0.500,64.000,256,64,16384,0,168.3940,816.2,0.68,ok,0.6527
prescan,square,4096,4096,4096,32,4096,16384,native,0.500,64.000,256,64,16384,0,165.0363,832.8,3.23,ok,0.6660
prescan,square,4096,4096,4096,64,64,8192,native,1.000,1.000,16384,64,16384,0,164.3863,836.1,2.47,ok,0.6687
prescan,square,4096,4096,4096,64,64,16384,native,1.000,1.000,16384,64,16384,0,164.7454,834.3,5.17,ok,0.6672
prescan,square,4096,4096,4096,64,128,8192,native,1.000,2.000,8192,64,16384,0,122.8125,1119.1,8.30,ok,0.8950
prescan,square,4096,4096,4096,64,128,16384,native,1.000,2.000,8192,64,16384,0,126.2750,1088.4,13.18,ok,0.8705
prescan,square,4096,4096,4096,64,256,8192,native,1.000,4.000,4096,64,16384,0,103.1094,1332.9,8.63,ok,1.0660
prescan,square,4096,4096,4096,64,256,16384,native,1.000,4.000,4096,64,16384,0,105.3821,1304.2,3.67,ok,1.0430
prescan,square,4096,4096,4096,64,512,8192,native,1.000,8.000,2048,64,16384,0,100.5816,1366.4,5.54,ok,1.0928
prescan,square,4096,4096,4096,64,512,16384,native,1.000,8.000,2048,64,16384,0,104.0831,1320.5,16.27,ok,1.0561
prescan,square,4096,4096,4096,64,1024,8192,native,1.000,16.000,1024,64,16384,0,123.7093,1111.0,13.53,ok,0.8885
prescan,square,4096,4096,4096,64,1024,16384,native,1.000,16.000,1024,64,16384,0,121.2443,1133.6,10.13,ok,0.9066
prescan,square,4096,4096,4096,64,2048,256,native,0.062,2.000,8192,1024,262144,0,118.2168,1162.6,4.03,ok,0.9298
prescan,square,4096,4096,4096,64,2048,512,native,0.125,4.000,4096,512,131072,0,105.3116,1305.1,7.76,ok,1.0437
prescan,square,4096,4096,4096,64,2048,1024,native,0.250,8.000,2048,256,65536,0,98.1420,1400.4,1.75,ok,1.1200
prescan,square,4096,4096,4096,64,2048,2048,native,0.500,16.000,1024,128,32768,0,118.9224,1155.7,3.53,ok,0.9243
prescan,square,4096,4096,4096,64,2048,4096,native,1.000,32.000,512,64,16384,0,128.5344,1069.3,5.43,ok,0.8552
prescan,square,4096,4096,4096,64,2048,8192,native,1.000,32.000,512,64,16384,0,123.1650,1115.9,0.50,ok,0.8924
prescan,square,4096,4096,4096,64,2048,16384,native,1.000,32.000,512,64,16384,0,120.2361,1143.1,3.19,ok,0.9142
prescan,square,4096,4096,4096,64,4096,256,native,0.062,4.000,4096,1024,262144,0,110.7873,1240.6,3.25,ok,0.9922
prescan,square,4096,4096,4096,64,4096,512,native,0.125,8.000,2048,512,131072,0,102.2913,1343.6,9.29,ok,1.0746
prescan,square,4096,4096,4096,64,4096,1024,native,0.250,16.000,1024,256,65536,0,126.3530,1087.7,0.43,ok,0.8699
prescan,square,4096,4096,4096,64,4096,2048,native,0.500,32.000,512,128,32768,0,123.8618,1109.6,0.08,ok,0.8874
prescan,square,4096,4096,4096,64,4096,4096,native,1.000,64.000,256,64,16384,0,118.9701,1155.2,0.64,ok,0.9239
prescan,square,4096,4096,4096,64,4096,8192,native,1.000,64.000,256,64,16384,0,119.5957,1149.2,0.28,ok,0.9191
prescan,square,4096,4096,4096,64,4096,16384,native,1.000,64.000,256,64,16384,0,121.5309,1130.9,3.79,ok,0.9044
prescan,square,4096,4096,4096,128,64,8192,native,2.000,1.000,16384,64,16384,0,164.0745,837.7,0.94,ok,0.6699
prescan,square,4096,4096,4096,128,64,16384,native,2.000,1.000,16384,64,16384,0,161.6873,850.0,4.15,ok,0.6798
prescan,square,4096,4096,4096,128,128,8192,native,2.000,2.000,8192,64,16384,0,120.9153,1136.7,1.34,ok,0.9090
prescan,square,4096,4096,4096,128,128,16384,native,2.000,2.000,8192,64,16384,0,122.5887,1121.1,1.50,ok,0.8966
prescan,square,4096,4096,4096,128,256,8192,native,2.000,4.000,4096,64,16384,0,102.2415,1344.3,4.64,ok,1.0751
prescan,square,4096,4096,4096,128,256,16384,native,2.000,4.000,4096,64,16384,0,100.1747,1372.0,0.48,ok,1.0973
prescan,square,4096,4096,4096,128,512,8192,native,2.000,8.000,2048,64,16384,0,96.8774,1418.7,3.93,ok,1.1346
prescan,square,4096,4096,4096,128,512,16384,native,2.000,8.000,2048,64,16384,0,95.4756,1439.5,4.51,ok,1.1513
prescan,square,4096,4096,4096,128,1024,8192,native,2.000,16.000,1024,64,16384,0,104.6988,1312.7,0.71,ok,1.0499
prescan,square,4096,4096,4096,128,1024,16384,native,2.000,16.000,1024,64,16384,0,104.7401,1312.2,0.32,ok,1.0494
prescan,square,4096,4096,4096,128,2048,256,native,0.125,2.000,8192,1024,262144,0,114.3674,1201.7,1.11,ok,0.9611
prescan,square,4096,4096,4096,128,2048,512,native,0.250,4.000,4096,512,131072,0,102.6575,1338.8,0.97,ok,1.0707
prescan,square,4096,4096,4096,128,2048,1024,native,0.500,8.000,2048,256,65536,0,95.6745,1436.5,2.79,ok,1.1489
prescan,square,4096,4096,4096,128,2048,2048,native,1.000,16.000,1024,128,32768,0,104.8128,1311.3,0.64,ok,1.0487
prescan,square,4096,4096,4096,128,2048,4096,native,2.000,32.000,512,64,16384,0,102.2135,1344.6,2.36,ok,1.0754
prescan,square,4096,4096,4096,128,2048,8192,native,2.000,32.000,512,64,16384,0,104.6636,1313.1,3.22,ok,1.0502
prescan,square,4096,4096,4096,128,2048,16384,native,2.000,32.000,512,64,16384,0,102.7516,1337.6,4.00,ok,1.0697
prescan,square,4096,4096,4096,128,4096,256,native,0.125,4.000,4096,1024,262144,0,110.6117,1242.5,1.53,ok,0.9937
prescan,square,4096,4096,4096,128,4096,512,native,0.250,8.000,2048,512,131072,0,104.3571,1317.0,5.85,ok,1.0533
prescan,square,4096,4096,4096,128,4096,1024,native,0.500,16.000,1024,256,65536,0,108.9261,1261.8,0.73,ok,1.0091
prescan,square,4096,4096,4096,128,4096,2048,native,1.000,32.000,512,128,32768,0,103.8457,1323.5,0.96,ok,1.0585
prescan,square,4096,4096,4096,128,4096,4096,native,2.000,64.000,256,64,16384,0,100.4356,1368.4,2.87,ok,1.0944
prescan,square,4096,4096,4096,128,4096,8192,native,2.000,64.000,256,64,16384,0,102.7558,1337.5,6.61,ok,1.0697
prescan,square,4096,4096,4096,128,4096,16384,native,2.000,64.000,256,64,16384,0,101.3370,1356.3,3.56,ok,1.0847
prescan,square,4096,4096,4096,16,256,2048,native,0.125,2.000,8192,128,32768,0,109.9180,1250.4,1.26,ok,1.0000
final,square,4096,4096,4096,32,512,16384,native,0.500,8.000,2048,64,16384,1,98.0472,1401.8,8.98,ok,1.1082
final,square,4096,4096,4096,32,512,8192,native,0.500,8.000,2048,64,16384,1,104.0208,1321.3,3.29,ok,1.0445
final,square,4096,4096,4096,16,512,16384,native,0.250,8.000,2048,64,16384,1,104.2176,1318.8,0.75,ok,1.0425
final,square,4096,4096,4096,128,512,16384,native,2.000,8.000,2048,64,16384,1,114.1472,1204.0,10.80,ok,0.9519
final,square,4096,4096,4096,32,2048,1024,native,0.125,8.000,2048,256,65536,1,98.6646,1393.0,8.12,ok,1.1012
final,square,4096,4096,4096,128,2048,1024,native,0.500,8.000,2048,256,65536,1,96.4635,1424.8,2.23,ok,1.1264
final,square,4096,4096,4096,16,512,8192,native,0.250,8.000,2048,64,16384,1,92.1337,1491.7,0.88,ok,1.1793
final,square,4096,4096,4096,128,512,8192,native,2.000,8.000,2048,64,16384,1,97.1464,1414.8,5.94,ok,1.1184
final,square,4096,4096,4096,16,256,2048,native,0.125,2.000,8192,128,32768,1,108.6518,1264.9,1.05,ok,1.0000
prescan,llm,64,8192,512,16,64,8192,native,0.500,2.000,32,8,32,0,0.9545,562.4,8.84,ok,0.7846
prescan,llm,64,8192,512,16,64,16384,native,0.500,2.000,32,8,32,0,0.9096,590.2,11.44,ok,0.8234
prescan,llm,64,8192,512,16,128,8192,native,0.500,4.000,16,8,32,0,0.8318,645.5,12.04,ok,0.9005
prescan,llm,64,8192,512,16,128,16384,native,0.500,4.000,16,8,32,0,0.8258,650.1,10.53,ok,0.9070
prescan,llm,64,8192,512,16,256,8192,native,0.500,8.000,8,8,32,0,0.8047,667.2,8.99,ok,0.9308
prescan,llm,64,8192,512,16,256,16384,native,0.500,8.000,8,8,32,0,0.8217,653.4,10.58,ok,0.9115
prescan,llm,64,8192,512,16,512,8192,native,0.500,16.000,4,8,32,0,1.3985,383.9,8.83,ok,0.5356
prescan,llm,64,8192,512,16,512,16384,native,0.500,16.000,4,8,32,0,1.7442,307.8,17.21,ok,0.4294
prescan,llm,64,8192,512,16,1024,8192,native,0.500,16.000,4,8,32,0,2.0324,264.2,0.09,ok,0.3685
prescan,llm,64,8192,512,16,1024,16384,native,0.500,16.000,4,8,32,0,2.0269,264.9,1.92,ok,0.3695
prescan,llm,64,8192,512,16,2048,256,native,0.016,0.500,128,256,1024,0,0.7758,692.0,4.95,ok,0.9654
prescan,llm,64,8192,512,16,2048,512,native,0.031,1.000,64,128,512,0,0.7149,751.0,12.62,ok,1.0476
prescan,llm,64,8192,512,16,2048,1024,native,0.062,2.000,32,64,256,0,0.6993,767.7,15.77,ok,1.0711
prescan,llm,64,8192,512,16,2048,2048,native,0.125,4.000,16,32,128,0,0.7002,766.8,10.53,ok,1.0697
prescan,llm,64,8192,512,16,2048,4096,native,0.250,8.000,8,16,64,0,0.7630,703.7,7.89,ok,0.9816
prescan,llm,64,8192,512,16,2048,8192,native,0.500,16.000,4,8,32,0,1.3281,404.3,12.88,ok,0.5640
prescan,llm,64,8192,512,16,2048,16384,native,0.500,16.000,4,8,32,0,1.6557,324.2,33.02,ok,0.4523
prescan,llm,64,8192,512,16,4096,256,native,0.016,0.500,128,256,1024,0,0.8159,658.0,23.88,ok,0.9179
prescan,llm,64,8192,512,16,4096,512,native,0.031,1.000,64,128,512,0,0.6638,808.8,5.85,ok,1.1283
prescan,llm,64,8192,512,16,4096,1024,native,0.062,2.000,32,64,256,0,0.6365,843.4,4.95,ok,1.1766
prescan,llm,64,8192,512,16,4096,2048,native,0.125,4.000,16,32,128,0,0.6639,808.7,6.61,ok,1.1282
prescan,llm,64,8192,512,16,4096,4096,native,0.250,8.000,8,16,64,0,0.7500,715.8,4.84,ok,0.9986
prescan,llm,64,8192,512,16,4096,8192,native,0.500,16.000,4,8,32,0,1.2751,421.0,6.94,ok,0.5874
prescan,llm,64,8192,512,16,4096,16384,native,0.500,16.000,4,8,32,0,1.5693,342.1,10.15,ok,0.4773
prescan,llm,64,8192,512,32,64,8192,native,1.000,2.000,32,8,32,0,0.9277,578.7,5.59,ok,0.8074
prescan,llm,64,8192,512,32,64,16384,native,1.000,2.000,32,8,32,0,0.9123,588.5,11.59,ok,0.8210
prescan,llm,64,8192,512,32,128,8192,native,1.000,4.000,16,8,32,0,0.8169,657.2,7.71,ok,0.9169
prescan,llm,64,8192,512,32,128,16384,native,1.000,4.000,16,8,32,0,0.7890,680.4,9.54,ok,0.9492
prescan,llm,64,8192,512,32,256,8192,native,1.000,8.000,8,8,32,0,0.8204,654.4,7.93,ok,0.9129
prescan,llm,64,8192,512,32,256,16384,native,1.000,8.000,8,8,32,0,0.8233,652.1,8.88,ok,0.9097
prescan,llm,64,8192,512,32,512,8192,native,1.000,16.000,4,8,32,0,1.1529,465.7,9.75,ok,0.6496
prescan,llm,64,8192,512,32,512,16384,native,1.000,16.000,4,8,32,0,1.3165,407.8,21.55,ok,0.5689
prescan,llm,64,8192,512,32,1024,8192,native,1.000,16.000,4,8,32,0,1.4262,376.4,6.87,ok,0.5252
prescan,llm,64,8192,512,32,1024,16384,native,1.000,16.000,4,8,32,0,1.5862,338.5,26.29,ok,0.4722
prescan,llm,64,8192,512,32,2048,256,native,0.031,0.500,128,256,1024,0,0.7312,734.2,12.39,ok,1.0243
prescan,llm,64,8192,512,32,2048,512,native,0.062,1.000,64,128,512,0,0.7247,740.8,6.12,ok,1.0334
prescan,llm,64,8192,512,32,2048,1024,native,0.125,2.000,32,64,256,0,0.6998,767.2,9.29,ok,1.0702
prescan,llm,64,8192,512,32,2048,2048,native,0.250,4.000,16,32,128,0,0.7092,757.1,8.68,ok,1.0561
prescan,llm,64,8192,512,32,2048,4096,native,0.500,8.000,8,16,64,0,0.7807,687.7,3.32,ok,0.9593
prescan,llm,64,8192,512,32,2048,8192,native,1.000,16.000,4,8,32,0,1.1933,449.9,4.28,ok,0.6277
prescan,llm,64,8192,512,32,2048,16384,native,1.000,16.000,4,8,32,0,1.2894,416.4,14.51,ok,0.5809
prescan,llm,64,8192,512,32,4096,256,native,0.031,0.500,128,256,1024,0,0.7416,724.0,4.17,ok,1.0100
prescan,llm,64,8192,512,32,4096,512,native,0.062,1.000,64,128,512,0,0.7268,738.7,1.24,ok,1.0305
prescan,llm,64,8192,512,32,4096,1024,native,0.125,2.000,32,64,256,0,0.7192,746.5,4.48,ok,1.0414
prescan,llm,64,8192,512,32,4096,2048,native,0.250,4.000,16,32,128,0,0.6821,787.1,7.01,ok,1.0980
prescan,llm,64,8192,512,32,4096,4096,native,0.500,8.000,8,16,64,0,0.7881,681.3,5.88,ok,0.9504
prescan,llm,64,8192,512,32,4096,8192,native,1.000,16.000,4,8,32,0,1.1336,473.6,2.48,ok,0.6607
prescan,llm,64,8192,512,32,4096,16384,native,1.000,16.000,4,8,32,0,1.2676,423.5,3.51,ok,0.5908
prescan,llm,64,8192,512,64,64,8192,native,2.000,2.000,32,8,32,0,0.8694,617.5,17.26,ok,0.8614
prescan,llm,64,8192,512,64,64,16384,native,2.000,2.000,32,8,32,0,0.8335,644.1,13.01,ok,0.8986
prescan,llm,64,8192,512,64,128,8192,native,2.000,4.000,16,8,32,0,0.7844,684.5,8.18,ok,0.9549
prescan,llm,64,8192,512,64,128,16384,native,2.000,4.000,16,8,32,0,0.7928,677.2,9.10,ok,0.9447
prescan,llm,64,8192,512,64,256,8192,native,2.000,8.000,8,8,32,0,0.8490,632.4,8.19,ok,0.8822
prescan,llm,64,8192,512,64,256,16384,native,2.000,8.000,8,8,32,0,0.8373,641.2,3.95,ok,0.8945
prescan,llm,64,8192,512,64,512,8192,native,2.000,16.000,4,8,32,0,1.0972,489.3,5.43,ok,0.6826
prescan,llm,64,8192,512,64,512,16384,native,2.000,16.000,4,8,32,0,1.1379,471.8,2.10,ok,0.6582
prescan,llm,64,8192,512,64,1024,8192,native,2.000,16.000,4,8,32,0,1.2241,438.6,15.48,ok,0.6119
prescan,llm,64,8192,512,64,1024,16384,native,2.000,16.000,4,8,32,0,1.4120,380.2,4.68,ok,0.5304
prescan,llm,64,8192,512,64,2048,256,native,0.062,0.500,128,256,1024,0,0.6935,774.1,5.76,ok,1.0800
prescan,llm,64,8192,512,64,2048,512,native,0.125,1.000,64,128,512,0,0.6576,816.4,6.68,ok,1.1390
prescan,llm,64,8192,512,64,2048,1024,native,0.250,2.000,32,64,256,0,0.6576,816.4,14.33,ok,1.1390
prescan,llm,64,8192,512,64,2048,2048,native,0.500,4.000,16,32,128,0,0.6512,824.4,8.64,ok,1.1502
prescan,llm,64,8192,512,64,2048,4096,native,1.000,8.000,8,16,64,0,0.7758,692.1,4.79,ok,0.9655
prescan,llm,64,8192,512,64,2048,8192,native,2.000,16.000,4,8,32,0,1.0644,504.4,4.49,ok,0.7036
prescan,llm,64,8192,512,64,2048,16384,native,2.000,16.000,4,8,32,0,1.2013,446.9,6.11,ok,0.6234
prescan,llm,64,8192,512,64,4096,256,native,0.062,0.500,128,256,1024,0,0.7026,764.1,7.63,ok,1.0659
prescan,llm,64,8192,512,64,4096,512,native,0.125,1.000,64,128,512,0,0.6723,798.6,3.86,ok,1.1141
prescan,llm,64,8192,512,64,4096,1024,native,0.250,2.000,32,64,256,0,0.6444,833.2,0.27,ok,1.1623
prescan,llm,64,8192,512,64,4096,2048,native,0.500,4.000,16,32,128,0,0.6563,818.1,4.10,ok,1.1412
prescan,llm,64,8192,512,64,4096,4096,native,1.000,8.000,8,16,64,0,0.7991,671.8,4.53,ok,0.9372
prescan,llm,64,8192,512,64,4096,8192,native,2.000,16.000,4,8,32,0,1.0021,535.7,16.89,ok,0.7474
prescan,llm,64,8192,512,64,4096,16384,native,2.000,16.000,4,8,32,0,1.2388,433.4,7.00,ok,0.6046
prescan,llm,64,8192,512,128,64,8192,native,2.000,2.000,32,8,32,0,1.1522,466.0,47.74,ok,0.6500
prescan,llm,64,8192,512,128,64,16384,native,2.000,2.000,32,8,32,0,1.0198,526.5,28.95,ok,0.7345
prescan,llm,64,8192,512,128,128,8192,native,2.000,4.000,16,8,32,0,0.8828,608.2,19.56,ok,0.8484
prescan,llm,64,8192,512,128,128,16384,native,2.000,4.000,16,8,32,0,0.9116,588.9,16.56,ok,0.8216
prescan,llm,64,8192,512,128,256,8192,native,2.000,8.000,8,8,32,0,0.9230,581.7,15.62,ok,0.8115
prescan,llm,64,8192,512,128,256,16384,native,2.000,8.000,8,8,32,0,0.9179,584.9,6.33,ok,0.8159
prescan,llm,64,8192,512,128,512,8192,native,2.000,16.000,4,8,32,0,1.1324,474.1,3.78,ok,0.6614
prescan,llm,64,8192,512,128,512,16384,native,2.000,16.000,4,8,32,0,1.2002,447.3,0.78,ok,0.6240
prescan,llm,64,8192,512,128,1024,8192,native,2.000,16.000,4,8,32,0,1.4418,372.4,11.10,ok,0.5195
prescan,llm,64,8192,512,128,1024,16384,native,2.000,16.000,4,8,32,0,1.3773,389.8,3.84,ok,0.5438
prescan,llm,64,8192,512,128,2048,256,native,0.062,0.500,128,256,1024,0,0.7991,671.9,20.80,ok,0.9373
prescan,llm,64,8192,512,128,2048,512,native,0.125,1.000,64,128,512,0,0.7499,715.9,19.85,ok,0.9987
prescan,llm,64,8192,512,128,2048,1024,native,0.250,2.000,32,64,256,0,0.7168,749.0,22.36,ok,1.0449
prescan,llm,64,8192,512,128,2048,2048,native,0.500,4.000,16,32,128,0,0.7561,710.0,23.39,ok,0.9905
prescan,llm,64,8192,512,128,2048,4096,native,1.000,8.000,8,16,64,0,0.8807,609.6,6.12,ok,0.8504
prescan,llm,64,8192,512,128,2048,8192,native,2.000,16.000,4,8,32,0,1.2126,442.8,20.58,ok,0.6177
prescan,llm,64,8192,512,128,2048,16384,native,2.000,16.000,4,8,32,0,1.3954,384.8,29.99,ok,0.5368
prescan,llm,64,8192,512,128,4096,256,native,0.062,0.500,128,256,1024,0,0.8344,643.5,20.87,ok,0.8977
prescan,llm,64,8192,512,128,4096,512,native,0.125,1.000,64,128,512,0,0.7667,700.2,14.13,ok,0.9769
prescan,llm,64,8192,512,128,4096,1024,native,0.250,2.000,32,64,256,0,0.7212,744.4,13.49,ok,1.0385
prescan,llm,64,8192,512,128,4096,2048,native,0.500,4.000,16,32,128,0,0.7105,755.6,13.54,ok,1.0541
prescan,llm,64,8192,512,128,4096,4096,native,1.000,8.000,8,16,64,0,0.8561,627.1,15.55,ok,0.8748
prescan,llm,64,8192,512,128,4096,8192,native,2.000,16.000,4,8,32,0,1.1774,456.0,13.73,ok,0.6361
prescan,llm,64,8192,512,128,4096,16384,native,2.000,16.000,4,8,32,0,1.3939,385.2,8.79,ok,0.5373
prescan,llm,64,8192,512,16,256,2048,native,0.125,2.000,32,32,128,0,0.7490,716.8,12.13,ok,1.0000
final,llm,64,8192,512,16,4096,1024,native,0.062,2.000,32,64,256,218,0.6815,787.7,3.79,ok,1.0185
final,llm,64,8192,512,64,4096,1024,native,0.250,2.000,32,64,256,228,0.6531,822.0,0.28,ok,1.0628
final,llm,64,8192,512,64,2048,2048,native,0.500,4.000,16,32,128,228,0.6555,819.0,0.19,ok,1.0589
final,llm,64,8192,512,64,4096,2048,native,0.500,4.000,16,32,128,227,0.6565,817.8,4.05,ok,1.0574
final,llm,64,8192,512,64,2048,1024,native,0.250,2.000,32,64,256,227,0.6540,820.9,0.91,ok,1.0613
final,llm,64,8192,512,64,2048,512,native,0.125,1.000,64,128,512,180,0.6703,800.9,7.43,ok,1.0356
final,llm,64,8192,512,16,4096,512,native,0.031,1.000,64,128,512,225,0.6934,774.3,17.01,ok,1.0011
final,llm,64,8192,512,16,4096,2048,native,0.125,4.000,16,32,128,194,0.7318,733.6,5.98,ok,0.9486
final,llm,64,8192,512,16,256,2048,native,0.125,2.000,32,32,128,214,0.6942,773.4,0.54,ok,1.0000
prescan,llm,64,16384,512,16,64,8192,native,0.500,2.000,64,16,64,0,1.9871,540.4,13.16,ok,0.8129
prescan,llm,64,16384,512,16,64,16384,native,1.000,4.000,32,8,32,0,1.9637,546.8,15.74,ok,0.8226
prescan,llm,64,16384,512,16,128,8192,native,0.500,4.000,32,16,64,0,1.7386,617.6,10.99,ok,0.9291
prescan,llm,64,16384,512,16,128,16384,native,1.000,8.000,16,8,32,0,1.9156,560.5,14.64,ok,0.8433
prescan,llm,64,16384,512,16,256,8192,native,0.500,8.000,16,16,64,0,1.7876,600.7,8.06,ok,0.9036
prescan,llm,64,16384,512,16,256,16384,native,1.000,16.000,8,8,32,0,2.9668,361.9,11.09,ok,0.5445
prescan,llm,64,16384,512,16,512,8192,native,0.500,16.000,8,16,64,0,3.5666,301.1,24.22,ok,0.4529
prescan,llm,64,16384,512,16,512,16384,native,1.000,32.000,4,8,32,0,3.6953,290.6,0.19,ok,0.4371
prescan,llm,64,16384,512,16,1024,8192,native,0.500,16.000,8,16,64,0,4.0802,263.2,0.61,ok,0.3959
prescan,llm,64,16384,512,16,1024,16384,native,1.000,32.000,4,8,32,0,3.7511,286.2,0.63,ok,0.4306
prescan,llm,64,16384,512,16,2048,256,native,0.016,0.500,256,512,2048,0,1.8277,587.5,4.08,ok,0.8838
prescan,llm,64,16384,512,16,2048,512,native,0.031,1.000,128,256,1024,0,1.7194,624.5,6.08,ok,0.9395
prescan,llm,64,16384,512,16,2048,1024,native,0.062,2.000,64,128,512,0,1.6795,639.3,3.43,ok,0.9618
prescan,llm,64,16384,512,16,2048,2048,native,0.125,4.000,32,64,256,0,1.6347,656.8,5.44,ok,0.9882
prescan,llm,64,16384,512,16,2048,4096,native,0.250,8.000,16,32,128,0,1.8374,584.4,14.35,ok,0.8791
prescan,llm,64,16384,512,16,2048,8192,native,0.500,16.000,8,16,64,0,3.3059,324.8,8.70,ok,0.4886
prescan,llm,64,16384,512,16,2048,16384,native,1.000,32.000,4,8,32,0,3.7087,289.5,3.07,ok,0.4356
prescan,llm,64,16384,512,16,4096,256,native,0.016,0.500,256,512,2048,0,1.7933,598.8,3.08,ok,0.9008
prescan,llm,64,16384,512,16,4096,512,native,0.031,1.000,128,256,1024,0,1.6910,635.0,3.97,ok,0.9553
prescan,llm,64,16384,512,16,4096,1024,native,0.062,2.000,64,128,512,0,1.5709,683.5,12.76,ok,1.0283
prescan,llm,64,16384,512,16,4096,2048,native,0.125,4.000,32,64,256,0,1.4929,719.2,16.76,ok,1.0820
prescan,llm,64,16384,512,16,4096,4096,native,0.250,8.000,16,32,128,0,1.6831,638.0,0.60,ok,0.9598
prescan,llm,64,16384,512,16,4096,8192,native,0.500,16.000,8,16,64,0,3.1180,344.4,18.37,ok,0.5181
prescan,llm,64,16384,512,16,4096,16384,native,1.000,32.000,4,8,32,0,3.6594,293.4,2.44,ok,0.4414
prescan,llm,64,16384,512,32,64,8192,native,1.000,2.000,64,16,64,0,2.1851,491.4,0.14,ok,0.7393
prescan,llm,64,16384,512,32,64,16384,native,2.000,4.000,32,8,32,0,2.1916,489.9,7.64,ok,0.7371
prescan,llm,64,16384,512,32,128,8192,native,1.000,4.000,32,16,64,0,1.8689,574.5,0.30,ok,0.8644
prescan,llm,64,16384,512,32,128,16384,native,2.000,8.000,16,8,32,0,2.1135,508.0,5.31,ok,0.7643
prescan,llm,64,16384,512,32,256,8192,native,1.000,8.000,16,16,64,0,1.8405,583.4,1.26,ok,0.8777
prescan,llm,64,16384,512,32,256,16384,native,2.000,16.000,8,8,32,0,2.5785,416.4,2.34,ok,0.6265
prescan,llm,64,16384,512,32,512,8192,native,1.000,16.000,8,16,64,0,3.0582,351.1,5.39,ok,0.5282
prescan,llm,64,16384,512,32,512,16384,native,2.000,32.000,4,8,32,0,3.2271,332.7,4.71,ok,0.5006
prescan,llm,64,16384,512,32,1024,8192,native,1.000,16.000,8,16,64,0,3.5694,300.8,0.07,ok,0.4526
prescan,llm,64,16384,512,32,1024,16384,native,2.000,32.000,4,8,32,0,3.2594,329.4,4.86,ok,0.4956
prescan,llm,64,16384,512,32,2048,256,native,0.031,0.500,256,512,2048,0,1.8611,576.9,2.49,ok,0.8680
prescan,llm,64,16384,512,32,2048,512,native,0.062,1.000,128,256,1024,0,1.7643,608.6,1.07,ok,0.9156
prescan,llm,64,16384,512,32,2048,1024,native,0.125,2.000,64,128,512,0,1.5976,672.1,6.82,ok,1.0111
prescan,llm,64,16384,512,32,2048,2048,native,0.250,4.000,32,64,256,0,1.4844,723.3,2.57,ok,1.0882
prescan,llm,64,16384,512,32,2048,4096,native,0.500,8.000,16,32,128,0,1.7593,610.3,13.34,ok,0.9182
prescan,llm,64,16384,512,32,2048,8192,native,1.000,16.000,8,16,64,0,2.4697,434.8,9.25,ok,0.6541
prescan,llm,64,16384,512,32,2048,16384,native,2.000,32.000,4,8,32,0,3.2076,334.8,4.82,ok,0.5036
prescan,llm,64,16384,512,32,4096,256,native,0.031,0.500,256,512,2048,0,1.7923,599.1,0.64,ok,0.9013
prescan,llm,64,16384,512,32,4096,512,native,0.062,1.000,128,256,1024,0,1.5147,708.9,11.44,ok,1.0664
prescan,llm,64,16384,512,32,4096,1024,native,0.125,2.000,64,128,512,0,1.4348,748.3,7.06,ok,1.1258
prescan,llm,64,16384,512,32,4096,2048,native,0.250,4.000,32,64,256,0,1.4013,766.3,5.45,ok,1.1528
prescan,llm,64,16384,512,32,4096,4096,native,0.500,8.000,16,32,128,0,1.6711,642.5,9.83,ok,0.9666
prescan,llm,64,16384,512,32,4096,8192,native,1.000,16.000,8,16,64,0,2.4814,432.7,7.31,ok,0.6510
prescan,llm,64,16384,512,32,4096,16384,native,2.000,32.000,4,8,32,0,3.1528,340.6,2.12,ok,0.5124
prescan,llm,64,16384,512,64,64,8192,native,2.000,2.000,64,16,64,0,2.3529,456.3,18.12,ok,0.6865
prescan,llm,64,16384,512,64,64,16384,native,4.000,4.000,32,8,32,0,2.4272,442.4,23.63,ok,0.6655
prescan,llm,64,16384,512,64,128,8192,native,2.000,4.000,32,16,64,0,1.9196,559.3,5.06,ok,0.8415
prescan,llm,64,16384,512,64,128,16384,native,4.000,8.000,16,8,32,0,2.1901,490.3,5.29,ok,0.7376
prescan,llm,64,16384,512,64,256,8192,native,2.000,8.000,16,16,64,0,1.9428,552.7,7.07,ok,0.8315
prescan,llm,64,16384,512,64,256,16384,native,4.000,16.000,8,8,32,0,3.1862,337.0,10.36,ok,0.5070
prescan,llm,64,16384,512,64,512,8192,native,2.000,16.000,8,16,64,0,3.0910,347.4,16.61,ok,0.5226
prescan,llm,64,16384,512,64,512,16384,native,4.000,32.000,4,8,32,0,3.4148,314.4,23.50,ok,0.4730
prescan,llm,64,16384,512,64,1024,8192,native,2.000,16.000,8,16,64,0,3.4523,311.0,5.16,ok,0.4679
prescan,llm,64,16384,512,64,1024,16384,native,4.000,32.000,4,8,32,0,3.8616,278.1,3.48,ok,0.4183
prescan,llm,64,16384,512,64,2048,256,native,0.062,0.500,256,512,2048,0,1.7661,608.0,3.76,ok,0.9146
prescan,llm,64,16384,512,64,2048,512,native,0.125,1.000,128,256,1024,0,1.6429,653.5,4.98,ok,0.9832
prescan,llm,64,16384,512,64,2048,1024,native,0.250,2.000,64,128,512,0,1.4671,731.9,2.99,ok,1.1011
prescan,llm,64,16384,512,64,2048,2048,native,0.500,4.000,32,64,256,0,1.3838,775.9,3.64,ok,1.1673
prescan,llm,64,16384,512,64,2048,4096,native,1.000,8.000,16,32,128,0,1.6425,653.7,8.80,ok,0.9835
prescan,llm,64,16384,512,64,2048,8192,native,2.000,16.000,8,16,64,0,2.2433,478.6,5.44,ok,0.7201
prescan,llm,64,16384,512,64,2048,16384,native,4.000,32.000,4,8,32,0,2.5682,418.1,1.23,ok,0.6290
prescan,llm,64,16384,512,64,4096,256,native,0.062,0.500,256,512,2048,0,1.5872,676.5,0.48,ok,1.0178
prescan,llm,64,16384,512,64,4096,512,native,0.125,1.000,128,256,1024,0,1.5014,715.2,4.96,ok,1.0759
prescan,llm,64,16384,512,64,4096,1024,native,0.250,2.000,64,128,512,0,1.4069,763.2,3.03,ok,1.1481
prescan,llm,64,16384,512,64,4096,2048,native,0.500,4.000,32,64,256,0,1.3293,807.8,6.92,ok,1.2152
prescan,llm,64,16384,512,64,4096,4096,native,1.000,8.000,16,32,128,0,1.5835,678.1,9.26,ok,1.0201
prescan,llm,64,16384,512,64,4096,8192,native,2.000,16.000,8,16,64,0,2.2191,483.9,10.41,ok,0.7279
prescan,llm,64,16384,512,64,4096,16384,native,4.000,32.000,4,8,32,0,2.8059,382.7,20.91,ok,0.5757
prescan,llm,64,16384,512,128,64,8192,native,2.000,2.000,64,16,64,0,2.0167,532.4,5.97,ok,0.8010
prescan,llm,64,16384,512,128,64,16384,native,4.000,4.000,32,8,32,0,2.2607,475.0,25.52,ok,0.7145
prescan,llm,64,16384,512,128,128,8192,native,2.000,4.000,32,16,64,0,1.8349,585.2,15.82,ok,0.8804
prescan,llm,64,16384,512,128,128,16384,native,4.000,8.000,16,8,32,0,2.2049,487.0,21.68,ok,0.7326
prescan,llm,64,16384,512,128,256,8192,native,2.000,8.000,16,16,64,0,2.0517,523.3,30.86,ok,0.7873
prescan,llm,64,16384,512,128,256,16384,native,4.000,16.000,8,8,32,0,2.8318,379.2,19.57,ok,0.5704
prescan,llm,64,16384,512,128,512,8192,native,2.000,16.000,8,16,64,0,2.8839,372.3,38.13,ok,0.5601
prescan,llm,64,16384,512,128,512,16384,native,4.000,32.000,4,8,32,0,3.5197,305.1,30.29,ok,0.4589
prescan,llm,64,16384,512,128,1024,8192,native,2.000,16.000,8,16,64,0,3.1583,340.0,26.52,ok,0.5115
prescan,llm,64,16384,512,128,1024,16384,native,4.000,32.000,4,8,32,0,3.2283,332.6,44.86,ok,0.5004
prescan,llm,64,16384,512,128,2048,256,native,0.062,0.500,256,512,2048,0,1.5992,671.4,27.39,ok,1.0101
prescan,llm,64,16384,512,128,2048,512,native,0.125,1.000,128,256,1024,0,1.4881,721.6,22.24,ok,1.0855
prescan,llm,64,16384,512,128,2048,1024,native,0.250,2.000,64,128,512,0,1.4069,763.2,15.34,ok,1.1481
prescan,llm,64,16384,512,128,2048,2048,native,0.500,4.000,32,64,256,0,1.3865,774.4,15.14,ok,1.1651
prescan,llm,64,16384,512,128,2048,4096,native,1.000,8.000,16,32,128,0,1.5957,672.9,9.54,ok,1.0123
prescan,llm,64,16384,512,128,2048,8192,native,2.000,16.000,8,16,64,0,2.1952,489.1,18.48,ok,0.7359
prescan,llm,64,16384,512,128,2048,16384,native,4.000,32.000,4,8,32,0,2.8550,376.1,23.57,ok,0.5658
prescan,llm,64,16384,512,128,4096,256,native,0.062,0.500,256,512,2048,0,1.7363,618.4,14.44,ok,0.9303
prescan,llm,64,16384,512,128,4096,512,native,0.125,1.000,128,256,1024,0,1.5962,672.7,15.66,ok,1.0120
prescan,llm,64,16384,512,128,4096,1024,native,0.250,2.000,64,128,512,0,1.5021,714.8,14.91,ok,1.0754
prescan,llm,64,16384,512,128,4096,2048,native,0.500,4.000,32,64,256,0,1.4176,757.5,9.40,ok,1.1395
prescan,llm,64,16384,512,128,4096,4096,native,1.000,8.000,16,32,128,0,1.6614,646.3,15.04,ok,0.9723
prescan,llm,64,16384,512,128,4096,8192,native,2.000,16.000,8,16,64,0,2.3432,458.2,15.28,ok,0.6894
prescan,llm,64,16384,512,128,4096,16384,native,4.000,32.000,4,8,32,0,2.9903,359.1,5.81,ok,0.5402
prescan,llm,64,16384,512,16,256,2048,native,0.125,2.000,64,64,256,0,1.6154,664.7,14.35,ok,1.0000
final,llm,64,16384,512,64,4096,2048,native,0.500,4.000,32,64,256,97,1.5468,694.2,0.91,ok,1.0243
final,llm,64,16384,512,64,2048,2048,native,0.500,4.000,32,64,256,98,1.5496,692.9,5.40,ok,1.0224
final,llm,64,16384,512,128,2048,2048,native,0.500,4.000,32,64,256,93,1.5587,688.8,5.70,ok,1.0164
final,llm,64,16384,512,32,4096,2048,native,0.250,4.000,32,64,256,93,1.5717,683.2,1.93,ok,1.0080
final,llm,64,16384,512,64,4096,1024,native,0.250,2.000,64,128,512,95,1.5735,682.4,1.39,ok,1.0069
final,llm,64,16384,512,128,2048,1024,native,0.250,2.000,64,128,512,94,1.5632,686.9,4.95,ok,1.0135
final,llm,64,16384,512,128,4096,2048,native,0.500,4.000,32,64,256,85,1.5360,699.1,4.95,ok,1.0315
final,llm,64,16384,512,32,4096,1024,native,0.125,2.000,64,128,512,90,1.5756,681.5,1.01,ok,1.0056
final,llm,64,16384,512,16,256,2048,native,0.125,2.000,64,64,256,93,1.5843,677.7,0.73,ok,1.0000
prescan,llm,64,32768,512,16,64,8192,native,0.500,2.000,128,32,128,0,3.7564,571.7,7.82,ok,0.8056
prescan,llm,64,32768,512,16,64,16384,native,1.000,4.000,64,16,64,0,3.5910,598.0,3.35,ok,0.8427
prescan,llm,64,32768,512,16,128,8192,native,0.500,4.000,64,32,128,0,3.1809,675.1,1.33,ok,0.9514
prescan,llm,64,32768,512,16,128,16384,native,1.000,8.000,32,16,64,0,3.2597,658.8,6.96,ok,0.9284
prescan,llm,64,32768,512,16,256,8192,native,0.500,8.000,32,32,128,0,2.9634,724.7,9.39,ok,1.0212
prescan,llm,64,32768,512,16,256,16384,native,1.000,16.000,16,16,64,0,5.1458,417.3,15.68,ok,0.5881
prescan,llm,64,32768,512,16,512,8192,native,0.500,16.000,16,32,128,0,5.5362,387.9,19.91,ok,0.5466
prescan,llm,64,32768,512,16,512,16384,native,1.000,32.000,8,16,64,0,7.5355,285.0,6.23,ok,0.4016
prescan,llm,64,32768,512,16,1024,8192,native,0.500,16.000,16,32,128,0,7.0911,302.8,24.07,ok,0.4268
prescan,llm,64,32768,512,16,1024,16384,native,1.000,32.000,8,16,64,0,7.4427,288.5,1.90,ok,0.4066
prescan,llm,64,32768,512,16,2048,256,native,0.016,0.500,512,1024,4096,0,3.6020,596.2,0.47,ok,0.8402
prescan,llm,64,32768,512,16,2048,512,native,0.031,1.000,256,512,2048,0,3.4255,626.9,0.18,ok,0.8835
prescan,llm,64,32768,512,16,2048,1024,native,0.062,2.000,128,256,1024,0,3.2951,651.7,2.45,ok,0.9184
prescan,llm,64,32768,512,16,2048,2048,native,0.125,4.000,64,128,512,0,2.9534,727.1,2.57,ok,1.0247
prescan,llm,64,32768,512,16,2048,4096,native,0.250,8.000,32,64,256,0,3.1410,683.7,10.18,ok,0.9635
prescan,llm,64,32768,512,16,2048,8192,native,0.500,16.000,16,32,128,0,5.5463,387.2,18.12,ok,0.5456
prescan,llm,64,32768,512,16,2048,16384,native,1.000,32.000,8,16,64,0,7.4439,288.5,1.75,ok,0.4065
prescan,llm,64,32768,512,16,4096,256,native,0.016,0.500,512,1024,4096,0,3.5923,597.8,0.46,ok,0.8424
prescan,llm,64,32768,512,16,4096,512,native,0.031,1.000,256,512,2048,0,3.3749,636.3,0.15,ok,0.8967
prescan,llm,64,32768,512,16,4096,1024,native,0.062,2.000,128,256,1024,0,2.9730,722.3,1.06,ok,1.0179
prescan,llm,64,32768,512,16,4096,2048,native,0.125,4.000,64,128,512,0,2.8601,750.8,4.21,ok,1.0581
prescan,llm,64,32768,512,16,4096,4096,native,0.250,8.000,32,64,256,0,2.9965,716.7,9.95,ok,1.0099
prescan,llm,64,32768,512,16,4096,8192,native,0.500,16.000,16,32,128,0,5.0326,426.7,18.52,ok,0.6013
prescan,llm,64,32768,512,16,4096,16384,native,1.000,32.000,8,16,64,0,6.8897,311.7,16.31,ok,0.4392
prescan,llm,64,32768,512,32,64,8192,native,1.000,2.000,128,32,128,0,4.2434,506.1,2.22,ok,0.7132
prescan,llm,64,32768,512,32,64,16384,native,2.000,4.000,64,16,64,0,4.0857,525.6,15.16,ok,0.7407
prescan,llm,64,32768,512,32,128,8192,native,1.000,4.000,64,32,128,0,3.5019,613.2,10.16,ok,0.8642
prescan,llm,64,32768,512,32,128,16384,native,2.000,8.000,32,16,64,0,3.8184,562.4,2.17,ok,0.7925
prescan,llm,64,32768,512,32,256,8192,native,1.000,8.000,32,32,128,0,3.2297,664.9,6.10,ok,0.9370
prescan,llm,64,32768,512,32,256,16384,native,2.000,16.000,16,16,64,0,4.8226,445.3,8.70,ok,0.6275
prescan,llm,64,32768,512,32,512,8192,native,1.000,16.000,16,32,128,0,4.6671,460.1,15.89,ok,0.6484
prescan,llm,64,32768,512,32,512,16384,native,2.000,32.000,8,16,64,0,6.0061,357.6,0.85,ok,0.5039
prescan,llm,64,32768,512,32,1024,8192,native,1.000,16.000,16,32,128,0,6.2423,344.0,3.29,ok,0.4848
prescan,llm,64,32768,512,32,1024,16384,native,2.000,32.000,8,16,64,0,6.8258,314.6,21.56,ok,0.4434
prescan,llm,64,32768,512,32,2048,256,native,0.031,0.500,512,1024,4096,0,3.4872,615.8,0.58,ok,0.8678
prescan,llm,64,32768,512,32,2048,512,native,0.062,1.000,256,512,2048,0,3.0700,699.5,1.28,ok,0.9857
prescan,llm,64,32768,512,32,2048,1024,native,0.125,2.000,128,256,1024,0,2.8328,758.1,2.21,ok,1.0683
prescan,llm,64,32768,512,32,2048,2048,native,0.250,4.000,64,128,512,0,2.7329,785.8,1.15,ok,1.1073
prescan,llm,64,32768,512,32,2048,4096,native,0.500,8.000,32,64,256,0,2.9342,731.9,6.99,ok,1.0313
prescan,llm,64,32768,512,32,2048,8192,native,1.000,16.000,16,32,128,0,4.4967,477.6,10.66,ok,0.6730
prescan,llm,64,32768,512,32,2048,16384,native,2.000,32.000,8,16,64,0,6.1341,350.1,6.21,ok,0.4933
prescan,llm,64,32768,512,32,4096,256,native,0.031,0.500,512,1024,4096,0,3.4372,624.8,10.48,ok,0.8804
prescan,llm,64,32768,512,32,4096,512,native,0.062,1.000,256,512,2048,0,3.1229,687.7,0.22,ok,0.9691
prescan,llm,64,32768,512,32,4096,1024,native,0.125,2.000,128,256,1024,0,2.8664,749.2,0.13,ok,1.0558
prescan,llm,64,32768,512,32,4096,2048,native,0.250,4.000,64,128,512,0,2.7634,777.1,1.99,ok,1.0951
prescan,llm,64,32768,512,32,4096,4096,native,0.500,8.000,32,64,256,0,2.9337,732.0,0.28,ok,1.0315
prescan,llm,64,32768,512,32,4096,8192,native,1.000,16.000,16,32,128,0,4.0995,523.8,0.48,ok,0.7382
prescan,llm,64,32768,512,32,4096,16384,native,2.000,32.000,8,16,64,0,5.5728,385.4,11.40,ok,0.5430
prescan,llm,64,32768,512,64,64,8192,native,2.000,2.000,128,32,128,0,4.1820,513.5,1.91,ok,0.7236
prescan,llm,64,32768,512,64,64,16384,native,4.000,4.000,64,16,64,0,3.9573,542.7,4.83,ok,0.7647
prescan,llm,64,32768,512,64,128,8192,native,2.000,4.000,64,32,128,0,3.3617,638.8,12.02,ok,0.9002
prescan,llm,64,32768,512,64,128,16384,native,4.000,8.000,32,16,64,0,4.1206,521.2,25.13,ok,0.7344
prescan,llm,64,32768,512,64,256,8192,native,2.000,8.000,32,32,128,0,3.3799,635.4,23.96,ok,0.8954
prescan,llm,64,32768,512,64,256,16384,native,4.000,16.000,16,16,64,0,4.8636,441.5,31.93,ok,0.6222
prescan,llm,64,32768,512,64,512,8192,native,2.000,16.000,16,32,128,0,5.1347,418.2,28.92,ok,0.5894
prescan,llm,64,32768,512,64,512,16384,native,4.000,32.000,8,16,64,0,6.6905,321.0,32.69,ok,0.4523
prescan,llm,64,32768,512,64,1024,8192,native,2.000,16.000,16,32,128,0,6.9065,310.9,10.44,ok,0.4382
prescan,llm,64,32768,512,64,1024,16384,native,4.000,32.000,8,16,64,0,7.6512,280.7,8.81,ok,0.3955
prescan,llm,64,32768,512,64,2048,256,native,0.062,0.500,512,1024,4096,0,3.5184,610.4,4.83,ok,0.8601
prescan,llm,64,32768,512,64,2048,512,native,0.125,1.000,256,512,2048,0,3.2290,665.1,3.64,ok,0.9372
prescan,llm,64,32768,512,64,2048,1024,native,0.250,2.000,128,256,1024,0,2.8726,747.6,4.96,ok,1.0535
prescan,llm,64,32768,512,64,2048,2048,native,0.500,4.000,64,128,512,0,2.7847,771.2,5.21,ok,1.0867
prescan,llm,64,32768,512,64,2048,4096,native,1.000,8.000,32,64,256,0,3.1745,676.5,2.91,ok,0.9533
prescan,llm,64,32768,512,64,2048,8192,native,2.000,16.000,16,32,128,0,4.8206,445.5,10.43,ok,0.6278
prescan,llm,64,32768,512,64,2048,16384,native,4.000,32.000,8,16,64,0,5.7376,374.3,4.04,ok,0.5274
prescan,llm,64,32768,512,64,4096,256,native,0.062,0.500,512,1024,4096,0,3.3196,646.9,5.72,ok,0.9116
prescan,llm,64,32768,512,64,4096,512,native,0.125,1.000,256,512,2048,0,3.2537,660.0,1.89,ok,0.9301
prescan,llm,64,32768,512,64,4096,1024,native,0.250,2.000,128,256,1024,0,2.9016,740.1,2.98,ok,1.0429
prescan,llm,64,32768,512,64,4096,2048,native,0.500,4.000,64,128,512,0,2.7716,774.8,3.69,ok,1.0919
prescan,llm,64,32768,512,64,4096,4096,native,1.000,8.000,32,64,256,0,3.1343,685.2,8.03,ok,0.9655
prescan,llm,64,32768,512,64,4096,8192,native,2.000,16.000,16,32,128,0,4.2711,502.8,19.95,ok,0.7085
prescan,llm,64,32768,512,64,4096,16384,native,4.000,32.000,8,16,64,0,5.5529,386.7,19.49,ok,0.5450
prescan,llm,64,32768,512,128,64,8192,native,2.000,2.000,128,32,128,0,4.0747,527.0,5.58,ok,0.7427
prescan,llm,64,32768,512,128,64,16384,native,4.000,4.000,64,16,64,0,4.3932,488.8,15.42,ok,0.6888
prescan,llm,64,32768,512,128,128,8192,native,2.000,4.000,64,32,128,0,3.4310,625.9,10.01,ok,0.8820
prescan,llm,64,32768,512,128,128,16384,native,4.000,8.000,32,16,64,0,4.1646,515.6,12.64,ok,0.7267
prescan,llm,64,32768,512,128,256,8192,native,2.000,8.000,32,32,128,0,3.6249,592.4,9.17,ok,0.8348
prescan,llm,64,32768,512,128,256,16384,native,4.000,16.000,16,16,64,0,5.3016,405.1,14.70,ok,0.5708
prescan,llm,64,32768,512,128,512,8192,native,2.000,16.000,16,32,128,0,5.8716,365.7,15.45,ok,0.5154
prescan,llm,64,32768,512,128,512,16384,native,4.000,32.000,8,16,64,0,7.2615,295.7,3.23,ok,0.4167
prescan,llm,64,32768,512,128,1024,8192,native,2.000,16.000,16,32,128,0,6.3470,338.3,11.28,ok,0.4768
prescan,llm,64,32768,512,128,1024,16384,native,4.000,32.000,8,16,64,0,7.0593,304.2,3.48,ok,0.4287
prescan,llm,64,32768,512,128,2048,256,native,0.062,0.500,512,1024,4096,0,3.5560,603.9,6.93,ok,0.8510
prescan,llm,64,32768,512,128,2048,512,native,0.125,1.000,256,512,2048,0,3.3110,648.6,9.34,ok,0.9140
prescan,llm,64,32768,512,128,2048,1024,native,0.250,2.000,128,256,1024,0,2.9363,731.3,10.03,ok,1.0306
prescan,llm,64,32768,512,128,2048,2048,native,0.500,4.000,64,128,512,0,2.8084,764.7,7.09,ok,1.0775
prescan,llm,64,32768,512,128,2048,4096,native,1.000,8.000,32,64,256,0,3.1258,687.0,7.75,ok,0.9681
prescan,llm,64,32768,512,128,2048,8192,native,2.000,16.000,16,32,128,0,4.2924,500.3,17.95,ok,0.7050
prescan,llm,64,32768,512,128,2048,16384,native,4.000,32.000,8,16,64,0,5.9580,360.4,15.36,ok,0.5079
prescan,llm,64,32768,512,128,4096,256,native,0.062,0.500,512,1024,4096,0,3.3631,638.5,7.74,ok,0.8998
prescan,llm,64,32768,512,128,4096,512,native,0.125,1.000,256,512,2048,0,3.1405,683.8,3.87,ok,0.9636
prescan,llm,64,32768,512,128,4096,1024,native,0.250,2.000,128,256,1024,0,2.8464,754.4,0.03,ok,1.0632
prescan,llm,64,32768,512,128,4096,2048,native,0.500,4.000,64,128,512,0,2.7080,793.0,0.23,ok,1.1175
prescan,llm,64,32768,512,128,4096,4096,native,1.000,8.000,32,64,256,0,3.0251,709.9,1.23,ok,1.0004
prescan,llm,64,32768,512,128,4096,8192,native,2.000,16.000,16,32,128,0,4.0289,533.0,15.97,ok,0.7511
prescan,llm,64,32768,512,128,4096,16384,native,4.000,32.000,8,16,64,0,5.1011,421.0,18.88,ok,0.5932
prescan,llm,64,32768,512,16,256,2048,native,0.125,2.000,128,128,512,0,3.0262,709.6,2.54,ok,1.0000
final,llm,64,32768,512,128,4096,2048,native,0.500,4.000,64,128,512,51,2.8901,743.1,0.20,ok,1.0045
final,llm,64,32768,512,32,2048,2048,native,0.250,4.000,64,128,512,51,2.8998,740.6,0.20,ok,1.0012
final,llm,64,32768,512,32,4096,2048,native,0.250,4.000,64,128,512,51,2.8964,741.4,0.20,ok,1.0023
final,llm,64,32768,512,64,4096,2048,native,0.500,4.000,64,128,512,52,2.8904,743.0,0.28,ok,1.0044
final,llm,64,32768,512,64,2048,2048,native,0.500,4.000,64,128,512,46,3.0482,704.5,6.16,ok,0.9524
final,llm,64,32768,512,128,2048,2048,native,0.500,4.000,64,128,512,49,3.0455,705.1,3.05,ok,0.9533
final,llm,64,32768,512,32,2048,1024,native,0.125,2.000,128,256,1024,49,2.9816,720.2,2.15,ok,0.9737
final,llm,64,32768,512,128,4096,1024,native,0.250,2.000,128,256,1024,53,2.6609,807.1,0.40,ok,1.0911
final,llm,64,32768,512,16,256,2048,native,0.125,2.000,128,128,512,53,2.9032,739.7,6.62,ok,1.0000
prescan,llm,128,8192,512,16,64,8192,native,0.500,2.000,64,8,64,0,1.5251,704.1,0.93,ok,0.7759
prescan,llm,128,8192,512,16,64,16384,native,0.500,2.000,64,8,64,0,1.4908,720.2,1.41,ok,0.7937
prescan,llm,128,8192,512,16,128,8192,native,0.500,4.000,32,8,64,0,1.3048,822.9,1.58,ok,0.9069
prescan,llm,128,8192,512,16,128,16384,native,0.500,4.000,32,8,64,0,1.2994,826.4,1.32,ok,0.9107
prescan,llm,128,8192,512,16,256,8192,native,0.500,8.000,16,8,64,0,1.1759,913.1,0.77,ok,1.0063
prescan,llm,128,8192,512,16,256,16384,native,0.500,8.000,16,8,64,0,1.2051,891.0,2.80,ok,0.9819
prescan,llm,128,8192,512,16,512,8192,native,0.500,16.000,8,8,64,0,2.0540,522.8,9.90,ok,0.5761
prescan,llm,128,8192,512,16,512,16384,native,0.500,16.000,8,8,64,0,2.2212,483.4,14.87,ok,0.5327
prescan,llm,128,8192,512,16,1024,8192,native,0.500,16.000,8,8,64,0,2.2991,467.0,7.94,ok,0.5147
prescan,llm,128,8192,512,16,1024,16384,native,0.500,16.000,8,8,64,0,2.4104,445.5,15.72,ok,0.4909
prescan,llm,128,8192,512,16,2048,256,native,0.016,0.500,256,256,2048,0,1.2617,851.0,4.50,ok,0.9378
prescan,llm,128,8192,512,16,2048,512,native,0.031,1.000,128,128,1024,0,1.1226,956.5,0.62,ok,1.0541
prescan,llm,128,8192,512,16,2048,1024,native,0.062,2.000,64,64,512,0,1.0480,1024.6,0.86,ok,1.1291
prescan,llm,128,8192,512,16,2048,2048,native,0.125,4.000,32,32,256,0,1.0562,1016.6,4.05,ok,1.1203
prescan,llm,128,8192,512,16,2048,4096,native,0.250,8.000,16,16,128,0,1.1029,973.6,3.94,ok,1.0729
prescan,llm,128,8192,512,16,2048,8192,native,0.500,16.000,8,8,64,0,1.9123,561.5,3.38,ok,0.6188
prescan,llm,128,8192,512,16,2048,16384,native,0.500,16.000,8,8,64,0,2.0749,517.5,1.83,ok,0.5703
prescan,llm,128,8192,512,16,4096,256,native,0.016,0.500,256,256,2048,0,1.2741,842.7,5.83,ok,0.9287
prescan,llm,128,8192,512,16,4096,512,native,0.031,1.000,128,128,1024,0,1.1108,966.6,1.79,ok,1.0653
prescan,llm,128,8192,512,16,4096,1024,native,0.062,2.000,64,64,512,0,1.0772,996.8,2.56,ok,1.0985
prescan,llm,128,8192,512,16,4096,2048,native,0.125,4.000,32,32,256,0,1.0803,994.0,0.32,ok,1.0954
prescan,llm,128,8192,512,16,4096,4096,native,0.250,8.000,16,16,128,0,1.1269,952.9,0.74,ok,1.0501
prescan,llm,128,8192,512,16,4096,8192,native,0.500,16.000,8,8,64,0,2.0100,534.2,9.73,ok,0.5887
prescan,llm,128,8192,512,16,4096,16384,native,0.500,16.000,8,8,64,0,2.1737,494.0,13.29,ok,0.5444
prescan,llm,128,8192,512,32,64,8192,native,1.000,2.000,64,8,64,0,1.5256,703.8,3.12,ok,0.7756
prescan,llm,128,8192,512,32,64,16384,native,1.000,2.000,64,8,64,0,1.4550,738.0,3.29,ok,0.8133
prescan,llm,128,8192,512,32,128,8192,native,1.000,4.000,32,8,64,0,1.2216,879.0,4.75,ok,0.9687
prescan,llm,128,8192,512,32,128,16384,native,1.000,4.000,32,8,64,0,1.2567,854.4,2.81,ok,0.9416
prescan,llm,128,8192,512,32,256,8192,native,1.000,8.000,16,8,64,0,1.1640,922.4,6.29,ok,1.0165
prescan,llm,128,8192,512,32,256,16384,native,1.000,8.000,16,8,64,0,1.1877,904.0,3.24,ok,0.9963
prescan,llm,128,8192,512,32,512,8192,native,1.000,16.000,8,8,64,0,1.5810,679.1,0.52,ok,0.7484
prescan,llm,128,8192,512,32,512,16384,native,1.000,16.000,8,8,64,0,1.6429,653.6,5.84,ok,0.7203
prescan,llm,128,8192,512,32,1024,8192,native,1.000,16.000,8,8,64,0,1.7428,616.1,4.48,ok,0.6790
prescan,llm,128,8192,512,32,1024,16384,native,1.000,16.000,8,8,64,0,1.8760,572.4,18.05,ok,0.6308
prescan,llm,128,8192,512,32,2048,256,native,0.031,0.500,256,256,2048,0,1.2132,885.0,4.21,ok,0.9753
prescan,llm,128,8192,512,32,2048,512,native,0.062,1.000,128,128,1024,0,1.1101,967.3,1.44,ok,1.0660
prescan,llm,128,8192,512,32,2048,1024,native,0.125,2.000,64,64,512,0,1.0729,1000.8,3.93,ok,1.1029
prescan,llm,128,8192,512,32,2048,2048,native,0.250,4.000,32,32,256,0,1.0612,1011.8,4.20,ok,1.1151
prescan,llm,128,8192,512,32,2048,4096,native,0.500,8.000,16,16,128,0,1.1453,937.5,2.27,ok,1.0332
prescan,llm,128,8192,512,32,2048,8192,native,1.000,16.000,8,8,64,0,1.5921,674.4,0.92,ok,0.7432
prescan,llm,128,8192,512,32,2048,16384,native,1.000,16.000,8,8,64,0,1.6954,633.3,5.63,ok,0.6979
prescan,llm,128,8192,512,32,4096,256,native,0.031,0.500,256,256,2048,0,1.1895,902.7,1.26,ok,0.9948
prescan,llm,128,8192,512,32,4096,512,native,0.062,1.000,128,128,1024,0,1.1365,944.8,2.57,ok,1.0412
prescan,llm,128,8192,512,32,4096,1024,native,0.125,2.000,64,64,512,0,1.0888,986.2,0.54,ok,1.0868
prescan,llm,128,8192,512,32,4096,2048,native,0.250,4.000,32,32,256,0,1.0776,996.4,0.01,ok,1.0981
prescan,llm,128,8192,512,32,4096,4096,native,0.500,8.000,16,16,128,0,1.1182,960.2,0.31,ok,1.0582
prescan,llm,128,8192,512,32,4096,8192,native,1.000,16.000,8,8,64,0,1.5758,681.4,5.21,ok,0.7509
prescan,llm,128,8192,512,32,4096,16384,native,1.000,16.000,8,8,64,0,1.6430,653.5,8.62,ok,0.7202
prescan,llm,128,8192,512,64,64,8192,native,2.000,2.000,64,8,64,0,1.4710,729.9,4.71,ok,0.8044
prescan,llm,128,8192,512,64,64,16384,native,2.000,2.000,64,8,64,0,1.4772,726.9,6.01,ok,0.8010
prescan,llm,128,8192,512,64,128,8192,native,2.000,4.000,32,8,64,0,1.2696,845.7,0.11,ok,0.9320
prescan,llm,128,8192,512,64,128,16384,native,2.000,4.000,32,8,64,0,1.2901,832.3,2.99,ok,0.9172
prescan,llm,128,8192,512,64,256,8192,native,2.000,8.000,16,8,64,0,1.2255,876.1,2.75,ok,0.9655
prescan,llm,128,8192,512,64,256,16384,native,2.000,8.000,16,8,64,0,1.2397,866.1,4.22,ok,0.9545
prescan,llm,128,8192,512,64,512,8192,native,2.000,16.000,8,8,64,0,1.4948,718.3,5.74,ok,0.7916
prescan,llm,128,8192,512,64,512,16384,native,2.000,16.000,8,8,64,0,1.5372,698.5,3.86,ok,0.7698
prescan,llm,128,8192,512,64,1024,8192,native,2.000,16.000,8,8,64,0,1.5034,714.2,2.62,ok,0.7871
prescan,llm,128,8192,512,64,1024,16384,native,2.000,16.000,8,8,64,0,1.5486,693.4,2.75,ok,0.7641
prescan,llm,128,8192,512,64,2048,256,native,0.062,0.500,256,256,2048,0,1.2203,879.9,7.80,ok,0.9696
prescan,llm,128,8192,512,64,2048,512,native,0.125,1.000,128,128,1024,0,1.1627,923.5,4.99,ok,1.0177
prescan,llm,128,8192,512,64,2048,1024,native,0.250,2.000,64,64,512,0,1.1347,946.3,7.56,ok,1.0428
prescan,llm,128,8192,512,64,2048,2048,native,0.500,4.000,32,32,256,0,1.1255,954.0,7.73,ok,1.0513
prescan,llm,128,8192,512,64,2048,4096,native,1.000,8.000,16,16,128,0,1.2172,882.2,10.97,ok,0.9722
prescan,llm,128,8192,512,64,2048,8192,native,2.000,16.000,8,8,64,0,1.5163,708.1,13.00,ok,0.7804
prescan,llm,128,8192,512,64,2048,16384,native,2.000,16.000,8,8,64,0,1.6756,640.8,5.52,ok,0.7062
prescan,llm,128,8192,512,64,4096,256,native,0.062,0.500,256,256,2048,0,1.2877,833.8,1.95,ok,0.9189
prescan,llm,128,8192,512,64,4096,512,native,0.125,1.000,128,128,1024,0,1.2039,891.9,5.76,ok,0.9829
prescan,llm,128,8192,512,64,4096,1024,native,0.250,2.000,64,64,512,0,1.1394,942.3,7.73,ok,1.0385
prescan,llm,128,8192,512,64,4096,2048,native,0.500,4.000,32,32,256,0,1.1307,949.6,8.27,ok,1.0465
prescan,llm,128,8192,512,64,4096,4096,native,1.000,8.000,16,16,128,0,1.7806,603.0,57.25,ok,0.6646
prescan,llm,128,8192,512,64,4096,8192,native,2.000,16.000,8,8,64,0,2.0977,511.9,46.78,ok,0.5641
prescan,llm,128,8192,512,64,4096,16384,native,2.000,16.000,8,8,64,0,1.7133,626.7,1.58,ok,0.6906
prescan,llm,128,8192,512,128,64,8192,native,4.000,2.000,64,8,64,0,1.6696,643.1,9.00,ok,0.7087
prescan,llm,128,8192,512,128,64,16384,native,4.000,2.000,64,8,64,0,1.6464,652.2,8.62,ok,0.7187
prescan,llm,128,8192,512,128,128,8192,native,4.000,4.000,32,8,64,0,1.4030,765.3,8.12,ok,0.8434
prescan,llm,128,8192,512,128,128,16384,native,4.000,4.000,32,8,64,0,1.3700,783.7,13.97,ok,0.8637
prescan,llm,128,8192,512,128,256,8192,native,4.000,8.000,16,8,64,0,1.4173,757.6,7.54,ok,0.8349
prescan,llm,128,8192,512,128,256,16384,native,4.000,8.000,16,8,64,0,1.5169,707.8,17.67,ok,0.7801
prescan,llm,128,8192,512,128,512,8192,native,4.000,16.000,8,8,64,0,1.5767,681.0,10.55,ok,0.7505
prescan,llm,128,8192,512,128,512,16384,native,4.000,16.000,8,8,64,0,1.6302,658.6,0.25,ok,0.7258
prescan,llm,128,8192,512,128,1024,8192,native,4.000,16.000,8,8,64,0,1.8775,571.9,4.39,ok,0.6303
prescan,llm,128,8192,512,128,1024,16384,native,4.000,16.000,8,8,64,0,1.8106,593.0,1.51,ok,0.6535
prescan,llm,128,8192,512,128,2048,256,native,0.125,0.500,256,256,2048,0,1.3203,813.2,1.23,ok,0.8962
prescan,llm,128,8192,512,128,2048,512,native,0.250,1.000,128,128,1024,0,1.1841,906.8,2.47,ok,0.9993
prescan,llm,128,8192,512,128,2048,1024,native,0.500,2.000,64,64,512,0,1.1178,960.6,3.90,ok,1.0586
prescan,llm,128,8192,512,128,2048,2048,native,1.000,4.000,32,32,256,0,1.1146,963.4,6.07,ok,1.0617
prescan,llm,128,8192,512,128,2048,4096,native,2.000,8.000,16,16,128,0,1.2323,871.3,7.61,ok,0.9602
prescan,llm,128,8192,512,128,2048,8192,native,4.000,16.000,8,8,64,0,1.4571,736.9,10.47,ok,0.8121
prescan,llm,128,8192,512,128,2048,16384,native,4.000,16.000,8,8,64,0,1.5817,678.9,3.15,ok,0.7481
prescan,llm,128,8192,512,128,4096,256,native,0.125,0.500,256,256,2048,0,1.2786,839.8,0.77,ok,0.9254
prescan,llm,128,8192,512,128,4096,512,native,0.250,1.000,128,128,1024,0,1.1497,933.9,2.45,ok,1.0292
prescan,llm,128,8192,512,128,4096,1024,native,0.500,2.000,64,64,512,0,1.1245,954.9,5.63,ok,1.0523
prescan,llm,128,8192,512,128,4096,2048,native,1.000,4.000,32,32,256,0,1.1135,964.3,5.79,ok,1.0627
prescan,llm,128,8192,512,128,4096,4096,native,2.000,8.000,16,16,128,0,1.2287,873.9,3.02,ok,0.9630
prescan,llm,128,8192,512,128,4096,8192,native,4.000,16.000,8,8,64,0,1.4275,752.2,1.37,ok,0.8289
prescan,llm,128,8192,512,128,4096,16384,native,4.000,16.000,8,8,64,0,1.6014,670.5,5.21,ok,0.7389
prescan,llm,128,8192,512,16,256,2048,native,0.125,2.000,64,32,256,0,1.1833,907.4,0.59,ok,1.0000
final,llm,128,8192,512,16,2048,1024,native,0.062,2.000,64,64,512,138,1.0942,981.3,1.68,ok,1.0348
final,llm,128,8192,512,16,2048,2048,native,0.125,4.000,32,32,256,138,1.0831,991.4,2.40,ok,1.0454
final,llm,128,8192,512,32,2048,2048,native,0.250,4.000,32,32,256,138,1.0831,991.4,0.86,ok,1.0454
final,llm,128,8192,512,32,2048,1024,native,0.125,2.000,64,64,512,136,1.0913,984.0,0.64,ok,1.0376
final,llm,128,8192,512,16,4096,1024,native,0.062,2.000,64,64,512,134,1.0906,984.6,0.58,ok,1.0382
final,llm,128,8192,512,32,4096,2048,native,0.250,4.000,32,32,256,131,1.0832,991.3,0.38,ok,1.0453
final,llm,128,8192,512,16,4096,2048,native,0.125,4.000,32,32,256,139,1.0795,994.6,0.77,ok,1.0488
final,llm,128,8192,512,32,4096,1024,native,0.125,2.000,64,64,512,136,1.0910,984.2,0.31,ok,1.0378
final,llm,128,8192,512,16,256,2048,native,0.125,2.000,64,32,256,131,1.1322,948.3,0.80,ok,1.0000
prescan,llm,128,16384,512,16,64,8192,native,0.500,2.000,128,16,128,0,3.0575,702.4,1.82,ok,0.7727
prescan,llm,128,16384,512,16,64,16384,native,1.000,4.000,64,8,64,0,2.8571,751.6,3.79,ok,0.8269
prescan,llm,128,16384,512,16,128,8192,native,0.500,4.000,64,16,128,0,2.5596,839.0,3.94,ok,0.9230
prescan,llm,128,16384,512,16,128,16384,native,1.000,8.000,32,8,64,0,2.7245,788.2,6.30,ok,0.8672
prescan,llm,128,16384,512,16,256,8192,native,0.500,8.000,32,16,128,0,2.4342,882.2,10.74,ok,0.9706
prescan,llm,128,16384,512,16,256,16384,native,1.000,16.000,16,8,64,0,4.0838,525.9,5.36,ok,0.5785
prescan,llm,128,16384,512,16,512,8192,native,0.500,16.000,16,16,128,0,3.8908,551.9,9.14,ok,0.6072
prescan,llm,128,16384,512,16,512,16384,native,1.000,32.000,8,8,64,0,5.4975,390.6,13.42,ok,0.4298
prescan,llm,128,16384,512,16,1024,8192,native,0.500,16.000,16,16,128,0,5.4315,395.4,1.41,ok,0.4350
prescan,llm,128,16384,512,16,1024,16384,native,1.000,32.000,8,8,64,0,5.8848,364.9,0.95,ok,0.4015
prescan,llm,128,16384,512,16,2048,256,native,0.016,0.500,512,512,4096,0,2.7874,770.4,0.40,ok,0.8476
prescan,llm,128,16384,512,16,2048,512,native,0.031,1.000,256,256,2048,0,2.6104,822.7,0.18,ok,0.9051
prescan,llm,128,16384,512,16,2048,1024,native,0.062,2.000,128,128,1024,0,2.4138,889.7,0.33,ok,0.9788
prescan,llm,128,16384,512,16,2048,2048,native,0.125,4.000,64,64,512,0,2.1524,997.7,4.45,ok,1.0977
prescan,llm,128,16384,512,16,2048,4096,native,0.250,8.000,32,32,256,0,2.2358,960.5,0.20,ok,1.0567
prescan,llm,128,16384,512,16,2048,8192,native,0.500,16.000,16,16,128,0,3.7961,565.7,2.87,ok,0.6224
prescan,llm,128,16384,512,16,2048,16384,native,1.000,32.000,8,8,64,0,5.1947,413.4,1.52,ok,0.4548
prescan,llm,128,16384,512,16,4096,256,native,0.016,0.500,512,512,4096,0,2.7871,770.5,0.33,ok,0.8477
prescan,llm,128,16384,512,16,4096,512,native,0.031,1.000,256,256,2048,0,2.3959,896.3,0.05,ok,0.9861
prescan,llm,128,16384,512,16,4096,1024,native,0.062,2.000,128,128,1024,0,2.1741,987.8,0.08,ok,1.0867
prescan,llm,128,16384,512,16,4096,2048,native,0.125,4.000,64,64,512,0,2.0816,1031.6,0.47,ok,1.1350
prescan,llm,128,16384,512,16,4096,4096,native,0.250,8.000,32,32,256,0,2.1909,980.2,0.89,ok,1.0784
prescan,llm,128,16384,512,16,4096,8192,native,0.500,16.000,16,16,128,0,3.7156,578.0,3.86,ok,0.6359
prescan,llm,128,16384,512,16,4096,16384,native,1.000,32.000,8,8,64,0,5.1826,414.4,0.68,ok,0.4559
prescan,llm,128,16384,512,32,64,8192,native,1.000,2.000,128,16,128,0,3.4045,630.8,1.06,ok,0.6940
prescan,llm,128,16384,512,32,64,16384,native,2.000,4.000,64,8,64,0,3.0594,701.9,6.51,ok,0.7723
prescan,llm,128,16384,512,32,128,8192,native,1.000,4.000,64,16,128,0,2.6299,816.6,2.55,ok,0.8984
prescan,llm,128,16384,512,32,128,16384,native,2.000,8.000,32,8,64,0,2.8293,759.0,8.56,ok,0.8351
prescan,llm,128,16384,512,32,256,8192,native,1.000,8.000,32,16,128,0,2.3619,909.2,3.11,ok,1.0003
prescan,llm,128,16384,512,32,256,16384,native,2.000,16.000,16,8,64,0,3.4414,624.0,3.19,ok,0.6865
prescan,llm,128,16384,512,32,512,8192,native,1.000,16.000,16,16,128,0,3.2523,660.3,7.78,ok,0.7265
prescan,llm,128,16384,512,32,512,16384,native,2.000,32.000,8,8,64,0,4.1720,514.7,11.95,ok,0.5663
prescan,llm,128,16384,512,32,1024,8192,native,1.000,16.000,16,16,128,0,3.8640,555.8,12.05,ok,0.6115
prescan,llm,128,16384,512,32,1024,16384,native,2.000,32.000,8,8,64,0,5.1171,419.7,23.37,ok,0.4617
prescan,llm,128,16384,512,32,2048,256,native,0.031,0.500,512,512,4096,0,2.7590,778.3,0.99,ok,0.8563
prescan,llm,128,16384,512,32,2048,512,native,0.062,1.000,256,256,2048,0,2.3331,920.5,2.95,ok,1.0127
prescan,llm,128,16384,512,32,2048,1024,native,0.125,2.000,128,128,1024,0,2.1587,994.8,0.42,ok,1.0945
prescan,llm,128,16384,512,32,2048,2048,native,0.250,4.000,64,64,512,0,2.0594,1042.8,2.33,ok,1.1473
prescan,llm,128,16384,512,32,2048,4096,native,0.500,8.000,32,32,256,0,2.1957,978.0,1.04,ok,1.0760
prescan,llm,128,16384,512,32,2048,8192,native,1.000,16.000,16,16,128,0,3.0790,697.5,2.13,ok,0.7673
prescan,llm,128,16384,512,32,2048,16384,native,2.000,32.000,8,8,64,0,3.9100,549.2,0.94,ok,0.6043
prescan,llm,128,16384,512,32,4096,256,native,0.031,0.500,512,512,4096,0,2.6624,806.6,0.21,ok,0.8874
prescan,llm,128,16384,512,32,4096,512,native,0.062,1.000,256,256,2048,0,2.3220,924.9,0.02,ok,1.0175
prescan,llm,128,16384,512,32,4096,1024,native,0.125,2.000,128,128,1024,0,2.1696,989.8,1.86,ok,1.0890
prescan,llm,128,16384,512,32,4096,2048,native,0.250,4.000,64,64,512,0,2.0836,1030.7,0.44,ok,1.1339
prescan,llm,128,16384,512,32,4096,4096,native,0.500,8.000,32,32,256,0,2.3234,924.3,9.63,ok,1.0169
prescan,llm,128,16384,512,32,4096,8192,native,1.000,16.000,16,16,128,0,3.0858,695.9,3.02,ok,0.7656
prescan,llm,128,16384,512,32,4096,16384,native,2.000,32.000,8,8,64,0,3.9430,544.6,0.08,ok,0.5992
prescan,llm,128,16384,512,64,64,8192,native,2.000,2.000,128,16,128,0,3.1964,671.8,0.28,ok,0.7392
prescan,llm,128,16384,512,64,64,16384,native,4.000,4.000,64,8,64,0,3.1769,676.0,3.85,ok,0.7437
prescan,llm,128,16384,512,64,128,8192,native,2.000,4.000,64,16,128,0,2.5897,829.2,3.95,ok,0.9123
prescan,llm,128,16384,512,64,128,16384,native,4.000,8.000,32,8,64,0,3.0107,713.3,4.93,ok,0.7847
prescan,llm,128,16384,512,64,256,8192,native,2.000,8.000,32,16,128,0,2.4209,887.1,0.73,ok,0.9760
prescan,llm,128,16384,512,64,256,16384,native,4.000,16.000,16,8,64,0,3.2430,662.2,6.80,ok,0.7285
prescan,llm,128,16384,512,64,512,8192,native,2.000,16.000,16,16,128,0,3.0731,698.8,0.42,ok,0.7688
prescan,llm,128,16384,512,64,512,16384,native,4.000,32.000,8,8,64,0,3.4488,622.7,0.58,ok,0.6851
prescan,llm,128,16384,512,64,1024,8192,native,2.000,16.000,16,16,128,0,3.4518,622.1,8.01,ok,0.6845
prescan,llm,128,16384,512,64,1024,16384,native,4.000,32.000,8,8,64,0,4.0723,527.3,11.60,ok,0.5802
prescan,llm,128,16384,512,64,2048,256,native,0.062,0.500,512,512,4096,0,2.6280,817.2,0.65,ok,0.8990
prescan,llm,128,16384,512,64,2048,512,native,0.125,1.000,256,256,2048,0,2.3646,908.2,0.16,ok,0.9992
prescan,llm,128,16384,512,64,2048,1024,native,0.250,2.000,128,128,1024,0,2.1859,982.4,0.21,ok,1.0808
prescan,llm,128,16384,512,64,2048,2048,native,0.500,4.000,64,64,512,0,2.1242,1010.9,4.19,ok,1.1122
prescan,llm,128,16384,512,64,2048,4096,native,1.000,8.000,32,32,256,0,2.3072,930.8,0.92,ok,1.0240
prescan,llm,128,16384,512,64,2048,8192,native,2.000,16.000,16,16,128,0,2.9135,737.1,5.93,ok,0.8109
prescan,llm,128,16384,512,64,2048,16384,native,4.000,32.000,8,8,64,0,3.4327,625.6,2.49,ok,0.6883
prescan,llm,128,16384,512,64,4096,256,native,0.062,0.500,512,512,4096,0,2.5653,837.1,3.22,ok,0.9210
prescan,llm,128,16384,512,64,4096,512,native,0.125,1.000,256,256,2048,0,2.3888,899.0,2.35,ok,0.9891
prescan,llm,128,16384,512,64,4096,1024,native,0.250,2.000,128,128,1024,0,2.2137,970.1,0.16,ok,1.0673
prescan,llm,128,16384,512,64,4096,2048,native,0.500,4.000,64,64,512,0,2.1689,990.1,0.03,ok,1.0893
prescan,llm,128,16384,512,64,4096,4096,native,1.000,8.000,32,32,256,0,2.2985,934.3,2.03,ok,1.0279
prescan,llm,128,16384,512,64,4096,8192,native,2.000,16.000,16,16,128,0,2.7916,769.3,5.25,ok,0.8464
prescan,llm,128,16384,512,64,4096,16384,native,4.000,32.000,8,8,64,0,3.3291,645.1,9.71,ok,0.7097
prescan,llm,128,16384,512,128,64,8192,native,4.000,2.000,128,16,128,0,3.0613,701.5,1.54,ok,0.7718
prescan,llm,128,16384,512,128,64,16384,native,8.000,4.000,64,8,64,0,3.8799,553.5,5.11,ok,0.6089
prescan,llm,128,16384,512,128,128,8192,native,4.000,4.000,64,16,128,0,2.5784,832.9,1.68,ok,0.9163
prescan,llm,128,16384,512,128,128,16384,native,8.000,8.000,32,8,64,0,3.4158,628.7,3.98,ok,0.6917
prescan,llm,128,16384,512,128,256,8192,native,4.000,8.000,32,16,128,0,2.5703,835.5,1.45,ok,0.9192
prescan,llm,128,16384,512,128,256,16384,native,8.000,16.000,16,8,64,0,3.4646,619.8,5.09,ok,0.6819
prescan,llm,128,16384,512,128,512,8192,native,4.000,16.000,16,16,128,0,3.0969,693.4,10.83,ok,0.7629
prescan,llm,128,16384,512,128,512,16384,native,8.000,32.000,8,8,64,0,4.0832,525.9,2.57,ok,0.5786
prescan,llm,128,16384,512,128,1024,8192,native,4.000,16.000,16,16,128,0,3.3710,637.0,4.67,ok,0.7009
prescan,llm,128,16384,512,128,1024,16384,native,8.000,32.000,8,8,64,0,4.0618,528.7,2.76,ok,0.5817
prescan,llm,128,16384,512,128,2048,256,native,0.125,0.500,512,512,4096,0,2.6714,803.9,2.39,ok,0.8844
prescan,llm,128,16384,512,128,2048,512,native,0.250,1.000,256,256,2048,0,2.3079,930.5,2.74,ok,1.0237
prescan,llm,128,16384,512,128,2048,1024,native,0.500,2.000,128,128,1024,0,2.1389,1004.0,3.51,ok,1.1046
prescan,llm,128,16384,512,128,2048,2048,native,1.000,4.000,64,64,512,0,2.0468,1049.2,4.01,ok,1.1543
prescan,llm,128,16384,512,128,2048,4096,native,2.000,8.000,32,32,256,0,2.3712,905.7,6.04,ok,0.9964
prescan,llm,128,16384,512,128,2048,8192,native,4.000,16.000,16,16,128,0,2.6516,809.9,4.40,ok,0.8910
prescan,llm,128,16384,512,128,2048,16384,native,8.000,32.000,8,8,64,0,3.3560,639.9,11.80,ok,0.7040
prescan,llm,128,16384,512,128,4096,256,native,0.125,0.500,512,512,4096,0,2.5624,838.1,3.40,ok,0.9220
prescan,llm,128,16384,512,128,4096,512,native,0.250,1.000,256,256,2048,0,2.3327,920.6,4.55,ok,1.0128
prescan,llm,128,16384,512,128,4096,1024,native,0.500,2.000,128,128,1024,0,2.1632,992.7,4.05,ok,1.0922
prescan,llm,128,16384,512,128,4096,2048,native,1.000,4.000,64,64,512,0,2.1251,1010.5,3.78,ok,1.1118
prescan,llm,128,16384,512,128,4096,4096,native,2.000,8.000,32,32,256,0,2.3880,899.3,1.09,ok,0.9894
prescan,llm,128,16384,512,128,4096,8192,native,4.000,16.000,16,16,128,0,2.7021,794.8,3.93,ok,0.8744
prescan,llm,128,16384,512,128,4096,16384,native,8.000,32.000,8,8,64,0,3.4669,619.4,2.22,ok,0.6815
prescan,llm,128,16384,512,16,256,2048,native,0.125,2.000,128,64,512,0,2.3626,908.9,2.61,ok,1.0000
final,llm,128,16384,512,128,2048,2048,native,1.000,4.000,64,64,512,70,2.1683,990.4,4.83,ok,1.0568
final,llm,128,16384,512,32,2048,2048,native,0.250,4.000,64,64,512,69,2.2357,960.5,3.98,ok,1.0249
final,llm,128,16384,512,16,4096,2048,native,0.125,4.000,64,64,512,65,2.1728,988.4,0.71,ok,1.0546
final,llm,128,16384,512,32,4096,2048,native,0.250,4.000,64,64,512,69,2.1688,990.2,3.12,ok,1.0565
final,llm,128,16384,512,64,2048,2048,native,0.500,4.000,64,64,512,69,2.1749,987.4,0.39,ok,1.0536
final,llm,128,16384,512,128,4096,2048,native,1.000,4.000,64,64,512,69,2.1673,990.9,0.55,ok,1.0573
final,llm,128,16384,512,128,2048,1024,native,0.500,2.000,128,128,1024,67,2.2058,973.6,0.18,ok,1.0389
final,llm,128,16384,512,16,2048,2048,native,0.125,4.000,64,64,512,69,2.1621,993.2,0.47,ok,1.0598
final,llm,128,16384,512,16,256,2048,native,0.125,2.000,128,64,512,65,2.2915,937.2,0.83,ok,1.0000
prescan,llm,128,32768,512,16,64,8192,native,0.500,2.000,256,32,256,0,5.9201,725.5,7.90,ok,0.7798
prescan,llm,128,32768,512,16,64,16384,native,1.000,4.000,128,16,128,0,5.6118,765.3,6.39,ok,0.8227
prescan,llm,128,32768,512,16,128,8192,native,0.500,4.000,128,32,256,0,5.0727,846.7,4.01,ok,0.9101
prescan,llm,128,32768,512,16,128,16384,native,1.000,8.000,64,16,128,0,5.2864,812.5,3.24,ok,0.8733
prescan,llm,128,32768,512,16,256,8192,native,0.500,8.000,64,32,256,0,4.6261,928.4,3.82,ok,0.9979
prescan,llm,128,32768,512,16,256,16384,native,1.000,16.000,32,16,128,0,8.1397,527.7,6.48,ok,0.5672
prescan,llm,128,32768,512,16,512,8192,native,0.500,16.000,32,32,256,0,7.7430,554.7,7.39,ok,0.5962
prescan,llm,128,32768,512,16,512,16384,native,1.000,32.000,16,16,128,0,11.0500,388.7,2.23,ok,0.4178
prescan,llm,128,32768,512,16,1024,8192,native,0.500,16.000,32,32,256,0,11.4966,373.6,7.16,ok,0.4016
prescan,llm,128,32768,512,16,1024,16384,native,1.000,32.000,16,16,128,0,11.7746,364.8,0.21,ok,0.3921
prescan,llm,128,32768,512,16,2048,256,native,0.016,0.500,1024,1024,8192,0,5.6036,766.5,0.04,ok,0.8239
prescan,llm,128,32768,512,16,2048,512,native,0.031,1.000,512,512,4096,0,5.2139,823.8,0.55,ok,0.8854
prescan,llm,128,32768,512,16,2048,1024,native,0.062,2.000,256,256,2048,0,4.8583,884.0,0.10,ok,0.9502
prescan,llm,128,32768,512,16,2048,2048,native,0.125,4.000,128,128,1024,0,4.4241,970.8,0.40,ok,1.0435
prescan,llm,128,32768,512,16,2048,4096,native,0.250,8.000,64,64,512,0,4.3534,986.6,0.99,ok,1.0605
prescan,llm,128,32768,512,16,2048,8192,native,0.500,16.000,32,32,256,0,7.6647,560.4,3.26,ok,0.6023
prescan,llm,128,32768,512,16,2048,16384,native,1.000,32.000,16,16,128,0,10.7793,398.4,3.21,ok,0.4283
prescan,llm,128,32768,512,16,4096,256,native,0.016,0.500,1024,1024,8192,0,5.5867,768.8,0.03,ok,0.8264
prescan,llm,128,32768,512,16,4096,512,native,0.031,1.000,512,512,4096,0,4.7976,895.2,0.13,ok,0.9623
prescan,llm,128,32768,512,16,4096,1024,native,0.062,2.000,256,256,2048,0,4.3127,995.9,0.22,ok,1.0705
prescan,llm,128,32768,512,16,4096,2048,native,0.125,4.000,128,128,1024,0,3.9957,1074.9,0.15,ok,1.1554
prescan,llm,128,32768,512,16,4096,4096,native,0.250,8.000,64,64,512,0,4.2319,1014.9,1.38,ok,1.0909
prescan,llm,128,32768,512,16,4096,8192,native,0.500,16.000,32,32,256,0,7.8778,545.2,6.43,ok,0.5860
prescan,llm,128,32768,512,16,4096,16384,native,1.000,32.000,16,16,128,0,11.6784,367.8,2.69,ok,0.3953
prescan,llm,128,32768,512,32,64,8192,native,1.000,2.000,256,32,256,0,6.7399,637.2,0.39,ok,0.6850
prescan,llm,128,32768,512,32,64,16384,native,2.000,4.000,128,16,128,0,6.4347,667.5,3.39,ok,0.7175
prescan,llm,128,32768,512,32,128,8192,native,1.000,4.000,128,32,256,0,5.1050,841.3,0.55,ok,0.9043
prescan,llm,128,32768,512,32,128,16384,native,2.000,8.000,64,16,128,0,5.3522,802.5,0.36,ok,0.8626
prescan,llm,128,32768,512,32,256,8192,native,1.000,8.000,64,32,256,0,4.5106,952.2,3.55,ok,1.0235
prescan,llm,128,32768,512,32,256,16384,native,2.000,16.000,32,16,128,0,6.8606,626.0,6.72,ok,0.6729
prescan,llm,128,32768,512,32,512,8192,native,1.000,16.000,32,32,256,0,6.4537,665.5,11.24,ok,0.7153
prescan,llm,128,32768,512,32,512,16384,native,2.000,32.000,16,16,128,0,8.2465,520.8,12.78,ok,0.5598
prescan,llm,128,32768,512,32,1024,8192,native,1.000,16.000,32,32,256,0,7.7496,554.2,18.28,ok,0.5957
prescan,llm,128,32768,512,32,1024,16384,native,2.000,32.000,16,16,128,0,10.1483,423.2,25.27,ok,0.4549
prescan,llm,128,32768,512,32,2048,256,native,0.031,0.500,1024,1024,8192,0,5.4494,788.2,4.03,ok,0.8472
prescan,llm,128,32768,512,32,2048,512,native,0.062,1.000,512,512,4096,0,4.6515,923.4,3.57,ok,0.9925
prescan,llm,128,32768,512,32,2048,1024,native,0.125,2.000,256,256,2048,0,4.2668,1006.6,1.12,ok,1.0820
prescan,llm,128,32768,512,32,2048,2048,native,0.250,4.000,128,128,1024,0,4.0000,1073.7,0.26,ok,1.1542
prescan,llm,128,32768,512,32,2048,4096,native,0.500,8.000,64,64,512,0,4.2869,1001.9,0.34,ok,1.0769
prescan,llm,128,32768,512,32,2048,8192,native,1.000,16.000,32,32,256,0,6.3103,680.6,5.47,ok,0.7316
prescan,llm,128,32768,512,32,2048,16384,native,2.000,32.000,16,16,128,0,7.8902,544.3,0.78,ok,0.5851
prescan,llm,128,32768,512,32,4096,256,native,0.031,0.500,1024,1024,8192,0,5.2064,824.9,0.10,ok,0.8867
prescan,llm,128,32768,512,32,4096,512,native,0.062,1.000,512,512,4096,0,4.4937,955.8,0.17,ok,1.0274
prescan,llm,128,32768,512,32,4096,1024,native,0.125,2.000,256,256,2048,0,4.0922,1049.6,0.02,ok,1.1281
prescan,llm,128,32768,512,32,4096,2048,native,0.250,4.000,128,128,1024,0,4.0670,1056.1,3.54,ok,1.1351
prescan,llm,128,32768,512,32,4096,4096,native,0.500,8.000,64,64,512,0,4.2787,1003.8,2.84,ok,1.0790
prescan,llm,128,32768,512,32,4096,8192,native,1.000,16.000,32,32,256,0,5.9921,716.8,1.60,ok,0.7704
prescan,llm,128,32768,512,32,4096,16384,native,2.000,32.000,16,16,128,0,7.7631,553.3,0.90,ok,0.5947
prescan,llm,128,32768,512,64,64,8192,native,2.000,2.000,256,32,256,0,6.2306,689.3,2.97,ok,0.7409
prescan,llm,128,32768,512,64,64,16384,native,4.000,4.000,128,16,128,0,6.5621,654.5,7.43,ok,0.7035
prescan,llm,128,32768,512,64,128,8192,native,2.000,4.000,128,32,256,0,4.9231,872.4,6.43,ok,0.9377
prescan,llm,128,32768,512,64,128,16384,native,4.000,8.000,64,16,128,0,6.1424,699.2,9.65,ok,0.7516
prescan,llm,128,32768,512,64,256,8192,native,2.000,8.000,64,32,256,0,4.7015,913.5,6.25,ok,0.9819
prescan,llm,128,32768,512,64,256,16384,native,4.000,16.000,32,16,128,0,6.6682,644.1,2.14,ok,0.6923
prescan,llm,128,32768,512,64,512,8192,native,2.000,16.000,32,32,256,0,6.2671,685.3,5.44,ok,0.7366
prescan,llm,128,32768,512,64,512,16384,native,4.000,32.000,16,16,128,0,7.0915,605.7,4.20,ok,0.6510
prescan,llm,128,32768,512,64,1024,8192,native,2.000,16.000,32,32,256,0,6.9344,619.4,0.99,ok,0.6658
prescan,llm,128,32768,512,64,1024,16384,native,4.000,32.000,16,16,128,0,7.7559,553.8,4.28,ok,0.5952
prescan,llm,128,32768,512,64,2048,256,native,0.062,0.500,1024,1024,8192,0,5.0790,845.6,0.36,ok,0.9090
prescan,llm,128,32768,512,64,2048,512,native,0.125,1.000,512,512,4096,0,4.6494,923.8,3.04,ok,0.9929
prescan,llm,128,32768,512,64,2048,1024,native,0.250,2.000,256,256,2048,0,4.2827,1002.9,3.36,ok,1.0780
prescan,llm,128,32768,512,64,2048,2048,native,0.500,4.000,128,128,1024,0,4.0651,1056.5,3.57,ok,1.1357
prescan,llm,128,32768,512,64,2048,4096,native,1.000,8.000,64,64,512,0,4.3839,979.7,0.15,ok,1.0531
prescan,llm,128,32768,512,64,2048,8192,native,2.000,16.000,32,32,256,0,5.5304,776.6,4.14,ok,0.8348
prescan,llm,128,32768,512,64,2048,16384,native,4.000,32.000,16,16,128,0,6.6537,645.5,7.68,ok,0.6938
prescan,llm,128,32768,512,64,4096,256,native,0.062,0.500,1024,1024,8192,0,5.0430,851.7,0.06,ok,0.9154
prescan,llm,128,32768,512,64,4096,512,native,0.125,1.000,512,512,4096,0,4.7271,908.6,4.84,ok,0.9766
prescan,llm,128,32768,512,64,4096,1024,native,0.250,2.000,256,256,2048,0,4.3293,992.1,3.90,ok,1.0664
prescan,llm,128,32768,512,64,4096,2048,native,0.500,4.000,128,128,1024,0,4.2348,1014.2,3.73,ok,1.0902
prescan,llm,128,32768,512,64,4096,4096,native,1.000,8.000,64,64,512,0,4.5762,938.5,2.16,ok,1.0088
prescan,llm,128,32768,512,64,4096,8192,native,2.000,16.000,32,32,256,0,5.5395,775.3,1.17,ok,0.8334
prescan,llm,128,32768,512,64,4096,16384,native,4.000,32.000,16,16,128,0,6.8886,623.5,2.90,ok,0.6702
prescan,llm,128,32768,512,128,64,8192,native,4.000,2.000,256,32,256,0,6.0526,709.6,1.87,ok,0.7628
prescan,llm,128,32768,512,128,64,16384,native,8.000,4.000,128,16,128,0,8.2167,522.7,3.84,ok,0.5619
prescan,llm,128,32768,512,128,128,8192,native,4.000,4.000,128,32,256,0,5.0262,854.5,0.30,ok,0.9185
prescan,llm,128,32768,512,128,128,16384,native,8.000,8.000,64,16,128,0,7.2409,593.1,7.78,ok,0.6376
prescan,llm,128,32768,512,128,256,8192,native,4.000,8.000,64,32,256,0,5.3117,808.6,18.84,ok,0.8691
prescan,llm,128,32768,512,128,256,16384,native,8.000,16.000,32,16,128,0,7.0572,608.6,11.04,ok,0.6542
prescan,llm,128,32768,512,128,512,8192,native,4.000,16.000,32,32,256,0,5.9675,719.7,4.63,ok,0.7736
prescan,llm,128,32768,512,128,512,16384,native,8.000,32.000,16,16,128,0,7.6213,563.5,15.44,ok,0.6058
prescan,llm,128,32768,512,128,1024,8192,native,4.000,16.000,32,32,256,0,6.8296,628.9,2.18,ok,0.6760
prescan,llm,128,32768,512,128,1024,16384,native,8.000,32.000,16,16,128,0,8.2757,519.0,2.28,ok,0.5579
prescan,llm,128,32768,512,128,2048,256,native,0.125,0.500,1024,1024,8192,0,5.2446,818.9,0.98,ok,0.8803
prescan,llm,128,32768,512,128,2048,512,native,0.250,1.000,512,512,4096,0,4.5806,937.6,1.52,ok,1.0079
prescan,llm,128,32768,512,128,2048,1024,native,0.500,2.000,256,256,2048,0,4.2401,1012.9,7.58,ok,1.0888
prescan,llm,128,32768,512,128,2048,2048,native,1.000,4.000,128,128,1024,0,4.1601,1032.4,7.44,ok,1.1097
prescan,llm,128,32768,512,128,2048,4096,native,2.000,8.000,64,64,512,0,4.5785,938.1,5.68,ok,1.0083
prescan,llm,128,32768,512,128,2048,8192,native,4.000,16.000,32,32,256,0,5.2523,817.7,6.62,ok,0.8790
prescan,llm,128,32768,512,128,2048,16384,native,8.000,32.000,16,16,128,0,6.7352,637.7,8.39,ok,0.6854
prescan,llm,128,32768,512,128,4096,256,native,0.125,0.500,1024,1024,8192,0,5.2076,824.8,7.15,ok,0.8865
prescan,llm,128,32768,512,128,4096,512,native,0.250,1.000,512,512,4096,0,4.6189,929.9,10.44,ok,0.9995
prescan,llm,128,32768,512,128,4096,1024,native,0.500,2.000,256,256,2048,0,4.2470,1011.3,7.60,ok,1.0870
prescan,llm,128,32768,512,128,4096,2048,native,1.000,4.000,128,128,1024,0,4.1676,1030.6,7.87,ok,1.1077
prescan,llm,128,32768,512,128,4096,4096,native,2.000,8.000,64,64,512,0,4.6484,924.0,5.54,ok,0.9932
prescan,llm,128,32768,512,128,4096,8192,native,4.000,16.000,32,32,256,0,5.6560,759.4,15.54,ok,0.8162
prescan,llm,128,32768,512,128,4096,16384,native,8.000,32.000,16,16,128,0,6.8408,627.8,11.50,ok,0.6749
prescan,llm,128,32768,512,16,256,2048,native,0.125,2.000,256,128,1024,0,4.6166,930.3,7.40,ok,1.0000
final,llm,128,32768,512,16,4096,2048,native,0.125,4.000,128,128,1024,34,4.3034,998.0,1.49,ok,1.0291
final,llm,128,32768,512,32,2048,2048,native,0.250,4.000,128,128,1024,35,4.3151,995.3,4.42,ok,1.0263
final,llm,128,32768,512,64,2048,2048,native,0.500,4.000,128,128,1024,33,4.6454,924.6,2.09,ok,0.9533
final,llm,128,32768,512,32,4096,2048,native,0.250,4.000,128,128,1024,32,4.4876,957.1,3.61,ok,0.9869
final,llm,128,32768,512,32,4096,1024,native,0.125,2.000,256,256,2048,34,4.4147,972.9,0.46,ok,1.0032
final,llm,128,32768,512,128,2048,2048,native,1.000,4.000,128,128,1024,34,4.3174,994.8,0.08,ok,1.0258
final,llm,128,32768,512,128,4096,2048,native,1.000,4.000,128,128,1024,34,4.3182,994.6,0.08,ok,1.0256
final,llm,128,32768,512,16,4096,4096,native,0.250,8.000,64,64,512,33,4.5018,954.0,1.19,ok,0.9837
final,llm,128,32768,512,16,256,2048,native,0.125,2.000,256,128,1024,32,4.4287,969.8,2.02,ok,1.0000
prescan,ds-id1,64,7168,2112,16,64,8192,native,0.438,1.750,132,33,132,0,2.7341,708.7,7.31,ok,0.9412
prescan,ds-id1,64,7168,2112,16,64,16384,native,0.438,1.750,132,33,132,0,2.6385,734.4,5.57,ok,0.9753
prescan,ds-id1,64,7168,2112,16,128,8192,native,0.438,3.500,68,33,132,0,2.3514,824.1,4.56,ok,1.0944
prescan,ds-id1,64,7168,2112,16,128,16384,native,0.438,3.500,68,33,132,0,2.3234,834.0,1.80,ok,1.1076
prescan,ds-id1,64,7168,2112,16,256,8192,native,0.438,7.000,36,33,132,0,2.3568,822.2,0.35,ok,1.0919
prescan,ds-id1,64,7168,2112,16,256,16384,native,0.438,7.000,36,33,132,0,2.3615,820.6,0.68,ok,1.0897
prescan,ds-id1,64,7168,2112,16,512,8192,native,0.438,14.000,20,33,132,0,3.8336,505.5,2.31,ok,0.6713
prescan,ds-id1,64,7168,2112,16,512,16384,native,0.438,14.000,20,33,132,0,4.1836,463.2,1.71,ok,0.6151
prescan,ds-id1,64,7168,2112,16,1024,8192,native,0.438,28.000,12,33,132,0,6.1592,314.6,0.02,ok,0.4178
prescan,ds-id1,64,7168,2112,16,1024,16384,native,0.438,28.000,12,33,132,0,6.1553,314.8,0.32,ok,0.4181
prescan,ds-id1,64,7168,2112,16,2048,256,native,0.016,2.000,224,924,3696,0,2.8929,669.8,1.20,ok,0.8895
prescan,ds-id1,64,7168,2112,16,2048,512,native,0.031,4.000,112,462,1848,0,2.7783,697.5,4.33,ok,0.9263
prescan,ds-id1,64,7168,2112,16,2048,1024,native,0.062,8.000,56,231,924,0,2.7153,713.6,11.60,ok,0.9477
prescan,ds-id1,64,7168,2112,16,2048,2048,native,0.125,16.000,32,132,528,0,4.5633,424.6,11.30,ok,0.5639
prescan,ds-id1,64,7168,2112,16,2048,4096,native,0.250,32.000,16,66,264,0,6.1181,316.7,0.10,ok,0.4206
prescan,ds-id1,64,7168,2112,16,2048,8192,native,0.438,56.000,8,33,132,0,6.0056,322.7,2.71,ok,0.4285
prescan,ds-id1,64,7168,2112,16,2048,16384,native,0.438,56.000,8,33,132,0,6.0430,320.7,1.33,ok,0.4258
prescan,ds-id1,64,7168,2112,16,4096,256,native,0.016,2.062,112,924,3696,0,2.5755,752.4,20.87,ok,0.9992
prescan,ds-id1,64,7168,2112,16,4096,512,native,0.031,4.125,56,462,1848,0,2.3783,814.8,29.46,ok,1.0820
prescan,ds-id1,64,7168,2112,16,4096,1024,native,0.062,8.250,28,231,924,0,2.5270,766.8,18.17,ok,1.0184
prescan,ds-id1,64,7168,2112,16,4096,2048,native,0.125,16.500,16,132,528,0,5.0405,384.4,39.51,ok,0.5105
prescan,ds-id1,64,7168,2112,16,4096,4096,native,0.250,33.000,8,66,264,0,5.7299,338.2,15.75,ok,0.4491
prescan,ds-id1,64,7168,2112,16,4096,8192,native,0.438,57.750,4,33,132,0,5.7309,338.1,16.48,ok,0.4490
prescan,ds-id1,64,7168,2112,16,4096,16384,native,0.438,57.750,4,33,132,0,5.7334,338.0,16.40,ok,0.4488
prescan,ds-id1,64,7168,2112,32,64,8192,native,0.875,1.750,132,33,132,0,2.8514,679.6,20.77,ok,0.9025
prescan,ds-id1,64,7168,2112,32,64,16384,native,0.875,1.750,132,33,132,0,2.8307,684.5,26.72,ok,0.9091
prescan,ds-id1,64,7168,2112,32,128,8192,native,0.875,3.500,68,33,132,0,2.6800,723.1,27.98,ok,0.9602
prescan,ds-id1,64,7168,2112,32,128,16384,native,0.875,3.500,68,33,132,0,2.4939,777.0,13.60,ok,1.0319
prescan,ds-id1,64,7168,2112,32,256,8192,native,0.875,7.000,36,33,132,0,2.4221,800.0,3.36,ok,1.0625
prescan,ds-id1,64,7168,2112,32,256,16384,native,0.875,7.000,36,33,132,0,2.4432,793.1,1.03,ok,1.0533
prescan,ds-id1,64,7168,2112,32,512,8192,native,0.875,14.000,20,33,132,0,3.5142,551.4,1.39,ok,0.7323
prescan,ds-id1,64,7168,2112,32,512,16384,native,0.875,14.000,20,33,132,0,3.6643,528.8,6.75,ok,0.7023
prescan,ds-id1,64,7168,2112,32,1024,8192,native,0.875,28.000,12,33,132,0,4.7056,411.8,6.46,ok,0.5469
prescan,ds-id1,64,7168,2112,32,1024,16384,native,0.875,28.000,12,33,132,0,6.0385,320.9,12.97,ok,0.4262
prescan,ds-id1,64,7168,2112,32,2048,256,native,0.031,2.000,224,924,3696,0,2.8526,679.3,0.30,ok,0.9021
prescan,ds-id1,64,7168,2112,32,2048,512,native,0.062,4.000,112,462,1848,0,2.4692,784.8,0.04,ok,1.0422
prescan,ds-id1,64,7168,2112,32,2048,1024,native,0.125,8.000,56,231,924,0,2.5081,772.6,2.52,ok,1.0260
prescan,ds-id1,64,7168,2112,32,2048,2048,native,0.250,16.000,32,132,528,0,3.6260,534.4,12.11,ok,0.7097
prescan,ds-id1,64,7168,2112,32,2048,4096,native,0.500,32.000,16,66,264,0,4.4424,436.2,15.72,ok,0.5793
prescan,ds-id1,64,7168,2112,32,2048,8192,native,0.875,56.000,8,33,132,0,5.5975,346.2,29.63,ok,0.4597
prescan,ds-id1,64,7168,2112,32,2048,16384,native,0.875,56.000,8,33,132,0,6.3930,303.1,1.21,ok,0.4025
prescan,ds-id1,64,7168,2112,32,4096,256,native,0.031,2.062,112,924,3696,0,2.8234,686.3,0.17,ok,0.9115
prescan,ds-id1,64,7168,2112,32,4096,512,native,0.062,4.125,56,462,1848,0,2.4331,796.4,0.29,ok,1.0577
prescan,ds-id1,64,7168,2112,32,4096,1024,native,0.125,8.250,28,231,924,0,2.4812,781.0,0.28,ok,1.0372
prescan,ds-id1,64,7168,2112,32,4096,2048,native,0.250,16.500,16,132,528,0,3.4536,561.1,3.34,ok,0.7451
prescan,ds-id1,64,7168,2112,32,4096,4096,native,0.500,33.000,8,66,264,0,4.1009,472.5,0.38,ok,0.6275
prescan,ds-id1,64,7168,2112,32,4096,8192,native,0.875,57.750,4,33,132,0,4.8233,401.8,0.26,ok,0.5335
prescan,ds-id1,64,7168,2112,32,4096,16384,native,0.875,57.750,4,33,132,0,4.7918,404.4,0.03,ok,0.5370
prescan,ds-id1,64,7168,2112,64,64,8192,native,1.750,1.750,132,33,132,0,3.1620,612.8,0.80,ok,0.8139
prescan,ds-id1,64,7168,2112,64,64,16384,native,1.750,1.750,132,33,132,0,3.0168,642.3,8.14,ok,0.8530
prescan,ds-id1,64,7168,2112,64,128,8192,native,1.750,3.500,68,33,132,0,2.5078,772.7,3.27,ok,1.0262
prescan,ds-id1,64,7168,2112,64,128,16384,native,1.750,3.500,68,33,132,0,2.3937,809.5,1.53,ok,1.0751
prescan,ds-id1,64,7168,2112,64,256,8192,native,1.750,7.000,36,33,132,0,2.6104,742.3,0.72,ok,0.9858
prescan,ds-id1,64,7168,2112,64,256,16384,native,1.750,7.000,36,33,132,0,2.6194,739.8,0.12,ok,0.9824
prescan,ds-id1,64,7168,2112,64,512,8192,native,1.750,14.000,20,33,132,0,3.1780,609.8,4.73,ok,0.8098
prescan,ds-id1,64,7168,2112,64,512,16384,native,1.750,14.000,20,33,132,0,3.5236,549.9,0.90,ok,0.7303
prescan,ds-id1,64,7168,2112,64,1024,8192,native,1.750,28.000,12,33,132,0,4.1437,467.6,0.04,ok,0.6210
prescan,ds-id1,64,7168,2112,64,1024,16384,native,1.750,28.000,12,33,132,0,4.1585,466.0,0.54,ok,0.6188
prescan,ds-id1,64,7168,2112,64,2048,256,native,0.062,2.000,224,924,3696,0,2.5833,750.1,1.29,ok,0.9962
prescan,ds-id1,64,7168,2112,64,2048,512,native,0.125,4.000,112,462,1848,0,2.5265,767.0,0.40,ok,1.0186
prescan,ds-id1,64,7168,2112,64,2048,1024,native,0.250,8.000,56,231,924,0,2.6056,743.7,1.15,ok,0.9876
prescan,ds-id1,64,7168,2112,64,2048,2048,native,0.500,16.000,32,132,528,0,3.1795,609.5,7.01,ok,0.8094
prescan,ds-id1,64,7168,2112,64,2048,4096,native,1.000,32.000,16,66,264,0,3.5908,539.6,5.20,ok,0.7167
prescan,ds-id1,64,7168,2112,64,2048,8192,native,1.750,56.000,8,33,132,0,4.1181,470.5,1.55,ok,0.6249
prescan,ds-id1,64,7168,2112,64,2048,16384,native,1.750,56.000,8,33,132,0,4.0931,473.4,0.05,ok,0.6287
prescan,ds-id1,64,7168,2112,64,4096,256,native,0.062,2.062,112,924,3696,0,2.5443,761.6,0.37,ok,1.0114
prescan,ds-id1,64,7168,2112,64,4096,512,native,0.125,4.125,56,462,1848,0,2.5089,772.4,0.44,ok,1.0257
prescan,ds-id1,64,7168,2112,64,4096,1024,native,0.250,8.250,28,231,924,0,2.5742,752.8,1.63,ok,0.9997
prescan,ds-id1,64,7168,2112,64,4096,2048,native,0.500,16.500,16,132,528,0,3.0629,632.7,0.96,ok,0.8402
prescan,ds-id1,64,7168,2112,64,4096,4096,native,1.000,33.000,8,66,264,0,3.4836,556.2,0.28,ok,0.7387
prescan,ds-id1,64,7168,2112,64,4096,8192,native,1.750,57.750,4,33,132,0,4.1266,469.6,0.34,ok,0.6236
prescan,ds-id1,64,7168,2112,64,4096,16384,native,1.750,57.750,4,33,132,0,4.1276,469.5,0.13,ok,0.6235
prescan,ds-id1,64,7168,2112,128,64,8192,native,1.750,1.750,132,33,132,0,2.9895,648.2,10.25,ok,0.8608
prescan,ds-id1,64,7168,2112,128,64,16384,native,1.750,1.750,132,33,132,0,2.8213,686.8,0.48,ok,0.9121
prescan,ds-id1,64,7168,2112,128,128,8192,native,1.750,3.500,68,33,132,0,2.4652,786.0,0.79,ok,1.0439
prescan,ds-id1,64,7168,2112,128,128,16384,native,1.750,3.500,68,33,132,0,2.3923,810.0,2.59,ok,1.0757
prescan,ds-id1,64,7168,2112,128,256,8192,native,1.750,7.000,36,33,132,0,2.6186,740.0,0.32,ok,0.9827
prescan,ds-id1,64,7168,2112,128,256,16384,native,1.750,7.000,36,33,132,0,2.6550,729.8,3.21,ok,0.9693
prescan,ds-id1,64,7168,2112,128,512,8192,native,1.750,14.000,20,33,132,0,3.1908,607.3,7.66,ok,0.8065
prescan,ds-id1,64,7168,2112,128,512,16384,native,1.750,14.000,20,33,132,0,3.5397,547.4,0.72,ok,0.7270
prescan,ds-id1,64,7168,2112,128,1024,8192,native,1.750,28.000,12,33,132,0,4.1735,464.3,1.56,ok,0.6166
prescan,ds-id1,64,7168,2112,128,1024,16384,native,1.750,28.000,12,33,132,0,5.3542,361.9,1.57,ok,0.4806
prescan,ds-id1,64,7168,2112,128,2048,256,native,0.062,2.000,224,924,3696,0,2.7311,709.5,11.49,ok,0.9422
prescan,ds-id1,64,7168,2112,128,2048,512,native,0.125,4.000,112,462,1848,0,2.5503,759.8,2.26,ok,1.0091
prescan,ds-id1,64,7168,2112,128,2048,1024,native,0.250,8.000,56,231,924,0,2.5964,746.3,1.06,ok,0.9911
prescan,ds-id1,64,7168,2112,128,2048,2048,native,0.500,16.000,32,132,528,0,3.1418,616.8,6.95,ok,0.8191
prescan,ds-id1,64,7168,2112,128,2048,4096,native,1.000,32.000,16,66,264,0,3.8176,507.6,16.77,ok,0.6741
prescan,ds-id1,64,7168,2112,128,2048,8192,native,1.750,56.000,8,33,132,0,4.0752,475.5,0.10,ok,0.6315
prescan,ds-id1,64,7168,2112,128,2048,16384,native,1.750,56.000,8,33,132,0,4.6988,412.4,25.79,ok,0.5477
prescan,ds-id1,64,7168,2112,128,4096,256,native,0.062,2.062,112,924,3696,0,2.5386,763.3,0.30,ok,1.0137
prescan,ds-id1,64,7168,2112,128,4096,512,native,0.125,4.125,56,462,1848,0,2.3439,826.7,13.78,ok,1.0979
prescan,ds-id1,64,7168,2112,128,4096,1024,native,0.250,8.250,28,231,924,0,2.5580,757.5,0.44,ok,1.0060
prescan,ds-id1,64,7168,2112,128,4096,2048,native,0.500,16.500,16,132,528,0,2.9431,658.4,3.86,ok,0.8744
prescan,ds-id1,64,7168,2112,128,4096,4096,native,1.000,33.000,8,66,264,0,3.5068,552.6,1.06,ok,0.7338
prescan,ds-id1,64,7168,2112,128,4096,8192,native,1.750,57.750,4,33,132,0,4.1293,469.3,2.29,ok,0.6232
prescan,ds-id1,64,7168,2112,128,4096,16384,native,1.750,57.750,4,33,132,0,4.7123,411.2,26.07,ok,0.5461
prescan,ds-id1,64,7168,2112,16,256,2048,native,0.125,2.000,144,132,528,0,2.5734,753.0,16.23,ok,1.0000
final,ds-id1,64,7168,2112,16,128,16384,native,0.438,3.500,68,33,132,60,2.4390,794.5,0.82,ok,0.9537
final,ds-id1,64,7168,2112,128,4096,512,native,0.125,4.125,56,462,1848,67,2.2680,854.4,3.43,ok,1.0256
final,ds-id1,64,7168,2112,16,128,8192,native,0.438,3.500,68,33,132,56,2.3638,819.8,6.03,ok,0.9840
final,ds-id1,64,7168,2112,16,256,8192,native,0.438,7.000,36,33,132,56,2.7388,707.5,12.34,ok,0.8493
final,ds-id1,64,7168,2112,16,256,16384,native,0.438,7.000,36,33,132,53,2.7552,703.3,2.19,ok,0.8442
final,ds-id1,64,7168,2112,16,4096,512,native,0.031,4.125,56,462,1848,59,2.7007,717.5,7.65,ok,0.8612
final,ds-id1,64,7168,2112,128,128,16384,native,1.750,3.500,68,33,132,47,2.9254,662.4,15.01,ok,0.7951
final,ds-id1,64,7168,2112,64,128,16384,native,1.750,3.500,68,33,132,56,2.5115,771.6,4.74,ok,0.9261
final,ds-id1,64,7168,2112,16,256,2048,native,0.125,2.000,144,132,528,64,2.3260,833.1,0.63,ok,1.0000
prescan,ds-id2,64,1536,24576,16,64,8192,native,0.094,0.375,1536,384,1536,0,7.6889,628.4,5.76,ok,0.9210
prescan,ds-id2,64,1536,24576,16,64,16384,native,0.094,0.375,1536,384,1536,0,7.5815,637.3,0.65,ok,0.9340
prescan,ds-id2,64,1536,24576,16,128,8192,native,0.094,0.750,768,384,1536,0,6.6784,723.5,1.93,ok,1.0603
prescan,ds-id2,64,1536,24576,16,128,16384,native,0.094,0.750,768,384,1536,0,6.6761,723.8,2.05,ok,1.0607
prescan,ds-id2,64,1536,24576,16,256,8192,native,0.094,1.500,384,384,1536,0,6.0934,793.0,1.64,ok,1.1621
prescan,ds-id2,64,1536,24576,16,256,16384,native,0.094,1.500,384,384,1536,0,6.0814,794.5,1.93,ok,1.1644
prescan,ds-id2,64,1536,24576,16,512,8192,native,0.094,3.000,192,384,1536,0,5.8751,822.4,1.65,ok,1.2053
prescan,ds-id2,64,1536,24576,16,512,16384,native,0.094,3.000,192,384,1536,0,5.9405,813.4,0.34,ok,1.1920
prescan,ds-id2,64,1536,24576,16,1024,8192,native,0.094,6.000,96,384,1536,0,5.9931,806.2,0.41,ok,1.1815
prescan,ds-id2,64,1536,24576,16,1024,16384,native,0.094,6.000,96,384,1536,0,5.9962,805.8,0.70,ok,1.1809
prescan,ds-id2,64,1536,24576,16,2048,256,native,0.016,2.000,288,2304,9216,0,7.4032,652.7,1.89,ok,0.9565
prescan,ds-id2,64,1536,24576,16,2048,512,native,0.031,4.000,144,1152,4608,0,6.7554,715.3,3.04,ok,1.0482
prescan,ds-id2,64,1536,24576,16,2048,1024,native,0.062,8.000,96,768,3072,0,6.5944,732.7,0.94,ok,1.0738
prescan,ds-id2,64,1536,24576,16,2048,2048,native,0.094,12.000,48,384,1536,0,6.9410,696.1,10.44,ok,1.0202
prescan,ds-id2,64,1536,24576,16,2048,4096,native,0.094,12.000,48,384,1536,0,6.9104,699.2,8.53,ok,1.0247
prescan,ds-id2,64,1536,24576,16,2048,8192,native,0.094,12.000,48,384,1536,0,6.8848,701.8,5.15,ok,1.0285
prescan,ds-id2,64,1536,24576,16,2048,16384,native,0.094,12.000,48,384,1536,0,6.9523,695.0,5.76,ok,1.0185
prescan,ds-id2,64,1536,24576,16,4096,256,native,0.016,4.000,144,2304,9216,0,7.2600,665.5,2.87,ok,0.9754
prescan,ds-id2,64,1536,24576,16,4096,512,native,0.031,8.000,72,1152,4608,0,7.3094,661.0,0.78,ok,0.9688
prescan,ds-id2,64,1536,24576,16,4096,1024,native,0.062,16.000,48,768,3072,0,9.3028,519.4,4.82,ok,0.7612
prescan,ds-id2,64,1536,24576,16,4096,2048,native,0.094,24.000,24,384,1536,0,13.3076,363.1,3.43,ok,0.5321
prescan,ds-id2,64,1536,24576,16,4096,4096,native,0.094,24.000,24,384,1536,0,15.5176,311.4,1.97,ok,0.4563
prescan,ds-id2,64,1536,24576,16,4096,8192,native,0.094,24.000,24,384,1536,0,15.3883,314.0,3.24,ok,0.4602
prescan,ds-id2,64,1536,24576,16,4096,16384,native,0.094,24.000,24,384,1536,0,15.5213,311.3,1.51,ok,0.4562
prescan,ds-id2,64,1536,24576,32,64,8192,native,0.188,0.375,1536,384,1536,0,9.1375,528.8,0.42,ok,0.7750
prescan,ds-id2,64,1536,24576,32,64,16384,native,0.188,0.375,1536,384,1536,0,7.7795,621.1,0.93,ok,0.9102
prescan,ds-id2,64,1536,24576,32,128,8192,native,0.188,0.750,768,384,1536,0,6.4388,750.4,0.18,ok,1.0997
prescan,ds-id2,64,1536,24576,32,128,16384,native,0.188,0.750,768,384,1536,0,6.4670,747.2,0.77,ok,1.0950
prescan,ds-id2,64,1536,24576,32,256,8192,native,0.188,1.500,384,384,1536,0,6.0187,802.8,0.32,ok,1.1765
prescan,ds-id2,64,1536,24576,32,256,16384,native,0.188,1.500,384,384,1536,0,6.0183,802.9,0.50,ok,1.1766
prescan,ds-id2,64,1536,24576,32,512,8192,native,0.188,3.000,192,384,1536,0,5.8445,826.7,1.12,ok,1.2116
prescan,ds-id2,64,1536,24576,32,512,16384,native,0.188,3.000,192,384,1536,0,5.9635,810.2,0.75,ok,1.1874
prescan,ds-id2,64,1536,24576,32,1024,8192,native,0.188,6.000,96,384,1536,0,6.1002,792.1,0.77,ok,1.1608
prescan,ds-id2,64,1536,24576,32,1024,16384,native,0.188,6.000,96,384,1536,0,6.0895,793.5,0.73,ok,1.1628
prescan,ds-id2,64,1536,24576,32,2048,256,native,0.031,2.000,288,2304,9216,0,7.3893,653.9,0.01,ok,0.9583
prescan,ds-id2,64,1536,24576,32,2048,512,native,0.062,4.000,144,1152,4608,0,6.9238,697.9,0.97,ok,1.0227
prescan,ds-id2,64,1536,24576,32,2048,1024,native,0.125,8.000,96,768,3072,0,6.7689,713.8,0.85,ok,1.0461
prescan,ds-id2,64,1536,24576,32,2048,2048,native,0.188,12.000,48,384,1536,0,6.7300,718.0,7.29,ok,1.0522
prescan,ds-id2,64,1536,24576,32,2048,4096,native,0.188,12.000,48,384,1536,0,6.7824,712.4,6.54,ok,1.0440
prescan,ds-id2,64,1536,24576,32,2048,8192,native,0.188,12.000,48,384,1536,0,7.2046,670.7,4.92,ok,0.9829
prescan,ds-id2,64,1536,24576,32,2048,16384,native,0.188,12.000,48,384,1536,0,7.0811,682.4,0.50,ok,1.0000
prescan,ds-id2,64,1536,24576,32,4096,256,native,0.031,4.000,144,2304,9216,0,7.7171,626.1,1.81,ok,0.9176
prescan,ds-id2,64,1536,24576,32,4096,512,native,0.062,8.000,72,1152,4608,0,7.4967,644.5,3.69,ok,0.9446
prescan,ds-id2,64,1536,24576,32,4096,1024,native,0.125,16.000,48,768,3072,0,8.1658,591.7,0.44,ok,0.8672
prescan,ds-id2,64,1536,24576,32,4096,2048,native,0.188,24.000,24,384,1536,0,10.3187,468.3,2.60,ok,0.6862
prescan,ds-id2,64,1536,24576,32,4096,4096,native,0.188,24.000,24,384,1536,0,12.0125,402.2,2.22,ok,0.5895
prescan,ds-id2,64,1536,24576,32,4096,8192,native,0.188,24.000,24,384,1536,0,15.4789,312.2,2.28,ok,0.4575
prescan,ds-id2,64,1536,24576,32,4096,16384,native,0.188,24.000,24,384,1536,0,15.4380,313.0,2.32,ok,0.4587
prescan,ds-id2,64,1536,24576,64,64,8192,native,0.375,0.375,1536,384,1536,0,8.6363,559.5,10.06,ok,0.8199
prescan,ds-id2,64,1536,24576,64,64,16384,native,0.375,0.375,1536,384,1536,0,7.6930,628.1,7.56,ok,0.9205
prescan,ds-id2,64,1536,24576,64,128,8192,native,0.375,0.750,768,384,1536,0,6.5663,735.9,4.58,ok,1.0784
prescan,ds-id2,64,1536,24576,64,128,16384,native,0.375,0.750,768,384,1536,0,6.5425,738.5,0.14,ok,1.0823
prescan,ds-id2,64,1536,24576,64,256,8192,native,0.375,1.500,384,384,1536,0,6.0676,796.3,0.14,ok,1.1670
prescan,ds-id2,64,1536,24576,64,256,16384,native,0.375,1.500,384,384,1536,0,6.0824,794.4,0.54,ok,1.1642
prescan,ds-id2,64,1536,24576,64,512,8192,native,0.375,3.000,192,384,1536,0,6.0418,799.7,0.93,ok,1.1720
prescan,ds-id2,64,1536,24576,64,512,16384,native,0.375,3.000,192,384,1536,0,6.0411,799.8,0.87,ok,1.1721
prescan,ds-id2,64,1536,24576,64,1024,8192,native,0.375,6.000,96,384,1536,0,6.1473,786.0,2.34,ok,1.1519
prescan,ds-id2,64,1536,24576,64,1024,16384,native,0.375,6.000,96,384,1536,0,6.0917,793.2,0.49,ok,1.1624
prescan,ds-id2,64,1536,24576,64,2048,256,native,0.062,2.000,288,2304,9216,0,7.4489,648.7,0.43,ok,0.9506
prescan,ds-id2,64,1536,24576,64,2048,512,native,0.125,4.000,144,1152,4608,0,6.9517,695.1,5.03,ok,1.0186
prescan,ds-id2,64,1536,24576,64,2048,1024,native,0.250,8.000,96,768,3072,0,6.6452,727.1,1.00,ok,1.0656
prescan,ds-id2,64,1536,24576,64,2048,2048,native,0.375,12.000,48,384,1536,0,7.2035,670.8,7.86,ok,0.9830
prescan,ds-id2,64,1536,24576,64,2048,4096,native,0.375,12.000,48,384,1536,0,6.8919,701.1,0.07,ok,1.0275
prescan,ds-id2,64,1536,24576,64,2048,8192,native,0.375,12.000,48,384,1536,0,6.9143,698.8,0.12,ok,1.0241
prescan,ds-id2,64,1536,24576,64,2048,16384,native,0.375,12.000,48,384,1536,0,6.9192,698.3,0.08,ok,1.0234
prescan,ds-id2,64,1536,24576,64,4096,256,native,0.062,4.000,144,2304,9216,0,7.6825,628.9,1.22,ok,0.9217
prescan,ds-id2,64,1536,24576,64,4096,512,native,0.125,8.000,72,1152,4608,0,7.3470,657.7,3.02,ok,0.9638
prescan,ds-id2,64,1536,24576,64,4096,1024,native,0.250,16.000,48,768,3072,0,7.6755,629.5,0.24,ok,0.9226
prescan,ds-id2,64,1536,24576,64,4096,2048,native,0.375,24.000,24,384,1536,0,9.1113,530.3,0.06,ok,0.7772
prescan,ds-id2,64,1536,24576,64,4096,4096,native,0.375,24.000,24,384,1536,0,10.5502,458.0,0.12,ok,0.6712
prescan,ds-id2,64,1536,24576,64,4096,8192,native,0.375,24.000,24,384,1536,0,10.5466,458.1,0.08,ok,0.6714
prescan,ds-id2,64,1536,24576,64,4096,16384,native,0.375,24.000,24,384,1536,0,10.5029,460.0,0.03,ok,0.6742
prescan,ds-id2,64,1536,24576,128,64,8192,native,0.375,0.375,1536,384,1536,0,8.9589,539.3,3.02,ok,0.7904
prescan,ds-id2,64,1536,24576,128,64,16384,native,0.375,0.375,1536,384,1536,0,7.8270,617.3,0.14,ok,0.9047
prescan,ds-id2,64,1536,24576,128,128,8192,native,0.375,0.750,768,384,1536,0,6.7684,713.9,0.76,ok,1.0462
prescan,ds-id2,64,1536,24576,128,128,16384,native,0.375,0.750,768,384,1536,0,6.5409,738.7,0.06,ok,1.0826
prescan,ds-id2,64,1536,24576,128,256,8192,native,0.375,1.500,384,384,1536,0,6.0620,797.1,0.11,ok,1.1681
prescan,ds-id2,64,1536,24576,128,256,16384,native,0.375,1.500,384,384,1536,0,6.0704,796.0,0.30,ok,1.1665
prescan,ds-id2,64,1536,24576,128,512,8192,native,0.375,3.000,192,384,1536,0,6.0159,803.2,0.14,ok,1.1771
prescan,ds-id2,64,1536,24576,128,512,16384,native,0.375,3.000,192,384,1536,0,6.0175,803.0,0.06,ok,1.1767
prescan,ds-id2,64,1536,24576,128,1024,8192,native,0.375,6.000,96,384,1536,0,6.0886,793.6,0.09,ok,1.1630
prescan,ds-id2,64,1536,24576,128,1024,16384,native,0.375,6.000,96,384,1536,0,6.0887,793.6,0.04,ok,1.1630
prescan,ds-id2,64,1536,24576,128,2048,256,native,0.062,2.000,288,2304,9216,0,7.4587,647.8,0.30,ok,0.9494
prescan,ds-id2,64,1536,24576,128,2048,512,native,0.125,4.000,144,1152,4608,0,7.0032,689.9,3.34,ok,1.0111
prescan,ds-id2,64,1536,24576,128,2048,1024,native,0.250,8.000,96,768,3072,0,6.6146,730.5,0.27,ok,1.0705
prescan,ds-id2,64,1536,24576,128,2048,2048,native,0.375,12.000,48,384,1536,0,6.6519,726.4,4.13,ok,1.0645
prescan,ds-id2,64,1536,24576,128,2048,4096,native,0.375,12.000,48,384,1536,0,6.7405,716.8,4.07,ok,1.0505
prescan,ds-id2,64,1536,24576,128,2048,8192,native,0.375,12.000,48,384,1536,0,6.7840,712.2,1.50,ok,1.0438
prescan,ds-id2,64,1536,24576,128,2048,16384,native,0.375,12.000,48,384,1536,0,6.7931,711.3,3.11,ok,1.0424
prescan,ds-id2,64,1536,24576,128,4096,256,native,0.062,4.000,144,2304,9216,0,7.7029,627.3,2.20,ok,0.9193
prescan,ds-id2,64,1536,24576,128,4096,512,native,0.125,8.000,72,1152,4608,0,7.3475,657.6,3.94,ok,0.9637
prescan,ds-id2,64,1536,24576,128,4096,1024,native,0.250,16.000,48,768,3072,0,7.6657,630.3,0.98,ok,0.9237
prescan,ds-id2,64,1536,24576,128,4096,2048,native,0.375,24.000,24,384,1536,0,9.1155,530.1,0.39,ok,0.7768
prescan,ds-id2,64,1536,24576,128,4096,4096,native,0.375,24.000,24,384,1536,0,10.5901,456.3,0.49,ok,0.6686
prescan,ds-id2,64,1536,24576,128,4096,8192,native,0.375,24.000,24,384,1536,0,10.6422,454.0,1.25,ok,0.6654
prescan,ds-id2,64,1536,24576,128,4096,16384,native,0.375,24.000,24,384,1536,0,10.6181,455.1,0.45,ok,0.6669
prescan,ds-id2,64,1536,24576,16,256,2048,native,0.094,1.500,384,384,1536,0,7.0811,682.4,8.90,ok,1.0000
final,ds-id2,64,1536,24576,32,512,8192,native,0.188,3.000,192,384,1536,25,5.9535,811.6,0.25,ok,1.0324
final,ds-id2,64,1536,24576,16,512,8192,native,0.094,3.000,192,384,1536,22,5.9251,815.5,5.47,ok,1.0374
final,ds-id2,64,1536,24576,16,512,16384,native,0.094,3.000,192,384,1536,25,5.9266,815.3,0.12,ok,1.0371
final,ds-id2,64,1536,24576,32,512,16384,native,0.188,3.000,192,384,1536,25,5.9384,813.7,0.07,ok,1.0351
final,ds-id2,64,1536,24576,16,1024,8192,native,0.094,6.000,96,384,1536,24,6.1839,781.4,0.18,ok,0.9940
final,ds-id2,64,1536,24576,16,1024,16384,native,0.094,6.000,96,384,1536,24,6.1810,781.7,0.48,ok,0.9944
final,ds-id2,64,1536,24576,128,512,8192,native,0.375,3.000,192,384,1536,24,6.1908,780.5,0.25,ok,0.9929
final,ds-id2,64,1536,24576,128,512,16384,native,0.375,3.000,192,384,1536,24,6.1449,786.3,1.30,ok,1.0003
final,ds-id2,64,1536,24576,32,256,16384,native,0.188,1.500,384,384,1536,23,6.1667,783.5,1.55,ok,0.9967
final,ds-id2,64,1536,24576,32,256,8192,native,0.188,1.500,384,384,1536,23,6.1544,785.1,0.18,ok,0.9987
final,ds-id2,64,1536,24576,16,256,2048,native,0.094,1.500,384,384,1536,23,6.1466,786.1,1.32,ok,1.0000
prescan,ds-id3,64,512,32768,16,64,8192,native,0.031,0.125,2048,512,2048,0,3.3114,648.5,0.74,ok,0.8431
prescan,ds-id3,64,512,32768,16,64,16384,native,0.031,0.125,2048,512,2048,0,3.3132,648.2,0.26,ok,0.8426
prescan,ds-id3,64,512,32768,16,128,8192,native,0.031,0.250,1024,512,2048,0,2.9684,723.4,0.15,ok,0.9405
prescan,ds-id3,64,512,32768,16,128,16384,native,0.031,0.250,1024,512,2048,0,2.9663,724.0,0.36,ok,0.9412
prescan,ds-id3,64,512,32768,16,256,8192,native,0.031,0.500,512,512,2048,0,2.7920,769.1,0.39,ok,0.9999
prescan,ds-id3,64,512,32768,16,256,16384,native,0.031,0.500,512,512,2048,0,2.7886,770.1,0.14,ok,1.0011
prescan,ds-id3,64,512,32768,16,512,8192,native,0.031,1.000,256,512,2048,0,2.7124,791.7,0.23,ok,1.0293
prescan,ds-id3,64,512,32768,16,512,16384,native,0.031,1.000,256,512,2048,0,2.7154,790.8,0.15,ok,1.0281
prescan,ds-id3,64,512,32768,16,1024,8192,native,0.031,2.000,128,512,2048,0,2.6737,803.2,0.36,ok,1.0442
prescan,ds-id3,64,512,32768,16,1024,16384,native,0.031,2.000,128,512,2048,0,2.6746,802.9,0.37,ok,1.0438
prescan,ds-id3,64,512,32768,16,2048,256,native,0.016,2.000,128,1024,4096,0,3.1432,683.2,0.76,ok,0.8882
prescan,ds-id3,64,512,32768,16,2048,512,native,0.031,4.000,64,512,2048,0,2.6747,802.9,0.03,ok,1.0438
prescan,ds-id3,64,512,32768,16,2048,1024,native,0.031,4.000,64,512,2048,0,2.6777,802.0,0.13,ok,1.0426
prescan,ds-id3,64,512,32768,16,2048,2048,native,0.031,4.000,64,512,2048,0,2.6895,798.5,0.19,ok,1.0380
prescan,ds-id3,64,512,32768,16,2048,4096,native,0.031,4.000,64,512,2048,0,2.6801,801.3,0.07,ok,1.0417
prescan,ds-id3,64,512,32768,16,2048,8192,native,0.031,4.000,64,512,2048,0,2.6887,798.7,0.24,ok,1.0383
prescan,ds-id3,64,512,32768,16,2048,16384,native,0.031,4.000,64,512,2048,0,2.6896,798.4,0.38,ok,1.0380
prescan,ds-id3,64,512,32768,16,4096,256,native,0.016,4.000,64,1024,4096,0,3.2021,670.7,0.22,ok,0.8719
prescan,ds-id3,64,512,32768,16,4096,512,native,0.031,8.000,32,512,2048,0,2.9226,734.8,0.89,ok,0.9552
prescan,ds-id3,64,512,32768,16,4096,1024,native,0.031,8.000,32,512,2048,0,2.8868,743.9,2.08,ok,0.9671
prescan,ds-id3,64,512,32768,16,4096,2048,native,0.031,8.000,32,512,2048,0,2.9145,736.8,0.28,ok,0.9579
prescan,ds-id3,64,512,32768,16,4096,4096,native,0.031,8.000,32,512,2048,0,2.8935,742.2,1.73,ok,0.9648
prescan,ds-id3,64,512,32768,16,4096,8192,native,0.031,8.000,32,512,2048,0,2.8979,741.0,1.13,ok,0.9634
prescan,ds-id3,64,512,32768,16,4096,16384,native,0.031,8.000,32,512,2048,0,2.9056,739.1,0.05,ok,0.9608
prescan,ds-id3,64,512,32768,32,64,8192,native,0.062,0.125,2048,512,2048,0,3.2759,655.5,1.70,ok,0.8522
prescan,ds-id3,64,512,32768,32,64,16384,native,0.062,0.125,2048,512,2048,0,3.2676,657.2,1.92,ok,0.8544
prescan,ds-id3,64,512,32768,32,128,8192,native,0.062,0.250,1024,512,2048,0,2.9704,723.0,0.03,ok,0.9399
prescan,ds-id3,64,512,32768,32,128,16384,native,0.062,0.250,1024,512,2048,0,2.9686,723.4,0.01,ok,0.9404
prescan,ds-id3,64,512,32768,32,256,8192,native,0.062,0.500,512,512,2048,0,2.7998,767.0,0.26,ok,0.9971
prescan,ds-id3,64,512,32768,32,256,16384,native,0.062,0.500,512,512,2048,0,2.8003,766.9,0.21,ok,0.9970
prescan,ds-id3,64,512,32768,32,512,8192,native,0.062,1.000,256,512,2048,0,2.7165,790.5,0.22,ok,1.0277
prescan,ds-id3,64,512,32768,32,512,16384,native,0.062,1.000,256,512,2048,0,2.7156,790.8,0.55,ok,1.0280
prescan,ds-id3,64,512,32768,32,1024,8192,native,0.062,2.000,128,512,2048,0,2.6764,802.4,0.32,ok,1.0431
prescan,ds-id3,64,512,32768,32,1024,16384,native,0.062,2.000,128,512,2048,0,2.6748,802.9,0.43,ok,1.0437
prescan,ds-id3,64,512,32768,32,2048,256,native,0.031,2.000,128,1024,4096,0,3.1222,687.8,0.24,ok,0.8942
prescan,ds-id3,64,512,32768,32,2048,512,native,0.062,4.000,64,512,2048,0,2.6718,803.8,1.41,ok,1.0449
prescan,ds-id3,64,512,32768,32,2048,1024,native,0.062,4.000,64,512,2048,0,2.6871,799.2,0.15,ok,1.0389
prescan,ds-id3,64,512,32768,32,2048,2048,native,0.062,4.000,64,512,2048,0,2.6875,799.1,0.33,ok,1.0388
prescan,ds-id3,64,512,32768,32,2048,4096,native,0.062,4.000,64,512,2048,0,2.6863,799.4,0.38,ok,1.0392
prescan,ds-id3,64,512,32768,32,2048,8192,native,0.062,4.000,64,512,2048,0,2.6877,799.0,0.43,ok,1.0387
prescan,ds-id3,64,512,32768,32,2048,16384,native,0.062,4.000,64,512,2048,0,2.6894,798.5,0.47,ok,1.0381
prescan,ds-id3,64,512,32768,32,4096,256,native,0.031,4.000,64,1024,4096,0,3.1488,682.0,0.36,ok,0.8866
prescan,ds-id3,64,512,32768,32,4096,512,native,0.062,8.000,32,512,2048,0,2.9095,738.1,1.61,ok,0.9595
prescan,ds-id3,64,512,32768,32,4096,1024,native,0.062,8.000,32,512,2048,0,2.9356,731.5,0.11,ok,0.9510
prescan,ds-id3,64,512,32768,32,4096,2048,native,0.062,8.000,32,512,2048,0,2.9336,732.0,0.05,ok,0.9516
prescan,ds-id3,64,512,32768,32,4096,4096,native,0.062,8.000,32,512,2048,0,2.9387,730.8,0.15,ok,0.9500
prescan,ds-id3,64,512,32768,32,4096,8192,native,0.062,8.000,32,512,2048,0,2.9287,733.2,0.50,ok,0.9532
prescan,ds-id3,64,512,32768,32,4096,16384,native,0.062,8.000,32,512,2048,0,2.9269,733.7,0.22,ok,0.9538
prescan,ds-id3,64,512,32768,64,64,8192,native,0.125,0.125,2048,512,2048,0,3.2970,651.3,0.38,ok,0.8467
prescan,ds-id3,64,512,32768,64,64,16384,native,0.125,0.125,2048,512,2048,0,3.2745,655.8,1.86,ok,0.8526
prescan,ds-id3,64,512,32768,64,128,8192,native,0.125,0.250,1024,512,2048,0,2.9659,724.1,0.10,ok,0.9413
prescan,ds-id3,64,512,32768,64,128,16384,native,0.125,0.250,1024,512,2048,0,2.9649,724.3,0.12,ok,0.9416
prescan,ds-id3,64,512,32768,64,256,8192,native,0.125,0.500,512,512,2048,0,2.7993,767.1,0.12,ok,0.9973
prescan,ds-id3,64,512,32768,64,256,16384,native,0.125,0.500,512,512,2048,0,2.8754,746.9,5.49,ok,0.9709
prescan,ds-id3,64,512,32768,64,512,8192,native,0.125,1.000,256,512,2048,0,2.7138,791.3,0.26,ok,1.0287
prescan,ds-id3,64,512,32768,64,512,16384,native,0.125,1.000,256,512,2048,0,2.7128,791.6,0.06,ok,1.0291
prescan,ds-id3,64,512,32768,64,1024,8192,native,0.125,2.000,128,512,2048,0,2.6682,804.8,0.01,ok,1.0463
prescan,ds-id3,64,512,32768,64,1024,16384,native,0.125,2.000,128,512,2048,0,2.6730,803.4,0.34,ok,1.0444
prescan,ds-id3,64,512,32768,64,2048,256,native,0.062,2.000,128,1024,4096,0,3.1375,684.5,0.56,ok,0.8898
prescan,ds-id3,64,512,32768,64,2048,512,native,0.125,4.000,64,512,2048,0,2.6922,797.7,0.03,ok,1.0370
prescan,ds-id3,64,512,32768,64,2048,1024,native,0.125,4.000,64,512,2048,0,2.6969,796.3,0.05,ok,1.0352
prescan,ds-id3,64,512,32768,64,2048,2048,native,0.125,4.000,64,512,2048,0,2.6896,798.4,0.36,ok,1.0380
prescan,ds-id3,64,512,32768,64,2048,4096,native,0.125,4.000,64,512,2048,0,2.6921,797.7,0.30,ok,1.0370
prescan,ds-id3,64,512,32768,64,2048,8192,native,0.125,4.000,64,512,2048,0,2.6862,799.4,0.08,ok,1.0393
prescan,ds-id3,64,512,32768,64,2048,16384,native,0.125,4.000,64,512,2048,0,2.6880,798.9,0.21,ok,1.0386
prescan,ds-id3,64,512,32768,64,4096,256,native,0.062,4.000,64,1024,4096,0,3.1138,689.7,0.79,ok,0.8966
prescan,ds-id3,64,512,32768,64,4096,512,native,0.125,8.000,32,512,2048,0,2.9332,732.1,1.28,ok,0.9518
prescan,ds-id3,64,512,32768,64,4096,1024,native,0.125,8.000,32,512,2048,0,2.9506,727.8,0.31,ok,0.9462
prescan,ds-id3,64,512,32768,64,4096,2048,native,0.125,8.000,32,512,2048,0,2.9459,729.0,0.09,ok,0.9477
prescan,ds-id3,64,512,32768,64,4096,4096,native,0.125,8.000,32,512,2048,0,2.9497,728.0,0.26,ok,0.9465
prescan,ds-id3,64,512,32768,64,4096,8192,native,0.125,8.000,32,512,2048,0,2.9582,725.9,0.50,ok,0.9437
prescan,ds-id3,64,512,32768,64,4096,16384,native,0.125,8.000,32,512,2048,0,2.9537,727.1,0.25,ok,0.9452
prescan,ds-id3,64,512,32768,128,64,8192,native,0.125,0.125,2048,512,2048,0,3.3115,648.5,0.27,ok,0.8430
prescan,ds-id3,64,512,32768,128,64,16384,native,0.125,0.125,2048,512,2048,0,3.3035,650.1,0.26,ok,0.8451
prescan,ds-id3,64,512,32768,128,128,8192,native,0.125,0.250,1024,512,2048,0,2.9693,723.2,0.34,ok,0.9402
prescan,ds-id3,64,512,32768,128,128,16384,native,0.125,0.250,1024,512,2048,0,2.9667,723.9,0.02,ok,0.9410
prescan,ds-id3,64,512,32768,128,256,8192,native,0.125,0.500,512,512,2048,0,2.7988,767.3,0.12,ok,0.9975
prescan,ds-id3,64,512,32768,128,256,16384,native,0.125,0.500,512,512,2048,0,2.7970,767.8,0.02,ok,0.9981
prescan,ds-id3,64,512,32768,128,512,8192,native,0.125,1.000,256,512,2048,0,2.7106,792.3,0.03,ok,1.0299
prescan,ds-id3,64,512,32768,128,512,16384,native,0.125,1.000,256,512,2048,0,2.7100,792.4,0.04,ok,1.0302
prescan,ds-id3,64,512,32768,128,1024,8192,native,0.125,2.000,128,512,2048,0,2.6689,804.6,0.04,ok,1.0460
prescan,ds-id3,64,512,32768,128,1024,16384,native,0.125,2.000,128,512,2048,0,2.6693,804.5,0.05,ok,1.0459
prescan,ds-id3,64,512,32768,128,2048,256,native,0.062,2.000,128,1024,4096,0,3.1474,682.3,0.71,ok,0.8870
prescan,ds-id3,64,512,32768,128,2048,512,native,0.125,4.000,64,512,2048,0,2.6885,798.8,0.33,ok,1.0384
prescan,ds-id3,64,512,32768,128,2048,1024,native,0.125,4.000,64,512,2048,0,2.6951,796.8,0.09,ok,1.0359
prescan,ds-id3,64,512,32768,128,2048,2048,native,0.125,4.000,64,512,2048,0,2.6941,797.1,0.00,ok,1.0363
prescan,ds-id3,64,512,32768,128,2048,4096,native,0.125,4.000,64,512,2048,0,2.6941,797.1,0.13,ok,1.0363
prescan,ds-id3,64,512,32768,128,2048,8192,native,0.125,4.000,64,512,2048,0,2.6933,797.3,0.03,ok,1.0366
prescan,ds-id3,64,512,32768,128,2048,16384,native,0.125,4.000,64,512,2048,0,2.6929,797.5,0.07,ok,1.0367
prescan,ds-id3,64,512,32768,128,4096,256,native,0.062,4.000,64,1024,4096,0,3.1220,687.8,1.23,ok,0.8942
prescan,ds-id3,64,512,32768,128,4096,512,native,0.125,8.000,32,512,2048,0,2.9506,727.8,0.35,ok,0.9462
prescan,ds-id3,64,512,32768,128,4096,1024,native,0.125,8.000,32,512,2048,0,2.9460,728.9,0.61,ok,0.9476
prescan,ds-id3,64,512,32768,128,4096,2048,native,0.125,8.000,32,512,2048,0,2.9594,725.6,0.27,ok,0.9433
prescan,ds-id3,64,512,32768,128,4096,4096,native,0.125,8.000,32,512,2048,0,2.9878,718.7,1.75,ok,0.9344
prescan,ds-id3,64,512,32768,128,4096,8192,native,0.125,8.000,32,512,2048,0,2.9639,724.5,0.41,ok,0.9419
prescan,ds-id3,64,512,32768,128,4096,16384,native,0.125,8.000,32,512,2048,0,2.9803,720.6,1.19,ok,0.9367
prescan,ds-id3,64,512,32768,16,256,2048,native,0.031,0.500,512,512,2048,0,2.7918,769.2,0.45,ok,1.0000
final,ds-id3,64,512,32768,64,1024,8192,native,0.125,2.000,128,512,2048,56,2.6721,803.7,0.39,ok,1.0453
final,ds-id3,64,512,32768,128,1024,8192,native,0.125,2.000,128,512,2048,56,2.6762,802.4,0.37,ok,1.0437
final,ds-id3,64,512,32768,128,1024,16384,native,0.125,2.000,128,512,2048,56,2.6771,802.2,0.36,ok,1.0434
final,ds-id3,64,512,32768,32,2048,512,native,0.062,4.000,64,512,2048,57,2.6898,798.4,0.33,ok,1.0385
final,ds-id3,64,512,32768,64,1024,16384,native,0.125,2.000,128,512,2048,57,2.6709,804.0,0.30,ok,1.0458
final,ds-id3,64,512,32768,16,1024,8192,native,0.031,2.000,128,512,2048,55,2.6793,801.5,0.16,ok,1.0425
final,ds-id3,64,512,32768,16,1024,16384,native,0.031,2.000,128,512,2048,56,2.6707,804.1,0.41,ok,1.0459
final,ds-id3,64,512,32768,16,2048,512,native,0.031,4.000,64,512,2048,56,2.6812,800.9,0.30,ok,1.0418
final,ds-id3,64,512,32768,32,1024,16384,native,0.062,2.000,128,512,2048,55,2.6728,803.4,0.36,ok,1.0451
final,ds-id3,64,512,32768,32,1024,8192,native,0.062,2.000,128,512,2048,56,2.6740,803.1,0.34,ok,1.0446
final,ds-id3,64,512,32768,16,2048,1024,native,0.031,4.000,64,512,2048,55,2.6816,800.8,0.30,ok,1.0416
final,ds-id3,64,512,32768,16,2048,4096,native,0.031,4.000,64,512,2048,55,2.6783,801.8,0.35,ok,1.0429
final,ds-id3,64,512,32768,64,2048,8192,native,0.125,4.000,64,512,2048,55,2.6929,797.5,0.33,ok,1.0373
final,ds-id3,64,512,32768,32,2048,4096,native,0.062,4.000,64,512,2048,55,2.6845,799.9,0.30,ok,1.0405
final,ds-id3,64,512,32768,32,2048,1024,native,0.062,4.000,64,512,2048,55,2.6913,797.9,0.22,ok,1.0379
final,ds-id3,64,512,32768,32,2048,2048,native,0.062,4.000,64,512,2048,55,2.7120,791.8,1.38,ok,1.0300
final,ds-id3,64,512,32768,32,2048,8192,native,0.062,4.000,64,512,2048,54,2.7007,795.2,0.24,ok,1.0343
final,ds-id3,64,512,32768,64,2048,16384,native,0.125,4.000,64,512,2048,55,2.6999,795.4,0.28,ok,1.0346
final,ds-id3,64,512,32768,128,2048,512,native,0.125,4.000,64,512,2048,55,2.6936,797.2,0.37,ok,1.0370
final,ds-id3,64,512,32768,16,2048,8192,native,0.031,4.000,64,512,2048,55,2.6949,796.9,0.51,ok,1.0365
final,ds-id3,64,512,32768,32,2048,16384,native,0.062,4.000,64,512,2048,55,2.6957,796.6,0.30,ok,1.0362
final,ds-id3,64,512,32768,16,2048,2048,native,0.031,4.000,64,512,2048,55,2.6935,797.3,2.74,ok,1.0370
final,ds-id3,64,512,32768,16,2048,16384,native,0.031,4.000,64,512,2048,54,2.7693,775.5,0.72,ok,1.0086
final,ds-id3,64,512,32768,64,2048,2048,native,0.125,4.000,64,512,2048,53,2.7340,785.5,1.02,ok,1.0217
final,ds-id3,64,512,32768,64,2048,4096,native,0.125,4.000,64,512,2048,53,2.7238,788.4,1.50,ok,1.0255
final,ds-id3,64,512,32768,64,2048,512,native,0.125,4.000,64,512,2048,55,2.7045,794.1,2.91,ok,1.0328
final,ds-id3,64,512,32768,128,2048,16384,native,0.125,4.000,64,512,2048,54,2.7337,785.6,1.66,ok,1.0218
final,ds-id3,64,512,32768,128,2048,8192,native,0.125,4.000,64,512,2048,55,2.6952,796.8,0.26,ok,1.0364
final,ds-id3,64,512,32768,128,2048,2048,native,0.125,4.000,64,512,2048,55,2.7080,793.0,0.90,ok,1.0315
final,ds-id3,64,512,32768,128,2048,4096,native,0.125,4.000,64,512,2048,55,2.6997,795.4,0.68,ok,1.0346
final,ds-id3,64,512,32768,128,2048,1024,native,0.125,4.000,64,512,2048,55,2.6949,796.9,0.56,ok,1.0365
final,ds-id3,64,512,32768,64,2048,1024,native,0.125,4.000,64,512,2048,55,2.6890,798.6,0.36,ok,1.0388
final,ds-id3,64,512,32768,128,512,16384,native,0.125,1.000,256,512,2048,52,2.7132,791.5,0.34,ok,1.0295
final,ds-id3,64,512,32768,128,512,8192,native,0.125,1.000,256,512,2048,55,2.7204,789.4,0.37,ok,1.0268
final,ds-id3,64,512,32768,16,512,8192,native,0.031,1.000,256,512,2048,55,2.7185,790.0,0.37,ok,1.0275
final,ds-id3,64,512,32768,64,512,16384,native,0.125,1.000,256,512,2048,55,2.7165,790.5,0.27,ok,1.0283
final,ds-id3,64,512,32768,64,512,8192,native,0.125,1.000,256,512,2048,55,2.7207,789.3,0.35,ok,1.0267
final,ds-id3,64,512,32768,16,512,16384,native,0.031,1.000,256,512,2048,55,2.7100,792.4,0.34,ok,1.0307
final,ds-id3,64,512,32768,32,512,16384,native,0.062,1.000,256,512,2048,55,2.7213,789.1,0.50,ok,1.0264
final,ds-id3,64,512,32768,32,512,8192,native,0.062,1.000,256,512,2048,56,2.7111,792.1,0.57,ok,1.0303
final,ds-id3,64,512,32768,16,256,2048,native,0.031,0.500,512,512,2048,53,2.7933,768.8,0.18,ok,1.0000
prescan,ds-id4,64,16384,7168,16,64,8192,native,0.500,2.000,896,224,896,0,22.0237,682.6,0.49,ok,0.8412
prescan,ds-id4,64,16384,7168,16,64,16384,native,1.000,4.000,448,112,448,0,22.0856,680.6,4.49,ok,0.8389
prescan,ds-id4,64,16384,7168,16,128,8192,native,0.500,4.000,448,224,896,0,19.8521,757.2,3.75,ok,0.9333
prescan,ds-id4,64,16384,7168,16,128,16384,native,1.000,8.000,224,112,448,0,20.1121,747.4,3.76,ok,0.9212
prescan,ds-id4,64,16384,7168,16,256,8192,native,0.500,8.000,224,224,896,0,19.1782,783.8,3.85,ok,0.9661
prescan,ds-id4,64,16384,7168,16,256,16384,native,1.000,16.000,112,112,448,0,32.4042,463.9,1.68,ok,0.5718
prescan,ds-id4,64,16384,7168,16,512,8192,native,0.500,16.000,112,224,896,0,29.6841,506.4,3.30,ok,0.6241
prescan,ds-id4,64,16384,7168,16,512,16384,native,1.000,32.000,56,112,448,0,46.1009,326.1,25.85,ok,0.4019
prescan,ds-id4,64,16384,7168,16,1024,8192,native,0.500,32.000,56,224,896,0,43.7734,343.4,24.64,ok,0.4233
prescan,ds-id4,64,16384,7168,16,1024,16384,native,1.000,64.000,28,112,448,0,39.4929,380.6,0.12,ok,0.4691
prescan,ds-id4,64,16384,7168,16,2048,256,native,0.016,2.000,1024,7168,28672,0,17.8379,842.7,0.17,ok,1.0386
prescan,ds-id4,64,16384,7168,16,2048,512,native,0.031,4.000,512,3584,14336,0,17.3892,864.5,0.85,ok,1.0655
prescan,ds-id4,64,16384,7168,16,2048,1024,native,0.062,8.000,256,1792,7168,0,18.9386,793.7,2.82,ok,0.9783
prescan,ds-id4,64,16384,7168,16,2048,2048,native,0.125,16.000,128,896,3584,0,32.5070,462.4,14.91,ok,0.5699
prescan,ds-id4,64,16384,7168,16,2048,4096,native,0.250,32.000,64,448,1792,0,40.9306,367.3,19.28,ok,0.4527
prescan,ds-id4,64,16384,7168,16,2048,8192,native,0.500,64.000,32,224,896,0,42.5224,353.5,19.96,ok,0.4357
prescan,ds-id4,64,16384,7168,16,2048,16384,native,1.000,128.000,16,112,448,0,39.5962,379.6,1.68,ok,0.4679
prescan,ds-id4,64,16384,7168,16,4096,256,native,0.016,4.000,512,7168,28672,0,18.0704,831.9,1.96,ok,1.0253
prescan,ds-id4,64,16384,7168,16,4096,512,native,0.031,8.000,256,3584,14336,0,18.8410,797.9,0.63,ok,0.9834
prescan,ds-id4,64,16384,7168,16,4096,1024,native,0.062,16.000,128,1792,7168,0,30.7817,488.4,5.43,ok,0.6019
prescan,ds-id4,64,16384,7168,16,4096,2048,native,0.125,32.000,64,896,3584,0,43.2097,347.9,25.96,ok,0.4288
prescan,ds-id4,64,16384,7168,16,4096,4096,native,0.250,64.000,32,448,1792,0,42.5231,353.5,21.72,ok,0.4357
prescan,ds-id4,64,16384,7168,16,4096,8192,native,0.500,128.000,16,224,896,0,38.0903,394.7,0.09,ok,0.4864
prescan,ds-id4,64,16384,7168,16,4096,16384,native,1.000,256.000,8,112,448,0,39.1299,384.2,0.13,ok,0.4735
prescan,ds-id4,64,16384,7168,32,64,8192,native,1.000,2.000,896,224,896,0,21.9361,685.3,1.63,ok,0.8446
prescan,ds-id4,64,16384,7168,32,64,16384,native,2.000,4.000,448,112,448,0,22.0331,682.3,1.09,ok,0.8409
prescan,ds-id4,64,16384,7168,32,128,8192,native,1.000,4.000,448,224,896,0,20.2853,741.0,1.31,ok,0.9133
prescan,ds-id4,64,16384,7168,32,128,16384,native,2.000,8.000,224,112,448,0,21.8635,687.6,3.76,ok,0.8474
prescan,ds-id4,64,16384,7168,32,256,8192,native,1.000,8.000,224,224,896,0,20.1107,747.5,1.28,ok,0.9213
prescan,ds-id4,64,16384,7168,32,256,16384,native,2.000,16.000,112,112,448,0,29.6563,506.9,1.58,ok,0.6247
prescan,ds-id4,64,16384,7168,32,512,8192,native,1.000,16.000,112,224,896,0,27.7481,541.7,5.72,ok,0.6677
prescan,ds-id4,64,16384,7168,32,512,16384,native,2.000,32.000,56,112,448,0,42.5762,353.1,0.09,ok,0.4352
prescan,ds-id4,64,16384,7168,32,1024,8192,native,1.000,32.000,56,224,896,0,51.7055,290.7,0.22,ok,0.3583
prescan,ds-id4,64,16384,7168,32,1024,16384,native,2.000,64.000,28,112,448,0,47.1627,318.7,35.53,ok,0.3928
prescan,ds-id4,64,16384,7168,32,2048,256,native,0.031,2.000,1024,7168,28672,0,19.1366,785.5,11.33,ok,0.9682
prescan,ds-id4,64,16384,7168,32,2048,512,native,0.062,4.000,512,3584,14336,0,18.1486,828.3,0.13,ok,1.0209
prescan,ds-id4,64,16384,7168,32,2048,1024,native,0.125,8.000,256,1792,7168,0,19.3227,778.0,0.39,ok,0.9588
prescan,ds-id4,64,16384,7168,32,2048,2048,native,0.250,16.000,128,896,3584,0,28.3497,530.2,1.08,ok,0.6535
prescan,ds-id4,64,16384,7168,32,2048,4096,native,0.500,32.000,64,448,1792,0,39.8542,377.2,7.02,ok,0.4649
prescan,ds-id4,64,16384,7168,32,2048,8192,native,1.000,64.000,32,224,896,0,49.0120,306.7,10.27,ok,0.3780
prescan,ds-id4,64,16384,7168,32,2048,16384,native,2.000,128.000,16,112,448,0,37.4112,401.8,14.40,ok,0.4952
prescan,ds-id4,64,16384,7168,32,4096,256,native,0.031,4.000,512,7168,28672,0,18.0909,830.9,0.12,ok,1.0241
prescan,ds-id4,64,16384,7168,32,4096,512,native,0.062,8.000,256,3584,14336,0,19.2794,779.7,1.49,ok,0.9610
prescan,ds-id4,64,16384,7168,32,4096,1024,native,0.125,16.000,128,1792,7168,0,27.6255,544.1,0.10,ok,0.6707
prescan,ds-id4,64,16384,7168,32,4096,2048,native,0.250,32.000,64,896,3584,0,38.2102,393.4,0.18,ok,0.4849
prescan,ds-id4,64,16384,7168,32,4096,4096,native,0.500,64.000,32,448,1792,0,44.9469,334.4,27.51,ok,0.4122
prescan,ds-id4,64,16384,7168,32,4096,8192,native,1.000,128.000,16,224,896,0,34.8285,431.6,30.01,ok,0.5320
prescan,ds-id4,64,16384,7168,32,4096,16384,native,2.000,256.000,8,112,448,0,31.1555,482.5,1.06,ok,0.5947
prescan,ds-id4,64,16384,7168,64,64,8192,native,2.000,2.000,896,224,896,0,21.7250,691.9,0.49,ok,0.8528
prescan,ds-id4,64,16384,7168,64,64,16384,native,4.000,4.000,448,112,448,0,22.7602,660.5,0.16,ok,0.8140
prescan,ds-id4,64,16384,7168,64,128,8192,native,2.000,4.000,448,224,896,0,20.1216,747.1,0.19,ok,0.9208
prescan,ds-id4,64,16384,7168,64,128,16384,native,4.000,8.000,224,112,448,0,24.3745,616.7,0.59,ok,0.7601
prescan,ds-id4,64,16384,7168,64,256,8192,native,2.000,8.000,224,224,896,0,19.6734,764.1,0.08,ok,0.9417
prescan,ds-id4,64,16384,7168,64,256,16384,native,4.000,16.000,112,112,448,0,31.3971,478.8,0.94,ok,0.5901
prescan,ds-id4,64,16384,7168,64,512,8192,native,2.000,16.000,112,224,896,0,27.5111,546.4,8.69,ok,0.6735
prescan,ds-id4,64,16384,7168,64,512,16384,native,4.000,32.000,56,112,448,0,40.0167,375.7,0.05,ok,0.4630
prescan,ds-id4,64,16384,7168,64,1024,8192,native,2.000,32.000,56,224,896,0,34.8178,431.7,0.03,ok,0.5321
prescan,ds-id4,64,16384,7168,64,1024,16384,native,4.000,64.000,28,112,448,0,36.9141,407.2,1.72,ok,0.5019
prescan,ds-id4,64,16384,7168,64,2048,256,native,0.062,2.000,1024,7168,28672,0,18.2573,823.4,0.12,ok,1.0148
prescan,ds-id4,64,16384,7168,64,2048,512,native,0.125,4.000,512,3584,14336,0,17.9481,837.5,0.39,ok,1.0323
prescan,ds-id4,64,16384,7168,64,2048,1024,native,0.250,8.000,256,1792,7168,0,20.1412,746.3,0.04,ok,0.9199
prescan,ds-id4,64,16384,7168,64,2048,2048,native,0.500,16.000,128,896,3584,0,25.9581,579.1,1.50,ok,0.7137
prescan,ds-id4,64,16384,7168,64,2048,4096,native,1.000,32.000,64,448,1792,0,32.6630,460.2,1.63,ok,0.5672
prescan,ds-id4,64,16384,7168,64,2048,8192,native,2.000,64.000,32,224,896,0,34.5922,434.6,0.61,ok,0.5356
prescan,ds-id4,64,16384,7168,64,2048,16384,native,4.000,128.000,16,112,448,0,42.8389,350.9,14.14,ok,0.4325
prescan,ds-id4,64,16384,7168,64,4096,256,native,0.062,4.000,512,7168,28672,0,18.9342,793.9,7.05,ok,0.9785
prescan,ds-id4,64,16384,7168,64,4096,512,native,0.125,8.000,256,3584,14336,0,19.6537,764.9,0.88,ok,0.9427
prescan,ds-id4,64,16384,7168,64,4096,1024,native,0.250,16.000,128,1792,7168,0,25.4043,591.7,1.39,ok,0.7293
prescan,ds-id4,64,16384,7168,64,4096,2048,native,0.500,32.000,64,896,3584,0,31.5194,476.9,3.80,ok,0.5878
prescan,ds-id4,64,16384,7168,64,4096,4096,native,1.000,64.000,32,448,1792,0,33.5641,447.9,0.93,ok,0.5520
prescan,ds-id4,64,16384,7168,64,4096,8192,native,2.000,128.000,16,224,896,0,35.1940,427.1,0.65,ok,0.5264
prescan,ds-id4,64,16384,7168,64,4096,16384,native,4.000,256.000,8,112,448,0,30.5460,492.1,5.48,ok,0.6065
prescan,ds-id4,64,16384,7168,128,64,8192,native,2.000,2.000,896,224,896,0,21.8272,688.7,0.13,ok,0.8488
prescan,ds-id4,64,16384,7168,128,64,16384,native,4.000,4.000,448,112,448,0,22.6372,664.1,0.67,ok,0.8184
prescan,ds-id4,64,16384,7168,128,128,8192,native,2.000,4.000,448,224,896,0,20.0687,749.0,0.52,ok,0.9232
prescan,ds-id4,64,16384,7168,128,128,16384,native,4.000,8.000,224,112,448,0,24.3775,616.7,0.30,ok,0.7600
prescan,ds-id4,64,16384,7168,128,256,8192,native,2.000,8.000,224,224,896,0,19.7118,762.6,0.22,ok,0.9399
prescan,ds-id4,64,16384,7168,128,256,16384,native,4.000,16.000,112,112,448,0,30.1653,498.3,5.27,ok,0.6142
prescan,ds-id4,64,16384,7168,128,512,8192,native,2.000,16.000,112,224,896,0,27.9398,538.0,2.60,ok,0.6631
prescan,ds-id4,64,16384,7168,128,512,16384,native,4.000,32.000,56,112,448,0,40.2603,373.4,0.76,ok,0.4602
prescan,ds-id4,64,16384,7168,128,1024,8192,native,2.000,32.000,56,224,896,0,35.5717,422.6,4.66,ok,0.5208
prescan,ds-id4,64,16384,7168,128,1024,16384,native,4.000,64.000,28,112,448,0,31.4066,478.6,15.73,ok,0.5899
prescan,ds-id4,64,16384,7168,128,2048,256,native,0.062,2.000,1024,7168,28672,0,18.1603,827.8,0.17,ok,1.0202
prescan,ds-id4,64,16384,7168,128,2048,512,native,0.125,4.000,512,3584,14336,0,17.8302,843.1,1.62,ok,1.0391
prescan,ds-id4,64,16384,7168,128,2048,1024,native,0.250,8.000,256,1792,7168,0,20.2233,743.3,0.97,ok,0.9161
prescan,ds-id4,64,16384,7168,128,2048,2048,native,0.500,16.000,128,896,3584,0,26.2542,572.6,1.15,ok,0.7057
prescan,ds-id4,64,16384,7168,128,2048,4096,native,1.000,32.000,64,448,1792,0,33.4466,449.4,4.49,ok,0.5539
prescan,ds-id4,64,16384,7168,128,2048,8192,native,2.000,64.000,32,224,896,0,34.8781,431.0,0.61,ok,0.5312
prescan,ds-id4,64,16384,7168,128,2048,16384,native,4.000,128.000,16,112,448,0,39.8996,376.8,0.18,ok,0.4643
prescan,ds-id4,64,16384,7168,128,4096,256,native,0.062,4.000,512,7168,28672,0,18.5518,810.3,3.66,ok,0.9987
prescan,ds-id4,64,16384,7168,128,4096,512,native,0.125,8.000,256,3584,14336,0,19.8347,757.9,0.10,ok,0.9341
prescan,ds-id4,64,16384,7168,128,4096,1024,native,0.250,16.000,128,1792,7168,0,25.7677,583.4,2.03,ok,0.7190
prescan,ds-id4,64,16384,7168,128,4096,2048,native,0.500,32.000,64,896,3584,0,31.5539,476.4,2.58,ok,0.5872
prescan,ds-id4,64,16384,7168,128,4096,4096,native,1.000,64.000,32,448,1792,0,33.4186,449.8,0.39,ok,0.5544
prescan,ds-id4,64,16384,7168,128,4096,8192,native,2.000,128.000,16,224,896,0,35.1558,427.6,0.08,ok,0.5270
prescan,ds-id4,64,16384,7168,128,4096,16384,native,4.000,256.000,8,112,448,0,30.0875,499.6,5.76,ok,0.6158
prescan,ds-id4,64,16384,7168,16,256,2048,native,0.125,2.000,896,896,3584,0,18.5273,811.4,0.13,ok,1.0000
final,ds-id4,64,16384,7168,16,2048,512,native,0.031,4.000,512,3584,14336,7,19.0592,788.7,3.62,ok,1.0251
final,ds-id4,64,16384,7168,128,2048,512,native,0.125,4.000,512,3584,14336,7,18.8840,796.0,1.92,ok,1.0347
final,ds-id4,64,16384,7168,16,2048,256,native,0.016,2.000,1024,7168,28672,7,18.9658,792.6,2.21,ok,1.0302
final,ds-id4,64,16384,7168,64,2048,512,native,0.125,4.000,512,3584,14336,8,18.5138,812.0,1.52,ok,1.0553
final,ds-id4,64,16384,7168,16,4096,256,native,0.016,4.000,512,7168,28672,7,19.0036,791.0,0.08,ok,1.0281
final,ds-id4,64,16384,7168,32,4096,256,native,0.031,4.000,512,7168,28672,7,19.0437,789.4,1.61,ok,1.0260
final,ds-id4,64,16384,7168,32,2048,512,native,0.062,4.000,512,3584,14336,8,18.6119,807.7,1.26,ok,1.0498
final,ds-id4,64,16384,7168,128,2048,256,native,0.062,2.000,1024,7168,28672,7,19.7898,759.6,3.92,ok,0.9873
final,ds-id4,64,16384,7168,16,256,2048,native,0.125,2.000,896,896,3584,7,19.5384,769.4,1.06,ok,1.0000
prescan,ds-id5,64,7168,4096,16,64,8192,native,0.438,1.750,256,64,256,0,5.7656,651.8,4.20,ok,1.0205
prescan,ds-id5,64,7168,4096,16,64,16384,native,0.438,1.750,256,64,256,0,5.6310,667.4,4.02,ok,1.0449
prescan,ds-id5,64,7168,4096,16,128,8192,native,0.438,3.500,128,64,256,0,5.0713,741.1,0.34,ok,1.1602
prescan,ds-id5,64,7168,4096,16,128,16384,native,0.438,3.500,128,64,256,0,5.0743,740.6,0.70,ok,1.1595
prescan,ds-id5,64,7168,4096,16,256,8192,native,0.438,7.000,64,64,256,0,4.7412,792.6,2.13,ok,1.2410
prescan,ds-id5,64,7168,4096,16,256,16384,native,0.438,7.000,64,64,256,0,4.7867,785.1,1.84,ok,1.2292
prescan,ds-id5,64,7168,4096,16,512,8192,native,0.438,14.000,32,64,256,0,5.8937,637.6,1.90,ok,0.9983
prescan,ds-id5,64,7168,4096,16,512,16384,native,0.438,14.000,32,64,256,0,5.9260,634.2,0.49,ok,0.9929
prescan,ds-id5,64,7168,4096,16,1024,8192,native,0.438,28.000,16,64,256,0,10.5339,356.8,1.52,ok,0.5585
prescan,ds-id5,64,7168,4096,16,1024,16384,native,0.438,28.000,16,64,256,0,12.3477,304.4,0.42,ok,0.4765
prescan,ds-id5,64,7168,4096,16,2048,256,native,0.016,2.000,224,1792,7168,0,6.0469,621.5,1.63,ok,0.9730
prescan,ds-id5,64,7168,4096,16,2048,512,native,0.031,4.000,112,896,3584,0,5.9001,636.9,2.88,ok,0.9972
prescan,ds-id5,64,7168,4096,16,2048,1024,native,0.062,8.000,56,448,1792,0,5.7818,650.0,9.49,ok,1.0176
prescan,ds-id5,64,7168,4096,16,2048,2048,native,0.125,16.000,32,256,1024,0,6.8518,548.5,2.42,ok,0.8587
prescan,ds-id5,64,7168,4096,16,2048,4096,native,0.250,32.000,16,128,512,0,10.5254,357.1,0.80,ok,0.5590
prescan,ds-id5,64,7168,4096,16,2048,8192,native,0.438,56.000,8,64,256,0,11.7907,318.7,7.41,ok,0.4990
prescan,ds-id5,64,7168,4096,16,2048,16384,native,0.438,56.000,8,64,256,0,10.3728,362.3,16.34,ok,0.5672
prescan,ds-id5,64,7168,4096,16,4096,256,native,0.016,4.000,112,1792,7168,0,5.0487,744.4,7.89,ok,1.1654
prescan,ds-id5,64,7168,4096,16,4096,512,native,0.031,8.000,56,896,3584,0,5.2938,709.9,0.45,ok,1.1114
prescan,ds-id5,64,7168,4096,16,4096,1024,native,0.062,16.000,28,448,1792,0,7.8543,478.5,0.51,ok,0.7491
prescan,ds-id5,64,7168,4096,16,4096,2048,native,0.125,32.000,16,256,1024,0,9.7312,386.2,10.02,ok,0.6046
prescan,ds-id5,64,7168,4096,16,4096,4096,native,0.250,64.000,8,128,512,0,10.0205,375.0,10.96,ok,0.5872
prescan,ds-id5,64,7168,4096,16,4096,8192,native,0.438,112.000,4,64,256,0,10.1183,371.4,12.10,ok,0.5815
prescan,ds-id5,64,7168,4096,16,4096,16384,native,0.438,112.000,4,64,256,0,10.7548,349.4,23.32,ok,0.5471
prescan,ds-id5,64,7168,4096,32,64,8192,native,0.875,1.750,256,64,256,0,6.1718,608.9,26.44,ok,0.9533
prescan,ds-id5,64,7168,4096,32,64,16384,native,0.875,1.750,256,64,256,0,6.1657,609.5,26.51,ok,0.9543
prescan,ds-id5,64,7168,4096,32,128,8192,native,0.875,3.500,128,64,256,0,5.9029,636.7,37.24,ok,0.9967
prescan,ds-id5,64,7168,4096,32,128,16384,native,0.875,3.500,128,64,256,0,5.1973,723.1,12.56,ok,1.1321
prescan,ds-id5,64,7168,4096,32,256,8192,native,0.875,7.000,64,64,256,0,4.8520,774.6,8.42,ok,1.2126
prescan,ds-id5,64,7168,4096,32,256,16384,native,0.875,7.000,64,64,256,0,4.7312,794.3,3.71,ok,1.2436
prescan,ds-id5,64,7168,4096,32,512,8192,native,0.875,14.000,32,64,256,0,5.4896,684.6,0.08,ok,1.0718
prescan,ds-id5,64,7168,4096,32,512,16384,native,0.875,14.000,32,64,256,0,5.4747,686.5,0.42,ok,1.0747
prescan,ds-id5,64,7168,4096,32,1024,8192,native,0.875,28.000,16,64,256,0,7.7624,484.1,0.54,ok,0.7580
prescan,ds-id5,64,7168,4096,32,1024,16384,native,0.875,28.000,16,64,256,0,9.1063,412.7,15.15,ok,0.6461
prescan,ds-id5,64,7168,4096,32,2048,256,native,0.031,2.000,224,1792,7168,0,5.6357,666.8,10.18,ok,1.0440
prescan,ds-id5,64,7168,4096,32,2048,512,native,0.062,4.000,112,896,3584,0,5.3173,706.8,12.58,ok,1.1065
prescan,ds-id5,64,7168,4096,32,2048,1024,native,0.125,8.000,56,448,1792,0,5.5061,682.5,5.85,ok,1.0686
prescan,ds-id5,64,7168,4096,32,2048,2048,native,0.250,16.000,32,256,1024,0,5.8722,640.0,0.32,ok,1.0020
prescan,ds-id5,64,7168,4096,32,2048,4096,native,0.500,32.000,16,128,512,0,7.6292,492.6,0.18,ok,0.7712
prescan,ds-id5,64,7168,4096,32,2048,8192,native,0.875,56.000,8,64,256,0,9.0850,413.7,14.08,ok,0.6476
prescan,ds-id5,64,7168,4096,32,2048,16384,native,0.875,56.000,8,64,256,0,9.8769,380.5,0.15,ok,0.5957
prescan,ds-id5,64,7168,4096,32,4096,256,native,0.031,4.000,112,1792,7168,0,5.8538,642.0,1.14,ok,1.0051
prescan,ds-id5,64,7168,4096,32,4096,512,native,0.062,8.000,56,896,3584,0,5.9918,627.2,6.74,ok,0.9819
prescan,ds-id5,64,7168,4096,32,4096,1024,native,0.125,16.000,28,448,1792,0,6.7751,554.7,0.53,ok,0.8684
prescan,ds-id5,64,7168,4096,32,4096,2048,native,0.250,32.000,16,256,1024,0,8.0484,466.9,2.49,ok,0.7310
prescan,ds-id5,64,7168,4096,32,4096,4096,native,0.500,64.000,8,128,512,0,9.6893,387.9,0.93,ok,0.6072
prescan,ds-id5,64,7168,4096,32,4096,8192,native,0.875,112.000,4,64,256,0,7.9038,475.5,3.65,ok,0.7444
prescan,ds-id5,64,7168,4096,32,4096,16384,native,0.875,112.000,4,64,256,0,7.3322,512.5,0.11,ok,0.8024
prescan,ds-id5,64,7168,4096,64,64,8192,native,1.750,1.750,256,64,256,0,5.3540,701.9,0.07,ok,1.0989
prescan,ds-id5,64,7168,4096,64,64,16384,native,1.750,1.750,256,64,256,0,5.4074,695.0,1.21,ok,1.0881
prescan,ds-id5,64,7168,4096,64,128,8192,native,1.750,3.500,128,64,256,0,5.0282,747.4,0.30,ok,1.1701
prescan,ds-id5,64,7168,4096,64,128,16384,native,1.750,3.500,128,64,256,0,5.0654,741.9,0.89,ok,1.1615
prescan,ds-id5,64,7168,4096,64,256,8192,native,1.750,7.000,64,64,256,0,4.8590,773.4,1.12,ok,1.2109
prescan,ds-id5,64,7168,4096,64,256,16384,native,1.750,7.000,64,64,256,0,4.8759,770.7,0.33,ok,1.2067
prescan,ds-id5,64,7168,4096,64,512,8192,native,1.750,14.000,32,64,256,0,5.3383,704.0,1.80,ok,1.1022
prescan,ds-id5,64,7168,4096,64,512,16384,native,1.750,14.000,32,64,256,0,5.3344,704.5,0.91,ok,1.1030
prescan,ds-id5,64,7168,4096,64,1024,8192,native,1.750,28.000,16,64,256,0,6.8015,552.5,0.60,ok,0.8651
prescan,ds-id5,64,7168,4096,64,1024,16384,native,1.750,28.000,16,64,256,0,7.4564,504.0,1.60,ok,0.7891
prescan,ds-id5,64,7168,4096,64,2048,256,native,0.062,2.000,224,1792,7168,0,5.8895,638.1,0.52,ok,0.9990
prescan,ds-id5,64,7168,4096,64,2048,512,native,0.125,4.000,112,896,3584,0,5.3571,701.5,2.02,ok,1.0983
prescan,ds-id5,64,7168,4096,64,2048,1024,native,0.250,8.000,56,448,1792,0,4.9561,758.3,2.47,ok,1.1872
prescan,ds-id5,64,7168,4096,64,2048,2048,native,0.500,16.000,32,256,1024,0,5.4334,691.7,4.90,ok,1.0829
prescan,ds-id5,64,7168,4096,64,2048,4096,native,1.000,32.000,16,128,512,0,7.0644,532.0,10.68,ok,0.8329
prescan,ds-id5,64,7168,4096,64,2048,8192,native,1.750,56.000,8,64,256,0,8.1361,461.9,14.06,ok,0.7232
prescan,ds-id5,64,7168,4096,64,2048,16384,native,1.750,56.000,8,64,256,0,8.7336,430.3,1.05,ok,0.6737
prescan,ds-id5,64,7168,4096,64,4096,256,native,0.062,4.000,112,1792,7168,0,5.8864,638.4,0.22,ok,0.9995
prescan,ds-id5,64,7168,4096,64,4096,512,native,0.125,8.000,56,896,3584,0,5.7503,653.6,3.92,ok,1.0232
prescan,ds-id5,64,7168,4096,64,4096,1024,native,0.250,16.000,28,448,1792,0,6.1856,607.6,3.83,ok,0.9512
prescan,ds-id5,64,7168,4096,64,4096,2048,native,0.500,32.000,16,256,1024,0,7.1838,523.1,0.79,ok,0.8190
prescan,ds-id5,64,7168,4096,64,4096,4096,native,1.000,64.000,8,128,512,0,8.4582,444.3,1.08,ok,0.6956
prescan,ds-id5,64,7168,4096,64,4096,8192,native,1.750,112.000,4,64,256,0,8.6182,436.1,0.60,ok,0.6827
prescan,ds-id5,64,7168,4096,64,4096,16384,native,1.750,112.000,4,64,256,0,8.7726,428.4,1.02,ok,0.6707
prescan,ds-id5,64,7168,4096,128,64,8192,native,1.750,1.750,256,64,256,0,5.9702,629.5,0.17,ok,0.9855
prescan,ds-id5,64,7168,4096,128,64,16384,native,1.750,1.750,256,64,256,0,5.7114,658.0,3.45,ok,1.0302
prescan,ds-id5,64,7168,4096,128,128,8192,native,1.750,3.500,128,64,256,0,5.0723,740.9,1.66,ok,1.1600
prescan,ds-id5,64,7168,4096,128,128,16384,native,1.750,3.500,128,64,256,0,4.9715,755.9,0.57,ok,1.1835
prescan,ds-id5,64,7168,4096,128,256,8192,native,1.750,7.000,64,64,256,0,4.8110,781.2,1.68,ok,1.2230
prescan,ds-id5,64,7168,4096,128,256,16384,native,1.750,7.000,64,64,256,0,4.8506,774.8,3.38,ok,1.2130
prescan,ds-id5,64,7168,4096,128,512,8192,native,1.750,14.000,32,64,256,0,5.4014,695.8,0.44,ok,1.0893
prescan,ds-id5,64,7168,4096,128,512,16384,native,1.750,14.000,32,64,256,0,5.3640,700.6,1.24,ok,1.0969
prescan,ds-id5,64,7168,4096,128,1024,8192,native,1.750,28.000,16,64,256,0,7.1623,524.7,6.27,ok,0.8215
prescan,ds-id5,64,7168,4096,128,1024,16384,native,1.750,28.000,16,64,256,0,7.6741,489.7,0.45,ok,0.7667
prescan,ds-id5,64,7168,4096,128,2048,256,native,0.062,2.000,224,1792,7168,0,5.9055,636.4,1.14,ok,0.9963
prescan,ds-id5,64,7168,4096,128,2048,512,native,0.125,4.000,112,896,3584,0,5.4118,694.4,0.58,ok,1.0872
prescan,ds-id5,64,7168,4096,128,2048,1024,native,0.250,8.000,56,448,1792,0,4.9879,753.4,2.35,ok,1.1796
prescan,ds-id5,64,7168,4096,128,2048,2048,native,0.500,16.000,32,256,1024,0,5.5104,682.0,6.30,ok,1.0677
prescan,ds-id5,64,7168,4096,128,2048,4096,native,1.000,32.000,16,128,512,0,7.1822,523.3,7.16,ok,0.8192
prescan,ds-id5,64,7168,4096,128,2048,8192,native,1.750,56.000,8,64,256,0,8.2010,458.2,18.28,ok,0.7174
prescan,ds-id5,64,7168,4096,128,2048,16384,native,1.750,56.000,8,64,256,0,8.8134,426.4,2.40,ok,0.6676
prescan,ds-id5,64,7168,4096,128,4096,256,native,0.062,4.000,112,1792,7168,0,5.8083,647.0,0.04,ok,1.0130
prescan,ds-id5,64,7168,4096,128,4096,512,native,0.125,8.000,56,896,3584,0,5.8517,642.2,5.35,ok,1.0055
prescan,ds-id5,64,7168,4096,128,4096,1024,native,0.250,16.000,28,448,1792,0,6.6920,561.6,27.07,ok,0.8792
prescan,ds-id5,64,7168,4096,128,4096,2048,native,0.500,32.000,16,256,1024,0,7.1694,524.2,3.09,ok,0.8207
prescan,ds-id5,64,7168,4096,128,4096,4096,native,1.000,64.000,8,128,512,0,8.1420,461.6,12.92,ok,0.7226
prescan,ds-id5,64,7168,4096,128,4096,8192,native,1.750,112.000,4,64,256,0,9.8417,381.9,27.87,ok,0.5978
prescan,ds-id5,64,7168,4096,128,4096,16384,native,1.750,112.000,4,64,256,0,9.6956,387.6,25.35,ok,0.6068
prescan,ds-id5,64,7168,4096,16,256,2048,native,0.125,2.000,256,256,1024,0,5.8837,638.7,1.61,ok,1.0000
final,ds-id5,64,7168,4096,32,256,16384,native,0.875,7.000,64,64,256,30,4.9275,762.7,2.94,ok,1.0590
final,ds-id5,64,7168,4096,16,256,8192,native,0.438,7.000,64,64,256,30,4.9467,759.7,2.27,ok,1.0549
final,ds-id5,64,7168,4096,16,256,16384,native,0.438,7.000,64,64,256,30,4.8589,773.4,2.09,ok,1.0739
final,ds-id5,64,7168,4096,128,256,8192,native,1.750,7.000,64,64,256,30,4.9660,756.8,1.59,ok,1.0508
final,ds-id5,64,7168,4096,128,256,16384,native,1.750,7.000,64,64,256,30,4.9286,762.5,1.44,ok,1.0587
final,ds-id5,64,7168,4096,32,256,8192,native,0.875,7.000,64,64,256,30,4.9886,753.3,1.12,ok,1.0460
final,ds-id5,64,7168,4096,64,256,8192,native,1.750,7.000,64,64,256,31,4.7807,786.1,3.37,ok,1.0915
final,ds-id5,64,7168,4096,64,256,16384,native,1.750,7.000,64,64,256,30,4.9785,754.9,1.99,ok,1.0481
final,ds-id5,64,7168,4096,16,256,2048,native,0.125,2.000,256,256,1024,29,5.2181,720.2,2.33,ok,1.0000
prescan,ds-id6,64,2048,7168,16,64,8192,native,0.125,0.500,448,112,448,0,3.1515,596.2,1.08,ok,0.9044
prescan,ds-id6,64,2048,7168,16,64,16384,native,0.125,0.500,448,112,448,0,3.0608,613.9,3.08,ok,0.9312
prescan,ds-id6,64,2048,7168,16,128,8192,native,0.125,1.000,224,112,448,0,2.6081,720.5,5.39,ok,1.0929
prescan,ds-id6,64,2048,7168,16,128,16384,native,0.125,1.000,224,112,448,0,2.7007,695.8,0.51,ok,1.0554
prescan,ds-id6,64,2048,7168,16,256,8192,native,0.125,2.000,112,112,448,0,2.4964,752.7,0.76,ok,1.1418
prescan,ds-id6,64,2048,7168,16,256,16384,native,0.125,2.000,112,112,448,0,2.5047,750.2,0.77,ok,1.1380
prescan,ds-id6,64,2048,7168,16,512,8192,native,0.125,4.000,56,112,448,0,2.2452,836.9,0.50,ok,1.2695
prescan,ds-id6,64,2048,7168,16,512,16384,native,0.125,4.000,56,112,448,0,2.2432,837.7,0.08,ok,1.2706
prescan,ds-id6,64,2048,7168,16,1024,8192,native,0.125,8.000,28,112,448,0,2.3879,786.9,1.29,ok,1.1936
prescan,ds-id6,64,2048,7168,16,1024,16384,native,0.125,8.000,28,112,448,0,2.3994,783.1,0.11,ok,1.1879
prescan,ds-id6,64,2048,7168,16,2048,256,native,0.016,2.000,128,896,3584,0,2.3739,791.5,0.18,ok,1.2007
prescan,ds-id6,64,2048,7168,16,2048,512,native,0.031,4.000,64,448,1792,0,2.2949,818.8,0.22,ok,1.2420
prescan,ds-id6,64,2048,7168,16,2048,1024,native,0.062,8.000,32,224,896,0,2.4545,765.6,1.07,ok,1.1613
prescan,ds-id6,64,2048,7168,16,2048,2048,native,0.125,16.000,16,112,448,0,3.6073,520.9,1.44,ok,0.7901
prescan,ds-id6,64,2048,7168,16,2048,4096,native,0.125,16.000,16,112,448,0,3.9804,472.1,3.48,ok,0.7161
prescan,ds-id6,64,2048,7168,16,2048,8192,native,0.125,16.000,16,112,448,0,3.8589,486.9,5.76,ok,0.7386
prescan,ds-id6,64,2048,7168,16,2048,16384,native,0.125,16.000,16,112,448,0,4.2902,438.0,8.80,ok,0.6644
prescan,ds-id6,64,2048,7168,16,4096,256,native,0.016,4.000,64,896,3584,0,2.5218,745.1,5.64,ok,1.1302
prescan,ds-id6,64,2048,7168,16,4096,512,native,0.031,8.000,32,448,1792,0,2.5451,738.3,0.41,ok,1.1199
prescan,ds-id6,64,2048,7168,16,4096,1024,native,0.062,16.000,16,224,896,0,3.6550,514.1,1.08,ok,0.7798
prescan,ds-id6,64,2048,7168,16,4096,2048,native,0.125,32.000,8,112,448,0,5.2918,355.1,0.05,ok,0.5386
prescan,ds-id6,64,2048,7168,16,4096,4096,native,0.125,32.000,8,112,448,0,6.1544,305.3,0.55,ok,0.4631
prescan,ds-id6,64,2048,7168,16,4096,8192,native,0.125,32.000,8,112,448,0,6.1514,305.5,0.19,ok,0.4634
prescan,ds-id6,64,2048,7168,16,4096,16384,native,0.125,32.000,8,112,448,0,5.7052,329.4,14.85,ok,0.4996
prescan,ds-id6,64,2048,7168,32,64,8192,native,0.250,0.500,448,112,448,0,2.9378,639.6,3.74,ok,0.9702
prescan,ds-id6,64,2048,7168,32,64,16384,native,0.250,0.500,448,112,448,0,2.9176,644.0,4.70,ok,0.9769
prescan,ds-id6,64,2048,7168,32,128,8192,native,0.250,1.000,224,112,448,0,2.6237,716.2,1.35,ok,1.0864
prescan,ds-id6,64,2048,7168,32,128,16384,native,0.250,1.000,224,112,448,0,2.6382,712.3,0.45,ok,1.0804
prescan,ds-id6,64,2048,7168,32,256,8192,native,0.250,2.000,112,112,448,0,2.5212,745.3,12.81,ok,1.1305
prescan,ds-id6,64,2048,7168,32,256,16384,native,0.250,2.000,112,112,448,0,2.5354,741.1,10.86,ok,1.1242
prescan,ds-id6,64,2048,7168,32,512,8192,native,0.250,4.000,56,112,448,0,2.2771,825.2,3.27,ok,1.2517
prescan,ds-id6,64,2048,7168,32,512,16384,native,0.250,4.000,56,112,448,0,2.2622,830.6,1.95,ok,1.2600
prescan,ds-id6,64,2048,7168,32,1024,8192,native,0.250,8.000,28,112,448,0,2.4098,779.7,2.23,ok,1.1828
prescan,ds-id6,64,2048,7168,32,1024,16384,native,0.250,8.000,28,112,448,0,2.4263,774.5,3.07,ok,1.1748
prescan,ds-id6,64,2048,7168,32,2048,256,native,0.031,2.000,128,896,3584,0,2.3602,796.2,2.03,ok,1.2077
prescan,ds-id6,64,2048,7168,32,2048,512,native,0.062,4.000,64,448,1792,0,2.3424,802.2,0.75,ok,1.2168
prescan,ds-id6,64,2048,7168,32,2048,1024,native,0.125,8.000,32,224,896,0,2.4278,774.0,1.90,ok,1.1740
prescan,ds-id6,64,2048,7168,32,2048,2048,native,0.250,16.000,16,112,448,0,3.1415,598.1,0.70,ok,0.9073
prescan,ds-id6,64,2048,7168,32,2048,4096,native,0.250,16.000,16,112,448,0,3.5272,532.7,4.67,ok,0.8081
prescan,ds-id6,64,2048,7168,32,2048,8192,native,0.250,16.000,16,112,448,0,3.5809,524.7,3.94,ok,0.7960
prescan,ds-id6,64,2048,7168,32,2048,16384,native,0.250,16.000,16,112,448,0,4.0212,467.3,4.73,ok,0.7088
prescan,ds-id6,64,2048,7168,32,4096,256,native,0.031,4.000,64,896,3584,0,2.6629,705.6,0.15,ok,1.0704
prescan,ds-id6,64,2048,7168,32,4096,512,native,0.062,8.000,32,448,1792,0,2.6544,707.9,2.18,ok,1.0738
prescan,ds-id6,64,2048,7168,32,4096,1024,native,0.125,16.000,16,224,896,0,3.4790,540.1,5.26,ok,0.8193
prescan,ds-id6,64,2048,7168,32,4096,2048,native,0.250,32.000,8,112,448,0,4.1231,455.7,0.66,ok,0.6913
prescan,ds-id6,64,2048,7168,32,4096,4096,native,0.250,32.000,8,112,448,0,4.8041,391.1,1.56,ok,0.5933
prescan,ds-id6,64,2048,7168,32,4096,8192,native,0.250,32.000,8,112,448,0,5.5598,338.0,27.56,ok,0.5127
prescan,ds-id6,64,2048,7168,32,4096,16384,native,0.250,32.000,8,112,448,0,5.5533,338.4,27.93,ok,0.5133
prescan,ds-id6,64,2048,7168,64,64,8192,native,0.500,0.500,448,112,448,0,2.9873,629.0,11.12,ok,0.9541
prescan,ds-id6,64,2048,7168,64,64,16384,native,0.500,0.500,448,112,448,0,2.8897,650.3,4.11,ok,0.9864
prescan,ds-id6,64,2048,7168,64,128,8192,native,0.500,1.000,224,112,448,0,2.4386,770.5,0.14,ok,1.1688
prescan,ds-id6,64,2048,7168,64,128,16384,native,0.500,1.000,224,112,448,0,2.4498,767.0,0.36,ok,1.1635
prescan,ds-id6,64,2048,7168,64,256,8192,native,0.500,2.000,112,112,448,0,2.3068,814.6,1.65,ok,1.2356
prescan,ds-id6,64,2048,7168,64,256,16384,native,0.500,2.000,112,112,448,0,2.3395,803.2,1.48,ok,1.2183
prescan,ds-id6,64,2048,7168,64,512,8192,native,0.500,4.000,56,112,448,0,2.2539,833.7,1.15,ok,1.2646
prescan,ds-id6,64,2048,7168,64,512,16384,native,0.500,4.000,56,112,448,0,2.2536,833.8,1.05,ok,1.2648
prescan,ds-id6,64,2048,7168,64,1024,8192,native,0.500,8.000,28,112,448,0,2.4842,756.4,1.00,ok,1.1473
prescan,ds-id6,64,2048,7168,64,1024,16384,native,0.500,8.000,28,112,448,0,2.4844,756.3,0.70,ok,1.1473
prescan,ds-id6,64,2048,7168,64,2048,256,native,0.062,2.000,128,896,3584,0,2.4064,780.8,1.00,ok,1.1845
prescan,ds-id6,64,2048,7168,64,2048,512,native,0.125,4.000,64,448,1792,0,2.3122,812.7,1.36,ok,1.2327
prescan,ds-id6,64,2048,7168,64,2048,1024,native,0.250,8.000,32,224,896,0,2.5106,748.5,0.53,ok,1.1353
prescan,ds-id6,64,2048,7168,64,2048,2048,native,0.500,16.000,16,112,448,0,2.9338,640.5,1.17,ok,0.9715
prescan,ds-id6,64,2048,7168,64,2048,4096,native,0.500,16.000,16,112,448,0,3.2672,575.1,3.17,ok,0.8724
prescan,ds-id6,64,2048,7168,64,2048,8192,native,0.500,16.000,16,112,448,0,3.3316,564.0,5.00,ok,0.8555
prescan,ds-id6,64,2048,7168,64,2048,16384,native,0.500,16.000,16,112,448,0,3.7700,498.4,0.77,ok,0.7560
prescan,ds-id6,64,2048,7168,64,4096,256,native,0.062,4.000,64,896,3584,0,2.6870,699.3,0.70,ok,1.0608
prescan,ds-id6,64,2048,7168,64,4096,512,native,0.125,8.000,32,448,1792,0,2.5655,732.4,0.44,ok,1.1110
prescan,ds-id6,64,2048,7168,64,4096,1024,native,0.250,16.000,16,224,896,0,3.0919,607.7,4.75,ok,0.9219
prescan,ds-id6,64,2048,7168,64,4096,2048,native,0.500,32.000,8,112,448,0,3.5513,529.1,0.12,ok,0.8026
prescan,ds-id6,64,2048,7168,64,4096,4096,native,0.500,32.000,8,112,448,0,4.0964,458.7,0.70,ok,0.6958
prescan,ds-id6,64,2048,7168,64,4096,8192,native,0.500,32.000,8,112,448,0,4.1010,458.2,0.14,ok,0.6950
prescan,ds-id6,64,2048,7168,64,4096,16384,native,0.500,32.000,8,112,448,0,4.0994,458.4,0.83,ok,0.6953
prescan,ds-id6,64,2048,7168,128,64,8192,native,0.500,0.500,448,112,448,0,3.3745,556.8,0.58,ok,0.8447
prescan,ds-id6,64,2048,7168,128,64,16384,native,0.500,0.500,448,112,448,0,3.1300,600.3,3.25,ok,0.9106
prescan,ds-id6,64,2048,7168,128,128,8192,native,0.500,1.000,224,112,448,0,2.5442,738.6,0.44,ok,1.1203
prescan,ds-id6,64,2048,7168,128,128,16384,native,0.500,1.000,224,112,448,0,2.5041,750.4,2.09,ok,1.1383
prescan,ds-id6,64,2048,7168,128,256,8192,native,0.500,2.000,112,112,448,0,2.3479,800.3,0.25,ok,1.2140
prescan,ds-id6,64,2048,7168,128,256,16384,native,0.500,2.000,112,112,448,0,2.3534,798.4,0.29,ok,1.2111
prescan,ds-id6,64,2048,7168,128,512,8192,native,0.500,4.000,56,112,448,0,2.2713,827.3,0.24,ok,1.2549
prescan,ds-id6,64,2048,7168,128,512,16384,native,0.500,4.000,56,112,448,0,2.2924,819.7,2.18,ok,1.2433
prescan,ds-id6,64,2048,7168,128,1024,8192,native,0.500,8.000,28,112,448,0,2.4919,754.1,0.52,ok,1.1438
prescan,ds-id6,64,2048,7168,128,1024,16384,native,0.500,8.000,28,112,448,0,2.4973,752.4,0.80,ok,1.1414
prescan,ds-id6,64,2048,7168,128,2048,256,native,0.062,2.000,128,896,3584,0,2.4029,782.0,0.95,ok,1.1862
prescan,ds-id6,64,2048,7168,128,2048,512,native,0.125,4.000,64,448,1792,0,2.3082,814.1,0.89,ok,1.2349
prescan,ds-id6,64,2048,7168,128,2048,1024,native,0.250,8.000,32,224,896,0,2.5124,747.9,0.19,ok,1.1345
prescan,ds-id6,64,2048,7168,128,2048,2048,native,0.500,16.000,16,112,448,0,2.8682,655.1,2.54,ok,0.9937
prescan,ds-id6,64,2048,7168,128,2048,4096,native,0.500,16.000,16,112,448,0,3.1276,600.8,9.93,ok,0.9113
prescan,ds-id6,64,2048,7168,128,2048,8192,native,0.500,16.000,16,112,448,0,3.2271,582.3,5.17,ok,0.8832
prescan,ds-id6,64,2048,7168,128,2048,16384,native,0.500,16.000,16,112,448,0,3.4621,542.7,17.57,ok,0.8233
prescan,ds-id6,64,2048,7168,128,4096,256,native,0.062,4.000,64,896,3584,0,2.6540,708.0,3.24,ok,1.0740
prescan,ds-id6,64,2048,7168,128,4096,512,native,0.125,8.000,32,448,1792,0,2.6329,713.7,5.14,ok,1.0826
prescan,ds-id6,64,2048,7168,128,4096,1024,native,0.250,16.000,16,224,896,0,3.0932,607.5,9.76,ok,0.9215
prescan,ds-id6,64,2048,7168,128,4096,2048,native,0.500,32.000,8,112,448,0,3.5413,530.6,0.97,ok,0.8049
prescan,ds-id6,64,2048,7168,128,4096,4096,native,0.500,32.000,8,112,448,0,4.0872,459.7,0.21,ok,0.6974
prescan,ds-id6,64,2048,7168,128,4096,8192,native,0.500,32.000,8,112,448,0,4.1006,458.2,0.67,ok,0.6951
prescan,ds-id6,64,2048,7168,128,4096,16384,native,0.500,32.000,8,112,448,0,4.0933,459.1,0.13,ok,0.6963
prescan,ds-id6,64,2048,7168,16,256,2048,native,0.125,2.000,112,112,448,0,2.8503,659.2,1.13,ok,1.0000
final,ds-id6,64,2048,7168,16,512,16384,native,0.125,4.000,56,112,448,66,2.2899,820.6,0.29,ok,1.0877
final,ds-id6,64,2048,7168,16,512,8192,native,0.125,4.000,56,112,448,66,2.2908,820.3,0.33,ok,1.0873
final,ds-id6,64,2048,7168,64,512,16384,native,0.500,4.000,56,112,448,66,2.3171,810.9,0.55,ok,1.0749
final,ds-id6,64,2048,7168,64,512,8192,native,0.500,4.000,56,112,448,62,2.3178,810.7,0.06,ok,1.0746
final,ds-id6,64,2048,7168,32,512,16384,native,0.250,4.000,56,112,448,67,2.3027,816.0,4.55,ok,1.0816
final,ds-id6,64,2048,7168,128,512,8192,native,0.500,4.000,56,112,448,64,2.3186,810.4,0.04,ok,1.0742
final,ds-id6,64,2048,7168,32,512,8192,native,0.250,4.000,56,112,448,64,2.3001,816.9,0.13,ok,1.0828
final,ds-id6,64,2048,7168,128,512,16384,native,0.500,4.000,56,112,448,61,2.3257,807.9,0.57,ok,1.0709
final,ds-id6,64,2048,7168,16,2048,512,native,0.031,4.000,64,448,1792,67,2.2797,824.2,0.24,ok,1.0925
final,ds-id6,64,2048,7168,64,256,8192,native,0.500,2.000,112,112,448,61,2.3765,790.7,1.01,ok,1.0480
final,ds-id6,64,2048,7168,128,2048,512,native,0.125,4.000,64,448,1792,66,2.3238,808.6,1.48,ok,1.0718
final,ds-id6,64,2048,7168,16,256,2048,native,0.125,2.000,112,112,448,58,2.4906,754.4,3.35,ok,1.0000
prescan,ds-id7,128,7168,2112,16,64,8192,native,0.438,1.750,264,33,264,0,4.2957,902.2,0.33,ok,0.8502
prescan,ds-id7,128,7168,2112,16,64,16384,native,0.438,1.750,264,33,264,0,4.2977,901.8,0.61,ok,0.8498
prescan,ds-id7,128,7168,2112,16,128,8192,native,0.438,3.500,136,33,264,0,3.8345,1010.7,0.81,ok,0.9525
prescan,ds-id7,128,7168,2112,16,128,16384,native,0.438,3.500,136,33,264,0,3.8281,1012.4,0.34,ok,0.9540
prescan,ds-id7,128,7168,2112,16,256,8192,native,0.438,7.000,72,33,264,0,3.7674,1028.7,0.38,ok,0.9694
prescan,ds-id7,128,7168,2112,16,256,16384,native,0.438,7.000,72,33,264,0,3.7696,1028.1,0.83,ok,0.9688
prescan,ds-id7,128,7168,2112,16,512,8192,native,0.438,14.000,40,33,264,0,5.9527,651.1,5.50,ok,0.6135
prescan,ds-id7,128,7168,2112,16,512,16384,native,0.438,14.000,40,33,264,0,6.3872,606.8,10.87,ok,0.5718
prescan,ds-id7,128,7168,2112,16,1024,8192,native,0.438,28.000,24,33,264,0,9.3310,415.3,0.45,ok,0.3914
prescan,ds-id7,128,7168,2112,16,1024,16384,native,0.438,28.000,24,33,264,0,10.0995,383.7,5.14,ok,0.3616
prescan,ds-id7,128,7168,2112,16,2048,256,native,0.016,2.000,448,924,7392,0,4.4086,879.1,0.13,ok,0.8284
prescan,ds-id7,128,7168,2112,16,2048,512,native,0.031,4.000,224,462,3696,0,4.1812,926.9,0.84,ok,0.8735
prescan,ds-id7,128,7168,2112,16,2048,1024,native,0.062,8.000,112,231,1848,0,3.8691,1001.7,0.12,ok,0.9439
prescan,ds-id7,128,7168,2112,16,2048,2048,native,0.125,16.000,64,132,1056,0,6.7681,572.6,5.28,ok,0.5396
prescan,ds-id7,128,7168,2112,16,2048,4096,native,0.250,32.000,32,66,528,0,9.3249,415.6,12.86,ok,0.3917
prescan,ds-id7,128,7168,2112,16,2048,8192,native,0.438,56.000,16,33,264,0,9.9097,391.1,3.03,ok,0.3685
prescan,ds-id7,128,7168,2112,16,2048,16384,native,0.438,56.000,16,33,264,0,9.8904,391.8,5.98,ok,0.3693
prescan,ds-id7,128,7168,2112,16,4096,256,native,0.016,2.062,224,924,7392,0,4.2735,906.9,0.50,ok,0.8546
prescan,ds-id7,128,7168,2112,16,4096,512,native,0.031,4.125,112,462,3696,0,4.0230,963.3,0.82,ok,0.9078
prescan,ds-id7,128,7168,2112,16,4096,1024,native,0.062,8.250,56,231,1848,0,3.8831,998.0,4.80,ok,0.9405
prescan,ds-id7,128,7168,2112,16,4096,2048,native,0.125,16.500,32,132,1056,0,7.2065,537.8,6.39,ok,0.5068
prescan,ds-id7,128,7168,2112,16,4096,4096,native,0.250,33.000,16,66,528,0,8.7415,443.3,0.90,ok,0.4178
prescan,ds-id7,128,7168,2112,16,4096,8192,native,0.438,57.750,8,33,264,0,8.4979,456.1,4.49,ok,0.4298
prescan,ds-id7,128,7168,2112,16,4096,16384,native,0.438,57.750,8,33,264,0,8.6692,447.0,0.11,ok,0.4213
prescan,ds-id7,128,7168,2112,32,64,8192,native,0.875,1.750,264,33,264,0,4.4025,880.3,17.94,ok,0.8296
prescan,ds-id7,128,7168,2112,32,64,16384,native,0.875,1.750,264,33,264,0,4.2760,906.3,10.39,ok,0.8541
prescan,ds-id7,128,7168,2112,32,128,8192,native,0.875,3.500,136,33,264,0,3.8149,1015.9,2.81,ok,0.9574
prescan,ds-id7,128,7168,2112,32,128,16384,native,0.875,3.500,136,33,264,0,3.7690,1028.3,0.54,ok,0.9690
prescan,ds-id7,128,7168,2112,32,256,8192,native,0.875,7.000,72,33,264,0,3.7814,1024.9,0.93,ok,0.9658
prescan,ds-id7,128,7168,2112,32,256,16384,native,0.875,7.000,72,33,264,0,3.8185,1014.9,1.56,ok,0.9565
prescan,ds-id7,128,7168,2112,32,512,8192,native,0.875,14.000,40,33,264,0,5.1640,750.5,0.01,ok,0.7072
prescan,ds-id7,128,7168,2112,32,512,16384,native,0.875,14.000,40,33,264,0,5.3352,726.4,1.37,ok,0.6845
prescan,ds-id7,128,7168,2112,32,1024,8192,native,0.875,28.000,24,33,264,0,6.4354,602.2,0.21,ok,0.5675
prescan,ds-id7,128,7168,2112,32,1024,16384,native,0.875,28.000,24,33,264,0,6.7419,574.8,8.01,ok,0.5417
prescan,ds-id7,128,7168,2112,32,2048,256,native,0.031,2.000,448,924,7392,0,3.9711,975.9,0.14,ok,0.9197
prescan,ds-id7,128,7168,2112,32,2048,512,native,0.062,4.000,224,462,3696,0,3.5174,1101.8,2.67,ok,1.0383
prescan,ds-id7,128,7168,2112,32,2048,1024,native,0.125,8.000,112,231,1848,0,3.6115,1073.1,0.87,ok,1.0113
prescan,ds-id7,128,7168,2112,32,2048,2048,native,0.250,16.000,64,132,1056,0,5.0441,768.3,0.87,ok,0.7241
prescan,ds-id7,128,7168,2112,32,2048,4096,native,0.500,32.000,32,66,528,0,6.0761,637.8,1.48,ok,0.6011
prescan,ds-id7,128,7168,2112,32,2048,8192,native,0.875,56.000,16,33,264,0,6.8440,566.3,11.75,ok,0.5336
prescan,ds-id7,128,7168,2112,32,2048,16384,native,0.875,56.000,16,33,264,0,7.2978,531.1,1.00,ok,0.5005
prescan,ds-id7,128,7168,2112,32,4096,256,native,0.031,2.062,224,924,7392,0,3.9557,979.7,1.52,ok,0.9233
prescan,ds-id7,128,7168,2112,32,4096,512,native,0.062,4.125,112,462,3696,0,3.4699,1116.9,1.32,ok,1.0525
prescan,ds-id7,128,7168,2112,32,4096,1024,native,0.125,8.250,56,231,1848,0,3.4953,1108.8,0.10,ok,1.0449
prescan,ds-id7,128,7168,2112,32,4096,2048,native,0.250,16.500,32,132,1056,0,5.0940,760.8,2.10,ok,0.7170
prescan,ds-id7,128,7168,2112,32,4096,4096,native,0.500,33.000,16,66,528,0,6.1411,631.1,0.14,ok,0.5947
prescan,ds-id7,128,7168,2112,32,4096,8192,native,0.875,57.750,8,33,264,0,6.4444,601.4,1.38,ok,0.5667
prescan,ds-id7,128,7168,2112,32,4096,16384,native,0.875,57.750,8,33,264,0,7.3528,527.1,1.25,ok,0.4967
prescan,ds-id7,128,7168,2112,64,64,8192,native,1.750,1.750,264,33,264,0,4.6623,831.2,2.48,ok,0.7833
prescan,ds-id7,128,7168,2112,64,64,16384,native,1.750,1.750,264,33,264,0,4.3887,883.1,0.48,ok,0.8322
prescan,ds-id7,128,7168,2112,64,128,8192,native,1.750,3.500,136,33,264,0,3.8505,1006.5,0.49,ok,0.9485
prescan,ds-id7,128,7168,2112,64,128,16384,native,1.750,3.500,136,33,264,0,3.9317,985.7,0.48,ok,0.9289
prescan,ds-id7,128,7168,2112,64,256,8192,native,1.750,7.000,72,33,264,0,3.9432,982.9,0.78,ok,0.9262
prescan,ds-id7,128,7168,2112,64,256,16384,native,1.750,7.000,72,33,264,0,3.9457,982.2,1.02,ok,0.9256
prescan,ds-id7,128,7168,2112,64,512,8192,native,1.750,14.000,40,33,264,0,4.7790,810.9,0.86,ok,0.7642
prescan,ds-id7,128,7168,2112,64,512,16384,native,1.750,14.000,40,33,264,0,4.9400,784.5,0.10,ok,0.7393
prescan,ds-id7,128,7168,2112,64,1024,8192,native,1.750,28.000,24,33,264,0,5.2871,733.0,1.24,ok,0.6908
prescan,ds-id7,128,7168,2112,64,1024,16384,native,1.750,28.000,24,33,264,0,5.2991,731.4,1.35,ok,0.6892
prescan,ds-id7,128,7168,2112,64,2048,256,native,0.062,2.000,448,924,7392,0,3.7599,1030.7,0.60,ok,0.9713
prescan,ds-id7,128,7168,2112,64,2048,512,native,0.125,4.000,224,462,3696,0,3.4791,1114.0,0.04,ok,1.0498
prescan,ds-id7,128,7168,2112,64,2048,1024,native,0.250,8.000,112,231,1848,0,3.6534,1060.8,1.75,ok,0.9997
prescan,ds-id7,128,7168,2112,64,2048,2048,native,0.500,16.000,64,132,1056,0,4.4938,862.4,0.67,ok,0.8127
prescan,ds-id7,128,7168,2112,64,2048,4096,native,1.000,32.000,32,66,528,0,4.9411,784.3,4.60,ok,0.7391
prescan,ds-id7,128,7168,2112,64,2048,8192,native,1.750,56.000,16,33,264,0,5.3114,729.7,0.10,ok,0.6876
prescan,ds-id7,128,7168,2112,64,2048,16384,native,1.750,56.000,16,33,264,0,5.2316,740.8,0.15,ok,0.6981
prescan,ds-id7,128,7168,2112,64,4096,256,native,0.062,2.062,224,924,7392,0,3.7904,1022.5,0.30,ok,0.9635
prescan,ds-id7,128,7168,2112,64,4096,512,native,0.125,4.125,112,462,3696,0,3.5567,1089.6,0.42,ok,1.0269
prescan,ds-id7,128,7168,2112,64,4096,1024,native,0.250,8.250,56,231,1848,0,3.5888,1079.9,0.36,ok,1.0177
prescan,ds-id7,128,7168,2112,64,4096,2048,native,0.500,16.500,32,132,1056,0,4.4507,870.8,0.84,ok,0.8206
prescan,ds-id7,128,7168,2112,64,4096,4096,native,1.000,33.000,16,66,528,0,4.9626,780.9,2.19,ok,0.7359
prescan,ds-id7,128,7168,2112,64,4096,8192,native,1.750,57.750,8,33,264,0,5.2958,731.8,0.56,ok,0.6896
prescan,ds-id7,128,7168,2112,64,4096,16384,native,1.750,57.750,8,33,264,0,5.2734,734.9,1.87,ok,0.6926
prescan,ds-id7,128,7168,2112,128,64,8192,native,3.500,1.750,264,33,264,0,4.7123,822.4,0.03,ok,0.7750
prescan,ds-id7,128,7168,2112,128,64,16384,native,3.500,1.750,264,33,264,0,4.5811,846.0,0.13,ok,0.7972
prescan,ds-id7,128,7168,2112,128,128,8192,native,3.500,3.500,136,33,264,0,4.2166,919.1,0.07,ok,0.8662
prescan,ds-id7,128,7168,2112,128,128,16384,native,3.500,3.500,136,33,264,0,4.2833,904.8,3.49,ok,0.8527
prescan,ds-id7,128,7168,2112,128,256,8192,native,3.500,7.000,72,33,264,0,4.3521,890.5,0.40,ok,0.8392
prescan,ds-id7,128,7168,2112,128,256,16384,native,3.500,7.000,72,33,264,0,4.3526,890.4,0.03,ok,0.8391
prescan,ds-id7,128,7168,2112,128,512,8192,native,3.500,14.000,40,33,264,0,4.3545,890.0,0.23,ok,0.8387
prescan,ds-id7,128,7168,2112,128,512,16384,native,3.500,14.000,40,33,264,0,4.5070,859.9,3.59,ok,0.8103
prescan,ds-id7,128,7168,2112,128,1024,8192,native,3.500,28.000,24,33,264,0,4.5267,856.1,0.16,ok,0.8068
prescan,ds-id7,128,7168,2112,128,1024,16384,native,3.500,28.000,24,33,264,0,4.8178,804.4,0.36,ok,0.7581
prescan,ds-id7,128,7168,2112,128,2048,256,native,0.125,2.000,448,924,7392,0,3.9623,978.1,0.22,ok,0.9217
prescan,ds-id7,128,7168,2112,128,2048,512,native,0.250,4.000,224,462,3696,0,3.5036,1106.2,0.06,ok,1.0424
prescan,ds-id7,128,7168,2112,128,2048,1024,native,0.500,8.000,112,231,1848,0,3.8518,1006.2,0.06,ok,0.9482
prescan,ds-id7,128,7168,2112,128,2048,2048,native,1.000,16.000,64,132,1056,0,4.1940,924.1,0.01,ok,0.8708
prescan,ds-id7,128,7168,2112,128,2048,4096,native,2.000,32.000,32,66,528,0,4.3206,897.0,2.78,ok,0.8453
prescan,ds-id7,128,7168,2112,128,2048,8192,native,3.500,56.000,16,33,264,0,4.4181,877.2,0.42,ok,0.8266
prescan,ds-id7,128,7168,2112,128,2048,16384,native,3.500,56.000,16,33,264,0,4.7171,821.6,0.35,ok,0.7743
prescan,ds-id7,128,7168,2112,128,4096,256,native,0.125,2.062,224,924,7392,0,3.9170,989.4,0.07,ok,0.9324
prescan,ds-id7,128,7168,2112,128,4096,512,native,0.250,4.125,112,462,3696,0,3.4295,1130.0,0.35,ok,1.0649
prescan,ds-id7,128,7168,2112,128,4096,1024,native,0.500,8.250,56,231,1848,0,3.7675,1028.7,0.06,ok,0.9694
prescan,ds-id7,128,7168,2112,128,4096,2048,native,1.000,16.500,32,132,1056,0,4.1021,944.8,0.01,ok,0.8903
prescan,ds-id7,128,7168,2112,128,4096,4096,native,2.000,33.000,16,66,528,0,4.1971,923.4,0.30,ok,0.8702
prescan,ds-id7,128,7168,2112,128,4096,8192,native,3.500,57.750,8,33,264,0,4.4135,878.1,0.49,ok,0.8275
prescan,ds-id7,128,7168,2112,128,4096,16384,native,3.500,57.750,8,33,264,0,4.7172,821.6,0.72,ok,0.7742
prescan,ds-id7,128,7168,2112,16,256,2048,native,0.125,2.000,288,132,1056,0,3.6522,1061.2,0.51,ok,1.0000
final,ds-id7,128,7168,2112,128,4096,512,native,0.250,4.125,112,462,3696,43,3.4616,1119.6,3.30,ok,1.0252
final,ds-id7,128,7168,2112,32,4096,512,native,0.062,4.125,112,462,3696,42,3.5009,1107.0,0.55,ok,1.0137
final,ds-id7,128,7168,2112,64,2048,512,native,0.125,4.000,224,462,3696,41,3.5831,1081.6,0.17,ok,0.9904
final,ds-id7,128,7168,2112,32,4096,1024,native,0.125,8.250,56,231,1848,41,3.6680,1056.6,0.33,ok,0.9675
final,ds-id7,128,7168,2112,128,2048,512,native,0.250,4.000,224,462,3696,41,3.6020,1075.9,0.86,ok,0.9852
final,ds-id7,128,7168,2112,32,2048,512,native,0.062,4.000,224,462,3696,42,3.5562,1089.8,3.30,ok,0.9979
final,ds-id7,128,7168,2112,64,4096,512,native,0.125,4.125,112,462,3696,40,3.5356,1096.2,1.05,ok,1.0037
final,ds-id7,128,7168,2112,64,4096,1024,native,0.250,8.250,56,231,1848,41,3.7259,1040.2,0.77,ok,0.9525
final,ds-id7,128,7168,2112,16,256,2048,native,0.125,2.000,288,132,1056,41,3.5488,1092.1,0.50,ok,1.0000
prescan,ds-id8,128,1536,24576,16,64,8192,native,0.094,0.375,3072,384,3072,0,12.1910,792.7,0.95,ok,0.7883
prescan,ds-id8,128,1536,24576,16,64,16384,native,0.094,0.375,3072,384,3072,0,12.1654,794.4,1.39,ok,0.7899
prescan,ds-id8,128,1536,24576,16,128,8192,native,0.094,0.750,1536,384,3072,0,10.6231,909.7,0.27,ok,0.9046
prescan,ds-id8,128,1536,24576,16,128,16384,native,0.094,0.750,1536,384,3072,0,10.5711,914.2,0.49,ok,0.9091
prescan,ds-id8,128,1536,24576,16,256,8192,native,0.094,1.500,768,384,3072,0,9.4358,1024.2,0.26,ok,1.0184
prescan,ds-id8,128,1536,24576,16,256,16384,native,0.094,1.500,768,384,3072,0,9.4701,1020.4,1.01,ok,1.0147
prescan,ds-id8,128,1536,24576,16,512,8192,native,0.094,3.000,384,384,3072,0,8.9762,1076.6,0.43,ok,1.0706
prescan,ds-id8,128,1536,24576,16,512,16384,native,0.094,3.000,384,384,3072,0,8.9835,1075.7,0.17,ok,1.0697
prescan,ds-id8,128,1536,24576,16,1024,8192,native,0.094,6.000,192,384,3072,0,8.9246,1082.8,0.43,ok,1.0768
prescan,ds-id8,128,1536,24576,16,1024,16384,native,0.094,6.000,192,384,3072,0,8.9256,1082.7,0.49,ok,1.0766
prescan,ds-id8,128,1536,24576,16,2048,256,native,0.016,2.000,576,2304,18432,0,11.2470,859.2,1.02,ok,0.8544
prescan,ds-id8,128,1536,24576,16,2048,512,native,0.031,4.000,288,1152,9216,0,9.8776,978.3,0.58,ok,0.9729
prescan,ds-id8,128,1536,24576,16,2048,1024,native,0.062,8.000,192,768,6144,0,9.6452,1001.9,1.16,ok,0.9963
prescan,ds-id8,128,1536,24576,16,2048,2048,native,0.094,12.000,96,384,3072,0,10.6171,910.2,0.08,ok,0.9051
prescan,ds-id8,128,1536,24576,16,2048,4096,native,0.094,12.000,96,384,3072,0,10.6085,910.9,0.44,ok,0.9059
prescan,ds-id8,128,1536,24576,16,2048,8192,native,0.094,12.000,96,384,3072,0,10.6638,906.2,1.98,ok,0.9012
prescan,ds-id8,128,1536,24576,16,2048,16384,native,0.094,12.000,96,384,3072,0,10.6491,907.5,1.16,ok,0.9024
prescan,ds-id8,128,1536,24576,16,4096,256,native,0.016,4.000,288,2304,18432,0,10.7748,896.9,5.75,ok,0.8919
prescan,ds-id8,128,1536,24576,16,4096,512,native,0.031,8.000,144,1152,9216,0,10.5027,920.1,2.69,ok,0.9150
prescan,ds-id8,128,1536,24576,16,4096,1024,native,0.062,16.000,96,768,6144,0,14.9721,645.4,1.02,ok,0.6418
prescan,ds-id8,128,1536,24576,16,4096,2048,native,0.094,24.000,48,384,3072,0,22.9781,420.6,10.79,ok,0.4182
prescan,ds-id8,128,1536,24576,16,4096,4096,native,0.094,24.000,48,384,3072,0,25.2533,382.7,1.97,ok,0.3805
prescan,ds-id8,128,1536,24576,16,4096,8192,native,0.094,24.000,48,384,3072,0,23.8074,405.9,10.28,ok,0.4036
prescan,ds-id8,128,1536,24576,16,4096,16384,native,0.094,24.000,48,384,3072,0,22.7183,425.4,21.04,ok,0.4230
prescan,ds-id8,128,1536,24576,32,64,8192,native,0.188,0.375,3072,384,3072,0,13.1715,733.7,23.09,ok,0.7296
prescan,ds-id8,128,1536,24576,32,64,16384,native,0.188,0.375,3072,384,3072,0,12.9939,743.7,20.71,ok,0.7396
prescan,ds-id8,128,1536,24576,32,128,8192,native,0.188,0.750,1536,384,3072,0,10.5554,915.5,9.28,ok,0.9104
prescan,ds-id8,128,1536,24576,32,128,16384,native,0.188,0.750,1536,384,3072,0,10.2670,941.2,1.97,ok,0.9360
prescan,ds-id8,128,1536,24576,32,256,8192,native,0.188,1.500,768,384,3072,0,9.1011,1061.8,2.12,ok,1.0559
prescan,ds-id8,128,1536,24576,32,256,16384,native,0.188,1.500,768,384,3072,0,9.3275,1036.0,2.66,ok,1.0303
prescan,ds-id8,128,1536,24576,32,512,8192,native,0.188,3.000,384,384,3072,0,8.8819,1088.0,2.66,ok,1.0819
prescan,ds-id8,128,1536,24576,32,512,16384,native,0.188,3.000,384,384,3072,0,8.8806,1088.2,2.86,ok,1.0821
prescan,ds-id8,128,1536,24576,32,1024,8192,native,0.188,6.000,192,384,3072,0,9.0118,1072.3,0.84,ok,1.0664
prescan,ds-id8,128,1536,24576,32,1024,16384,native,0.188,6.000,192,384,3072,0,9.0086,1072.7,0.43,ok,1.0667
prescan,ds-id8,128,1536,24576,32,2048,256,native,0.031,2.000,576,2304,18432,0,11.1683,865.3,2.28,ok,0.8604
prescan,ds-id8,128,1536,24576,32,2048,512,native,0.062,4.000,288,1152,9216,0,10.0759,959.1,0.05,ok,0.9537
prescan,ds-id8,128,1536,24576,32,2048,1024,native,0.125,8.000,192,768,6144,0,9.7943,986.7,0.05,ok,0.9812
prescan,ds-id8,128,1536,24576,32,2048,2048,native,0.188,12.000,96,384,3072,0,10.1900,948.4,1.04,ok,0.9431
prescan,ds-id8,128,1536,24576,32,2048,4096,native,0.188,12.000,96,384,3072,0,10.1140,955.5,2.49,ok,0.9501
prescan,ds-id8,128,1536,24576,32,2048,8192,native,0.188,12.000,96,384,3072,0,10.1325,953.7,2.44,ok,0.9484
prescan,ds-id8,128,1536,24576,32,2048,16384,native,0.188,12.000,96,384,3072,0,10.1118,955.7,1.45,ok,0.9504
prescan,ds-id8,128,1536,24576,32,4096,256,native,0.031,4.000,288,2304,18432,0,11.0338,875.8,0.68,ok,0.8709
prescan,ds-id8,128,1536,24576,32,4096,512,native,0.062,8.000,144,1152,9216,0,10.4964,920.7,1.67,ok,0.9155
prescan,ds-id8,128,1536,24576,32,4096,1024,native,0.125,16.000,96,768,6144,0,12.4456,776.5,0.29,ok,0.7721
prescan,ds-id8,128,1536,24576,32,4096,2048,native,0.188,24.000,48,384,3072,0,15.7055,615.3,0.17,ok,0.6119
prescan,ds-id8,128,1536,24576,32,4096,4096,native,0.188,24.000,48,384,3072,0,17.2171,561.3,8.79,ok,0.5582
prescan,ds-id8,128,1536,24576,32,4096,8192,native,0.188,24.000,48,384,3072,0,18.8934,511.5,3.32,ok,0.5086
prescan,ds-id8,128,1536,24576,32,4096,16384,native,0.188,24.000,48,384,3072,0,17.7324,545.0,22.20,ok,0.5419
prescan,ds-id8,128,1536,24576,64,64,8192,native,0.375,0.375,3072,384,3072,0,11.8871,813.0,5.76,ok,0.8084
prescan,ds-id8,128,1536,24576,64,64,16384,native,0.375,0.375,3072,384,3072,0,11.6240,831.4,0.50,ok,0.8267
prescan,ds-id8,128,1536,24576,64,128,8192,native,0.375,0.750,1536,384,3072,0,10.2285,944.8,1.89,ok,0.9395
prescan,ds-id8,128,1536,24576,64,128,16384,native,0.375,0.750,1536,384,3072,0,10.3397,934.6,0.18,ok,0.9294
prescan,ds-id8,128,1536,24576,64,256,8192,native,0.375,1.500,768,384,3072,0,9.2486,1044.9,0.23,ok,1.0391
prescan,ds-id8,128,1536,24576,64,256,16384,native,0.375,1.500,768,384,3072,0,9.3893,1029.2,2.96,ok,1.0235
prescan,ds-id8,128,1536,24576,64,512,8192,native,0.375,3.000,384,384,3072,0,8.9459,1080.2,2.95,ok,1.0742
prescan,ds-id8,128,1536,24576,64,512,16384,native,0.375,3.000,384,384,3072,0,9.1427,1057.0,2.01,ok,1.0511
prescan,ds-id8,128,1536,24576,64,1024,8192,native,0.375,6.000,192,384,3072,0,9.2808,1041.3,3.29,ok,1.0354
prescan,ds-id8,128,1536,24576,64,1024,16384,native,0.375,6.000,192,384,3072,0,9.0944,1062.6,0.04,ok,1.0567
prescan,ds-id8,128,1536,24576,64,2048,256,native,0.062,2.000,576,2304,18432,0,11.2056,862.4,1.76,ok,0.8576
prescan,ds-id8,128,1536,24576,64,2048,512,native,0.125,4.000,288,1152,9216,0,10.0719,959.5,1.97,ok,0.9541
prescan,ds-id8,128,1536,24576,64,2048,1024,native,0.250,8.000,192,768,6144,0,9.8449,981.6,1.74,ok,0.9761
prescan,ds-id8,128,1536,24576,64,2048,2048,native,0.375,12.000,96,384,3072,0,9.9298,973.2,0.57,ok,0.9678
prescan,ds-id8,128,1536,24576,64,2048,4096,native,0.375,12.000,96,384,3072,0,10.0888,957.9,2.05,ok,0.9525
prescan,ds-id8,128,1536,24576,64,2048,8192,native,0.375,12.000,96,384,3072,0,9.9452,971.7,0.49,ok,0.9663
prescan,ds-id8,128,1536,24576,64,2048,16384,native,0.375,12.000,96,384,3072,0,9.9326,972.9,0.31,ok,0.9675
prescan,ds-id8,128,1536,24576,64,4096,256,native,0.062,4.000,288,2304,18432,0,11.2034,862.6,1.58,ok,0.8578
prescan,ds-id8,128,1536,24576,64,4096,512,native,0.125,8.000,144,1152,9216,0,10.5605,915.1,0.28,ok,0.9100
prescan,ds-id8,128,1536,24576,64,4096,1024,native,0.250,16.000,96,768,6144,0,11.1515,866.6,1.50,ok,0.8617
prescan,ds-id8,128,1536,24576,64,4096,2048,native,0.375,24.000,48,384,3072,0,12.1966,792.3,2.91,ok,0.7879
prescan,ds-id8,128,1536,24576,64,4096,4096,native,0.375,24.000,48,384,3072,0,12.9586,745.7,6.85,ok,0.7416
prescan,ds-id8,128,1536,24576,64,4096,8192,native,0.375,24.000,48,384,3072,0,13.4530,718.3,3.15,ok,0.7143
prescan,ds-id8,128,1536,24576,64,4096,16384,native,0.375,24.000,48,384,3072,0,14.3649,672.7,15.33,ok,0.6690
prescan,ds-id8,128,1536,24576,128,64,8192,native,0.750,0.375,3072,384,3072,0,12.5894,767.6,4.12,ok,0.7633
prescan,ds-id8,128,1536,24576,128,64,16384,native,0.750,0.375,3072,384,3072,0,11.9778,806.8,3.32,ok,0.8023
prescan,ds-id8,128,1536,24576,128,128,8192,native,0.750,0.750,1536,384,3072,0,10.4980,920.5,1.50,ok,0.9154
prescan,ds-id8,128,1536,24576,128,128,16384,native,0.750,0.750,1536,384,3072,0,10.6376,908.4,0.98,ok,0.9034
prescan,ds-id8,128,1536,24576,128,256,8192,native,0.750,1.500,768,384,3072,0,9.6151,1005.1,0.36,ok,0.9995
prescan,ds-id8,128,1536,24576,128,256,16384,native,0.750,1.500,768,384,3072,0,9.6184,1004.7,0.24,ok,0.9991
prescan,ds-id8,128,1536,24576,128,512,8192,native,0.750,3.000,384,384,3072,0,9.1715,1053.7,0.08,ok,1.0478
prescan,ds-id8,128,1536,24576,128,512,16384,native,0.750,3.000,384,384,3072,0,9.1704,1053.8,0.03,ok,1.0479
prescan,ds-id8,128,1536,24576,128,1024,8192,native,0.750,6.000,192,384,3072,0,9.1548,1055.6,0.14,ok,1.0497
prescan,ds-id8,128,1536,24576,128,1024,16384,native,0.750,6.000,192,384,3072,0,9.1505,1056.1,0.21,ok,1.0502
prescan,ds-id8,128,1536,24576,128,2048,256,native,0.125,2.000,576,2304,18432,0,11.4132,846.7,0.18,ok,0.8420
prescan,ds-id8,128,1536,24576,128,2048,512,native,0.250,4.000,288,1152,9216,0,10.3466,934.0,1.35,ok,0.9288
prescan,ds-id8,128,1536,24576,128,2048,1024,native,0.500,8.000,192,768,6144,0,9.8273,983.4,0.35,ok,0.9779
prescan,ds-id8,128,1536,24576,128,2048,2048,native,0.750,12.000,96,384,3072,0,9.7959,986.5,0.80,ok,0.9810
prescan,ds-id8,128,1536,24576,128,2048,4096,native,0.750,12.000,96,384,3072,0,9.7575,990.4,0.08,ok,0.9849
prescan,ds-id8,128,1536,24576,128,2048,8192,native,0.750,12.000,96,384,3072,0,9.7632,989.8,0.15,ok,0.9843
prescan,ds-id8,128,1536,24576,128,2048,16384,native,0.750,12.000,96,384,3072,0,9.7720,988.9,0.49,ok,0.9834
prescan,ds-id8,128,1536,24576,128,4096,256,native,0.125,4.000,288,2304,18432,0,11.3902,848.4,0.38,ok,0.8437
prescan,ds-id8,128,1536,24576,128,4096,512,native,0.250,8.000,144,1152,9216,0,10.6239,909.6,0.15,ok,0.9045
prescan,ds-id8,128,1536,24576,128,4096,1024,native,0.500,16.000,96,768,6144,0,10.6182,910.1,0.44,ok,0.9050
prescan,ds-id8,128,1536,24576,128,4096,2048,native,0.750,24.000,48,384,3072,0,11.2728,857.3,6.98,ok,0.8525
prescan,ds-id8,128,1536,24576,128,4096,4096,native,0.750,24.000,48,384,3072,0,11.5055,839.9,1.36,ok,0.8352
prescan,ds-id8,128,1536,24576,128,4096,8192,native,0.750,24.000,48,384,3072,0,11.8356,816.5,5.18,ok,0.8119
prescan,ds-id8,128,1536,24576,128,4096,16384,native,0.750,24.000,48,384,3072,0,12.2594,788.3,1.90,ok,0.7839
prescan,ds-id8,128,1536,24576,16,256,2048,native,0.094,1.500,768,384,3072,0,9.6098,1005.6,0.34,ok,1.0000
final,ds-id8,128,1536,24576,32,512,16384,native,0.188,3.000,384,384,3072,15,9.4103,1026.9,4.49,ok,1.0758
final,ds-id8,128,1536,24576,32,512,8192,native,0.188,3.000,384,384,3072,16,9.2773,1041.6,0.08,ok,1.0912
final,ds-id8,128,1536,24576,16,1024,8192,native,0.094,6.000,192,384,3072,16,9.2294,1047.1,0.35,ok,1.0968
final,ds-id8,128,1536,24576,16,1024,16384,native,0.094,6.000,192,384,3072,16,8.8999,1085.8,2.93,ok,1.1374
final,ds-id8,128,1536,24576,64,512,8192,native,0.375,3.000,384,384,3072,16,9.0134,1072.1,0.82,ok,1.1231
final,ds-id8,128,1536,24576,16,512,8192,native,0.094,3.000,384,384,3072,17,8.9643,1078.0,0.24,ok,1.1293
final,ds-id8,128,1536,24576,16,512,16384,native,0.094,3.000,384,384,3072,16,8.9661,1077.8,6.46,ok,1.1291
final,ds-id8,128,1536,24576,32,1024,16384,native,0.188,6.000,192,384,3072,16,8.9963,1074.2,0.25,ok,1.1253
final,ds-id8,128,1536,24576,32,1024,8192,native,0.188,6.000,192,384,3072,16,8.9883,1075.1,0.15,ok,1.1263
final,ds-id8,128,1536,24576,64,1024,16384,native,0.375,6.000,192,384,3072,16,9.1216,1059.4,6.92,ok,1.1098
final,ds-id8,128,1536,24576,32,256,8192,native,0.188,1.500,768,384,3072,15,10.0557,961.0,0.28,ok,1.0067
final,ds-id8,128,1536,24576,64,512,16384,native,0.375,3.000,384,384,3072,15,10.0950,957.3,3.53,ok,1.0028
final,ds-id8,128,1536,24576,16,256,2048,native,0.094,1.500,768,384,3072,14,10.1232,954.6,3.47,ok,1.0000
prescan,ds-id9,128,512,32768,16,64,8192,native,0.031,0.125,4096,512,4096,0,5.1334,836.7,0.09,ok,0.8311
prescan,ds-id9,128,512,32768,16,64,16384,native,0.031,0.125,4096,512,4096,0,5.1359,836.3,0.13,ok,0.8307
prescan,ds-id9,128,512,32768,16,128,8192,native,0.031,0.250,2048,512,4096,0,4.5218,949.8,1.56,ok,0.9435
prescan,ds-id9,128,512,32768,16,128,16384,native,0.031,0.250,2048,512,4096,0,4.5318,947.7,0.03,ok,0.9415
prescan,ds-id9,128,512,32768,16,256,8192,native,0.031,0.500,1024,512,4096,0,4.2837,1002.6,0.03,ok,0.9960
prescan,ds-id9,128,512,32768,16,256,16384,native,0.031,0.500,1024,512,4096,0,4.2788,1003.8,0.24,ok,0.9971
prescan,ds-id9,128,512,32768,16,512,8192,native,0.031,1.000,512,512,4096,0,4.1033,1046.7,0.02,ok,1.0398
prescan,ds-id9,128,512,32768,16,512,16384,native,0.031,1.000,512,512,4096,0,4.1069,1045.8,0.03,ok,1.0389
prescan,ds-id9,128,512,32768,16,1024,8192,native,0.031,2.000,256,512,4096,0,4.0269,1066.6,0.07,ok,1.0595
prescan,ds-id9,128,512,32768,16,1024,16384,native,0.031,2.000,256,512,4096,0,4.0314,1065.4,0.22,ok,1.0583
prescan,ds-id9,128,512,32768,16,2048,256,native,0.016,2.000,256,1024,8192,0,4.7354,907.0,0.08,ok,0.9010
prescan,ds-id9,128,512,32768,16,2048,512,native,0.031,4.000,128,512,4096,0,4.0499,1060.5,0.41,ok,1.0535
prescan,ds-id9,128,512,32768,16,2048,1024,native,0.031,4.000,128,512,4096,0,4.0570,1058.7,0.04,ok,1.0516
prescan,ds-id9,128,512,32768,16,2048,2048,native,0.031,4.000,128,512,4096,0,4.0555,1059.1,0.08,ok,1.0520
prescan,ds-id9,128,512,32768,16,2048,4096,native,0.031,4.000,128,512,4096,0,4.0581,1058.4,0.16,ok,1.0514
prescan,ds-id9,128,512,32768,16,2048,8192,native,0.031,4.000,128,512,4096,0,4.0567,1058.7,0.07,ok,1.0517
prescan,ds-id9,128,512,32768,16,2048,16384,native,0.031,4.000,128,512,4096,0,4.0606,1057.7,0.07,ok,1.0507
prescan,ds-id9,128,512,32768,16,4096,256,native,0.016,4.000,128,1024,8192,0,4.7395,906.2,0.25,ok,0.9002
prescan,ds-id9,128,512,32768,16,4096,512,native,0.031,8.000,64,512,4096,0,4.1991,1022.8,0.25,ok,1.0161
prescan,ds-id9,128,512,32768,16,4096,1024,native,0.031,8.000,64,512,4096,0,4.2267,1016.2,0.12,ok,1.0094
prescan,ds-id9,128,512,32768,16,4096,2048,native,0.031,8.000,64,512,4096,0,4.2608,1008.0,0.06,ok,1.0013
prescan,ds-id9,128,512,32768,16,4096,4096,native,0.031,8.000,64,512,4096,0,4.2405,1012.8,0.75,ok,1.0061
prescan,ds-id9,128,512,32768,16,4096,8192,native,0.031,8.000,64,512,4096,0,4.2102,1020.1,0.10,ok,1.0134
prescan,ds-id9,128,512,32768,16,4096,16384,native,0.031,8.000,64,512,4096,0,4.2387,1013.3,1.83,ok,1.0065
prescan,ds-id9,128,512,32768,32,64,8192,native,0.062,0.125,4096,512,4096,0,5.1320,836.9,0.06,ok,0.8313
prescan,ds-id9,128,512,32768,32,64,16384,native,0.062,0.125,4096,512,4096,0,5.1353,836.4,0.02,ok,0.8308
prescan,ds-id9,128,512,32768,32,128,8192,native,0.062,0.250,2048,512,4096,0,4.5084,952.7,1.14,ok,0.9463
prescan,ds-id9,128,512,32768,32,128,16384,native,0.062,0.250,2048,512,4096,0,4.5838,937.0,3.05,ok,0.9308
prescan,ds-id9,128,512,32768,32,256,8192,native,0.062,0.500,1024,512,4096,0,4.3493,987.5,4.19,ok,0.9810
prescan,ds-id9,128,512,32768,32,256,16384,native,0.062,0.500,1024,512,4096,0,4.2500,1010.6,0.16,ok,1.0039
prescan,ds-id9,128,512,32768,32,512,8192,native,0.062,1.000,512,512,4096,0,4.1084,1045.4,0.04,ok,1.0385
prescan,ds-id9,128,512,32768,32,512,16384,native,0.062,1.000,512,512,4096,0,4.1026,1046.9,0.23,ok,1.0400
prescan,ds-id9,128,512,32768,32,1024,8192,native,0.062,2.000,256,512,4096,0,4.0261,1066.8,0.01,ok,1.0597
prescan,ds-id9,128,512,32768,32,1024,16384,native,0.062,2.000,256,512,4096,0,4.0305,1065.6,0.38,ok,1.0586
prescan,ds-id9,128,512,32768,32,2048,256,native,0.031,2.000,256,1024,8192,0,4.6201,929.6,0.24,ok,0.9235
prescan,ds-id9,128,512,32768,32,2048,512,native,0.062,4.000,128,512,4096,0,4.0613,1057.5,0.00,ok,1.0505
prescan,ds-id9,128,512,32768,32,2048,1024,native,0.062,4.000,128,512,4096,0,4.0598,1057.9,0.00,ok,1.0509
prescan,ds-id9,128,512,32768,32,2048,2048,native,0.062,4.000,128,512,4096,0,4.0588,1058.2,0.12,ok,1.0512
prescan,ds-id9,128,512,32768,32,2048,4096,native,0.062,4.000,128,512,4096,0,4.0644,1056.7,0.06,ok,1.0497
prescan,ds-id9,128,512,32768,32,2048,8192,native,0.062,4.000,128,512,4096,0,4.0543,1059.4,0.27,ok,1.0523
prescan,ds-id9,128,512,32768,32,2048,16384,native,0.062,4.000,128,512,4096,0,4.0563,1058.8,0.33,ok,1.0518
prescan,ds-id9,128,512,32768,32,4096,256,native,0.031,4.000,128,1024,8192,0,4.7370,906.7,2.40,ok,0.9007
prescan,ds-id9,128,512,32768,32,4096,512,native,0.062,8.000,64,512,4096,0,4.2590,1008.4,1.52,ok,1.0018
prescan,ds-id9,128,512,32768,32,4096,1024,native,0.062,8.000,64,512,4096,0,4.2078,1020.7,0.94,ok,1.0140
prescan,ds-id9,128,512,32768,32,4096,2048,native,0.062,8.000,64,512,4096,0,4.2148,1019.0,1.01,ok,1.0123
prescan,ds-id9,128,512,32768,32,4096,4096,native,0.062,8.000,64,512,4096,0,4.2313,1015.1,1.70,ok,1.0083
prescan,ds-id9,128,512,32768,32,4096,8192,native,0.062,8.000,64,512,4096,0,4.2260,1016.3,1.33,ok,1.0096
prescan,ds-id9,128,512,32768,32,4096,16384,native,0.062,8.000,64,512,4096,0,4.2127,1019.5,0.22,ok,1.0128
prescan,ds-id9,128,512,32768,64,64,8192,native,0.125,0.125,4096,512,4096,0,5.1492,834.1,0.04,ok,0.8286
prescan,ds-id9,128,512,32768,64,64,16384,native,0.125,0.125,4096,512,4096,0,5.1459,834.6,0.09,ok,0.8291
prescan,ds-id9,128,512,32768,64,128,8192,native,0.125,0.250,2048,512,4096,0,4.5300,948.1,2.32,ok,0.9418
prescan,ds-id9,128,512,32768,64,128,16384,native,0.125,0.250,2048,512,4096,0,4.5197,950.3,2.61,ok,0.9440
prescan,ds-id9,128,512,32768,64,256,8192,native,0.125,0.500,1024,512,4096,0,4.2016,1022.2,2.71,ok,1.0155
prescan,ds-id9,128,512,32768,64,256,16384,native,0.125,0.500,1024,512,4096,0,4.2221,1017.3,2.95,ok,1.0105
prescan,ds-id9,128,512,32768,64,512,8192,native,0.125,1.000,512,512,4096,0,4.0661,1056.3,2.36,ok,1.0493
prescan,ds-id9,128,512,32768,64,512,16384,native,0.125,1.000,512,512,4096,0,4.0609,1057.6,2.53,ok,1.0506
prescan,ds-id9,128,512,32768,64,1024,8192,native,0.125,2.000,256,512,4096,0,3.9974,1074.4,1.33,ok,1.0673
prescan,ds-id9,128,512,32768,64,1024,16384,native,0.125,2.000,256,512,4096,0,3.9807,1078.9,2.19,ok,1.0718
prescan,ds-id9,128,512,32768,64,2048,256,native,0.062,2.000,256,1024,8192,0,4.5899,935.7,0.03,ok,0.9295
prescan,ds-id9,128,512,32768,64,2048,512,native,0.125,4.000,128,512,4096,0,3.9904,1076.3,2.82,ok,1.0692
prescan,ds-id9,128,512,32768,64,2048,1024,native,0.125,4.000,128,512,4096,0,4.0214,1068.0,1.03,ok,1.0610
prescan,ds-id9,128,512,32768,64,2048,2048,native,0.125,4.000,128,512,4096,0,4.0458,1061.6,0.29,ok,1.0546
prescan,ds-id9,128,512,32768,64,2048,4096,native,0.125,4.000,128,512,4096,0,4.0401,1063.1,0.12,ok,1.0560
prescan,ds-id9,128,512,32768,64,2048,8192,native,0.125,4.000,128,512,4096,0,4.0445,1061.9,0.08,ok,1.0549
prescan,ds-id9,128,512,32768,64,2048,16384,native,0.125,4.000,128,512,4096,0,4.0454,1061.7,0.20,ok,1.0547
prescan,ds-id9,128,512,32768,64,4096,256,native,0.062,4.000,128,1024,8192,0,4.6271,928.2,0.13,ok,0.9221
prescan,ds-id9,128,512,32768,64,4096,512,native,0.125,8.000,64,512,4096,0,4.2202,1017.7,0.76,ok,1.0110
prescan,ds-id9,128,512,32768,64,4096,1024,native,0.125,8.000,64,512,4096,0,4.2566,1009.0,1.83,ok,1.0023
prescan,ds-id9,128,512,32768,64,4096,2048,native,0.125,8.000,64,512,4096,0,4.2533,1009.8,1.88,ok,1.0031
prescan,ds-id9,128,512,32768,64,4096,4096,native,0.125,8.000,64,512,4096,0,4.2288,1015.6,1.37,ok,1.0089
prescan,ds-id9,128,512,32768,64,4096,8192,native,0.125,8.000,64,512,4096,0,4.2519,1010.1,2.30,ok,1.0034
prescan,ds-id9,128,512,32768,64,4096,16384,native,0.125,8.000,64,512,4096,0,4.2457,1011.6,1.95,ok,1.0049
prescan,ds-id9,128,512,32768,128,64,8192,native,0.250,0.125,4096,512,4096,0,5.1444,834.9,0.10,ok,0.8294
prescan,ds-id9,128,512,32768,128,64,16384,native,0.250,0.125,4096,512,4096,0,5.1410,835.4,0.28,ok,0.8299
prescan,ds-id9,128,512,32768,128,128,8192,native,0.250,0.250,2048,512,4096,0,4.5335,947.4,2.15,ok,0.9411
prescan,ds-id9,128,512,32768,128,128,16384,native,0.250,0.250,2048,512,4096,0,4.5518,943.6,1.49,ok,0.9373
prescan,ds-id9,128,512,32768,128,256,8192,native,0.250,0.500,1024,512,4096,0,4.2224,1017.2,1.91,ok,1.0104
prescan,ds-id9,128,512,32768,128,256,16384,native,0.250,0.500,1024,512,4096,0,4.2506,1010.4,0.55,ok,1.0038
prescan,ds-id9,128,512,32768,128,512,8192,native,0.250,1.000,512,512,4096,0,4.0759,1053.8,0.69,ok,1.0468
prescan,ds-id9,128,512,32768,128,512,16384,native,0.250,1.000,512,512,4096,0,4.0919,1049.6,0.10,ok,1.0427
prescan,ds-id9,128,512,32768,128,1024,8192,native,0.250,2.000,256,512,4096,0,4.0239,1067.4,0.56,ok,1.0603
prescan,ds-id9,128,512,32768,128,1024,16384,native,0.250,2.000,256,512,4096,0,4.0168,1069.3,0.20,ok,1.0622
prescan,ds-id9,128,512,32768,128,2048,256,native,0.125,2.000,256,1024,8192,0,4.5393,946.2,0.17,ok,0.9399
prescan,ds-id9,128,512,32768,128,2048,512,native,0.250,4.000,128,512,4096,0,4.0580,1058.4,0.18,ok,1.0514
prescan,ds-id9,128,512,32768,128,2048,1024,native,0.250,4.000,128,512,4096,0,4.0551,1059.1,0.17,ok,1.0521
prescan,ds-id9,128,512,32768,128,2048,2048,native,0.250,4.000,128,512,4096,0,4.0544,1059.3,0.12,ok,1.0523
prescan,ds-id9,128,512,32768,128,2048,4096,native,0.250,4.000,128,512,4096,0,4.0578,1058.5,0.26,ok,1.0514
prescan,ds-id9,128,512,32768,128,2048,8192,native,0.250,4.000,128,512,4096,0,4.0522,1059.9,0.24,ok,1.0529
prescan,ds-id9,128,512,32768,128,2048,16384,native,0.250,4.000,128,512,4096,0,4.0536,1059.6,0.12,ok,1.0525
prescan,ds-id9,128,512,32768,128,4096,256,native,0.125,4.000,128,1024,8192,0,4.5391,946.2,0.04,ok,0.9399
prescan,ds-id9,128,512,32768,128,4096,512,native,0.250,8.000,64,512,4096,0,4.3052,997.6,0.10,ok,0.9910
prescan,ds-id9,128,512,32768,128,4096,1024,native,0.250,8.000,64,512,4096,0,4.2862,1002.0,1.45,ok,0.9954
prescan,ds-id9,128,512,32768,128,4096,2048,native,0.250,8.000,64,512,4096,0,4.3122,996.0,0.59,ok,0.9894
prescan,ds-id9,128,512,32768,128,4096,4096,native,0.250,8.000,64,512,4096,0,4.2881,1001.6,0.24,ok,0.9950
prescan,ds-id9,128,512,32768,128,4096,8192,native,0.250,8.000,64,512,4096,0,4.2958,999.8,0.31,ok,0.9932
prescan,ds-id9,128,512,32768,128,4096,16384,native,0.250,8.000,64,512,4096,0,4.2922,1000.7,1.53,ok,0.9940
prescan,ds-id9,128,512,32768,16,256,2048,native,0.031,0.500,1024,512,4096,0,4.2665,1006.7,0.96,ok,1.0000
final,ds-id9,128,512,32768,64,1024,16384,native,0.125,2.000,256,512,4096,37,4.0274,1066.4,0.28,ok,1.0645
final,ds-id9,128,512,32768,64,2048,512,native,0.125,4.000,128,512,4096,37,4.0550,1059.2,0.24,ok,1.0573
final,ds-id9,128,512,32768,64,1024,8192,native,0.125,2.000,256,512,4096,37,4.0120,1070.5,2.11,ok,1.0686
final,ds-id9,128,512,32768,128,1024,16384,native,0.250,2.000,256,512,4096,38,4.0024,1073.1,1.82,ok,1.0712
final,ds-id9,128,512,32768,64,2048,1024,native,0.125,4.000,128,512,4096,37,4.0319,1065.2,0.97,ok,1.0634
final,ds-id9,128,512,32768,128,1024,8192,native,0.250,2.000,256,512,4096,37,4.0137,1070.1,0.41,ok,1.0682
final,ds-id9,128,512,32768,32,1024,8192,native,0.062,2.000,256,512,4096,37,4.0322,1065.2,0.33,ok,1.0633
final,ds-id9,128,512,32768,16,1024,8192,native,0.031,2.000,256,512,4096,33,4.0355,1064.3,0.26,ok,1.0624
final,ds-id9,128,512,32768,32,1024,16384,native,0.062,2.000,256,512,4096,37,4.0297,1065.8,0.41,ok,1.0639
final,ds-id9,128,512,32768,16,1024,16384,native,0.031,2.000,256,512,4096,37,4.0359,1064.2,0.29,ok,1.0623
final,ds-id9,128,512,32768,64,2048,4096,native,0.125,4.000,128,512,4096,37,4.0529,1059.7,0.38,ok,1.0579
final,ds-id9,128,512,32768,64,2048,8192,native,0.125,4.000,128,512,4096,36,4.0472,1061.2,0.27,ok,1.0593
final,ds-id9,128,512,32768,64,2048,16384,native,0.125,4.000,128,512,4096,37,4.0575,1058.5,0.66,ok,1.0566
final,ds-id9,128,512,32768,64,2048,2048,native,0.125,4.000,128,512,4096,36,4.0463,1061.5,0.16,ok,1.0596
final,ds-id9,128,512,32768,16,2048,512,native,0.031,4.000,128,512,4096,37,4.0564,1058.8,0.30,ok,1.0569
final,ds-id9,128,512,32768,128,2048,8192,native,0.250,4.000,128,512,4096,36,4.0647,1056.7,0.29,ok,1.0548
final,ds-id9,128,512,32768,128,2048,16384,native,0.250,4.000,128,512,4096,36,4.0629,1057.1,0.25,ok,1.0553
final,ds-id9,128,512,32768,32,2048,8192,native,0.062,4.000,128,512,4096,36,4.0597,1057.9,0.19,ok,1.0561
final,ds-id9,128,512,32768,128,2048,2048,native,0.250,4.000,128,512,4096,36,4.0594,1058.0,0.25,ok,1.0562
final,ds-id9,128,512,32768,128,2048,1024,native,0.250,4.000,128,512,4096,37,4.0507,1060.3,0.12,ok,1.0584
final,ds-id9,128,512,32768,16,2048,2048,native,0.031,4.000,128,512,4096,36,4.0583,1058.3,0.34,ok,1.0564
final,ds-id9,128,512,32768,32,2048,16384,native,0.062,4.000,128,512,4096,36,4.0514,1060.1,0.23,ok,1.0583
final,ds-id9,128,512,32768,16,2048,8192,native,0.031,4.000,128,512,4096,37,4.0493,1060.7,0.33,ok,1.0588
final,ds-id9,128,512,32768,16,2048,1024,native,0.031,4.000,128,512,4096,36,4.0563,1058.8,0.34,ok,1.0570
final,ds-id9,128,512,32768,128,2048,4096,native,0.250,4.000,128,512,4096,36,4.0544,1059.3,0.20,ok,1.0575
final,ds-id9,128,512,32768,128,2048,512,native,0.250,4.000,128,512,4096,36,4.0641,1056.8,0.30,ok,1.0549
final,ds-id9,128,512,32768,16,2048,4096,native,0.031,4.000,128,512,4096,37,4.0470,1061.3,0.23,ok,1.0594
final,ds-id9,128,512,32768,32,2048,2048,native,0.062,4.000,128,512,4096,36,4.0616,1057.5,0.56,ok,1.0556
final,ds-id9,128,512,32768,32,2048,1024,native,0.062,4.000,128,512,4096,36,4.0575,1058.5,0.71,ok,1.0566
final,ds-id9,128,512,32768,16,2048,16384,native,0.031,4.000,128,512,4096,36,4.0555,1059.1,0.20,ok,1.0572
final,ds-id9,128,512,32768,64,512,16384,native,0.125,1.000,512,512,4096,36,4.1060,1046.0,0.28,ok,1.0442
final,ds-id9,128,512,32768,32,2048,512,native,0.062,4.000,128,512,4096,37,4.0632,1057.0,0.24,ok,1.0552
final,ds-id9,128,512,32768,32,2048,4096,native,0.062,4.000,128,512,4096,37,4.1399,1037.5,5.42,ok,1.0356
final,ds-id9,128,512,32768,64,512,8192,native,0.125,1.000,512,512,4096,34,4.1725,1029.3,3.53,ok,1.0275
final,ds-id9,128,512,32768,128,512,8192,native,0.250,1.000,512,512,4096,36,4.1102,1045.0,0.50,ok,1.0431
final,ds-id9,128,512,32768,128,512,16384,native,0.250,1.000,512,512,4096,36,4.1001,1047.5,0.22,ok,1.0457
final,ds-id9,128,512,32768,16,256,2048,native,0.031,0.500,1024,512,4096,34,4.2874,1001.8,0.31,ok,1.0000
prescan,ds-id10,128,16384,7168,16,64,8192,native,0.500,2.000,1792,224,1792,0,36.2525,829.3,0.20,ok,0.8328
prescan,ds-id10,128,16384,7168,16,64,16384,native,1.000,4.000,896,112,896,0,36.5465,822.6,2.28,ok,0.8261
prescan,ds-id10,128,16384,7168,16,128,8192,native,0.500,4.000,896,224,1792,0,32.4517,926.4,0.21,ok,0.9304
prescan,ds-id10,128,16384,7168,16,128,16384,native,1.000,8.000,448,112,896,0,35.9113,837.2,2.92,ok,0.8407
prescan,ds-id10,128,16384,7168,16,256,8192,native,0.500,8.000,448,224,1792,0,30.3255,991.4,0.83,ok,0.9956
prescan,ds-id10,128,16384,7168,16,256,16384,native,1.000,16.000,224,112,896,0,60.1616,499.7,6.20,ok,0.5018
prescan,ds-id10,128,16384,7168,16,512,8192,native,0.500,16.000,224,224,1792,0,53.3532,563.5,0.91,ok,0.5659
prescan,ds-id10,128,16384,7168,16,512,16384,native,1.000,32.000,112,112,896,0,70.9683,423.6,10.25,ok,0.4254
prescan,ds-id10,128,16384,7168,16,1024,8192,native,0.500,32.000,112,224,1792,0,64.8604,463.5,0.68,ok,0.4655
prescan,ds-id10,128,16384,7168,16,1024,16384,native,1.000,64.000,56,112,896,0,65.9623,455.8,0.34,ok,0.4577
prescan,ds-id10,128,16384,7168,16,2048,256,native,0.016,2.000,2048,7168,57344,0,27.2694,1102.5,0.11,ok,1.1072
prescan,ds-id10,128,16384,7168,16,2048,512,native,0.031,4.000,1024,3584,28672,0,27.0445,1111.7,1.97,ok,1.1164
prescan,ds-id10,128,16384,7168,16,2048,1024,native,0.062,8.000,512,1792,14336,0,29.2606,1027.5,1.50,ok,1.0318
prescan,ds-id10,128,16384,7168,16,2048,2048,native,0.125,16.000,256,896,7168,0,53.1645,565.5,1.04,ok,0.5679
prescan,ds-id10,128,16384,7168,16,2048,4096,native,0.250,32.000,128,448,3584,0,76.0612,395.3,2.55,ok,0.3969
prescan,ds-id10,128,16384,7168,16,2048,8192,native,0.500,64.000,64,224,1792,0,64.3154,467.5,0.05,ok,0.4694
prescan,ds-id10,128,16384,7168,16,2048,16384,native,1.000,128.000,32,112,896,0,65.5172,458.9,0.26,ok,0.4608
prescan,ds-id10,128,16384,7168,16,4096,256,native,0.016,4.000,1024,7168,57344,0,27.5530,1091.2,0.57,ok,1.0958
prescan,ds-id10,128,16384,7168,16,4096,512,native,0.031,8.000,512,3584,28672,0,29.9292,1004.5,0.40,ok,1.0088
prescan,ds-id10,128,16384,7168,16,4096,1024,native,0.062,16.000,256,1792,14336,0,50.7605,592.3,2.20,ok,0.5948
prescan,ds-id10,128,16384,7168,16,4096,2048,native,0.125,32.000,128,896,7168,0,75.1119,400.3,4.20,ok,0.4020
prescan,ds-id10,128,16384,7168,16,4096,4096,native,0.250,64.000,64,448,3584,0,71.8282,418.6,1.06,ok,0.4203
prescan,ds-id10,128,16384,7168,16,4096,8192,native,0.500,128.000,32,224,1792,0,64.1113,468.9,0.06,ok,0.4709
prescan,ds-id10,128,16384,7168,16,4096,16384,native,1.000,256.000,16,112,896,0,65.2980,460.4,0.16,ok,0.4624
prescan,ds-id10,128,16384,7168,32,64,8192,native,1.000,2.000,1792,224,1792,0,35.3896,849.5,0.06,ok,0.8531
prescan,ds-id10,128,16384,7168,32,64,16384,native,2.000,4.000,896,112,896,0,37.7221,797.0,0.07,ok,0.8004
prescan,ds-id10,128,16384,7168,32,128,8192,native,1.000,4.000,896,224,1792,0,32.2305,932.8,0.02,ok,0.9368
prescan,ds-id10,128,16384,7168,32,128,16384,native,2.000,8.000,448,112,896,0,39.1270,768.4,10.27,ok,0.7716
prescan,ds-id10,128,16384,7168,32,256,8192,native,1.000,8.000,448,224,1792,0,31.0280,969.0,0.58,ok,0.9731
prescan,ds-id10,128,16384,7168,32,256,16384,native,2.000,16.000,224,112,896,0,50.3940,596.6,0.50,ok,0.5991
prescan,ds-id10,128,16384,7168,32,512,8192,native,1.000,16.000,224,224,1792,0,44.0594,682.4,0.62,ok,0.6853
prescan,ds-id10,128,16384,7168,32,512,16384,native,2.000,32.000,112,112,896,0,66.7617,450.3,12.63,ok,0.4522
prescan,ds-id10,128,16384,7168,32,1024,8192,native,1.000,32.000,112,224,1792,0,72.4888,414.8,16.36,ok,0.4165
prescan,ds-id10,128,16384,7168,32,1024,16384,native,2.000,64.000,56,112,896,0,49.3015,609.8,3.16,ok,0.6124
prescan,ds-id10,128,16384,7168,32,2048,256,native,0.031,2.000,2048,7168,57344,0,27.9529,1075.6,0.99,ok,1.0801
prescan,ds-id10,128,16384,7168,32,2048,512,native,0.062,4.000,1024,3584,28672,0,28.2700,1063.5,2.12,ok,1.0680
prescan,ds-id10,128,16384,7168,32,2048,1024,native,0.125,8.000,512,1792,14336,0,29.9125,1005.1,0.15,ok,1.0093
prescan,ds-id10,128,16384,7168,32,2048,2048,native,0.250,16.000,256,896,7168,0,42.6938,704.2,1.41,ok,0.7072
prescan,ds-id10,128,16384,7168,32,2048,4096,native,0.500,32.000,128,448,3584,0,56.6823,530.4,1.63,ok,0.5327
prescan,ds-id10,128,16384,7168,32,2048,8192,native,1.000,64.000,64,224,1792,0,75.6528,397.4,0.80,ok,0.3991
prescan,ds-id10,128,16384,7168,32,2048,16384,native,2.000,128.000,32,112,896,0,48.1638,624.2,0.06,ok,0.6269
prescan,ds-id10,128,16384,7168,32,4096,256,native,0.031,4.000,1024,7168,57344,0,27.9204,1076.8,0.95,ok,1.0814
prescan,ds-id10,128,16384,7168,32,4096,512,native,0.062,8.000,512,3584,28672,0,29.9780,1002.9,0.01,ok,1.0071
prescan,ds-id10,128,16384,7168,32,4096,1024,native,0.125,16.000,256,1792,14336,0,39.6918,757.5,3.50,ok,0.7607
prescan,ds-id10,128,16384,7168,32,4096,2048,native,0.250,32.000,128,896,7168,0,51.2127,587.1,19.19,ok,0.5895
prescan,ds-id10,128,16384,7168,32,4096,4096,native,0.500,64.000,64,448,3584,0,51.9773,578.4,22.95,ok,0.5809
prescan,ds-id10,128,16384,7168,32,4096,8192,native,1.000,128.000,32,224,1792,0,46.6493,644.5,1.74,ok,0.6472
prescan,ds-id10,128,16384,7168,32,4096,16384,native,2.000,256.000,16,112,896,0,47.8929,627.8,0.06,ok,0.6304
prescan,ds-id10,128,16384,7168,64,64,8192,native,2.000,2.000,1792,224,1792,0,34.9570,860.1,1.38,ok,0.8637
prescan,ds-id10,128,16384,7168,64,64,16384,native,4.000,4.000,896,112,896,0,40.8243,736.4,4.06,ok,0.7396
prescan,ds-id10,128,16384,7168,64,128,8192,native,2.000,4.000,896,224,1792,0,30.7205,978.7,3.39,ok,0.9828
prescan,ds-id10,128,16384,7168,64,128,16384,native,4.000,8.000,448,112,896,0,39.6627,758.0,2.44,ok,0.7612
prescan,ds-id10,128,16384,7168,64,256,8192,native,2.000,8.000,448,224,1792,0,30.3660,990.1,4.70,ok,0.9943
prescan,ds-id10,128,16384,7168,64,256,16384,native,4.000,16.000,224,112,896,0,45.0199,667.8,5.40,ok,0.6706
prescan,ds-id10,128,16384,7168,64,512,8192,native,2.000,16.000,224,224,1792,0,37.2761,806.5,4.63,ok,0.8100
prescan,ds-id10,128,16384,7168,64,512,16384,native,4.000,32.000,112,112,896,0,45.3196,663.4,12.33,ok,0.6662
prescan,ds-id10,128,16384,7168,64,1024,8192,native,2.000,32.000,112,224,1792,0,39.1373,768.2,6.58,ok,0.7714
prescan,ds-id10,128,16384,7168,64,1024,16384,native,4.000,64.000,56,112,896,0,45.1350,666.1,15.29,ok,0.6689
prescan,ds-id10,128,16384,7168,64,2048,256,native,0.062,2.000,2048,7168,57344,0,28.4193,1057.9,5.92,ok,1.0624
prescan,ds-id10,128,16384,7168,64,2048,512,native,0.125,4.000,1024,3584,28672,0,27.9576,1075.4,9.38,ok,1.0799
prescan,ds-id10,128,16384,7168,64,2048,1024,native,0.250,8.000,512,1792,14336,0,29.5226,1018.4,6.38,ok,1.0227
prescan,ds-id10,128,16384,7168,64,2048,2048,native,0.500,16.000,256,896,7168,0,36.4041,825.9,7.42,ok,0.8294
prescan,ds-id10,128,16384,7168,64,2048,4096,native,1.000,32.000,128,448,3584,0,39.4065,762.9,12.48,ok,0.7662
prescan,ds-id10,128,16384,7168,64,2048,8192,native,2.000,64.000,64,224,1792,0,40.1751,748.3,12.94,ok,0.7515
prescan,ds-id10,128,16384,7168,64,2048,16384,native,4.000,128.000,32,112,896,0,47.0678,638.8,24.61,ok,0.6415
prescan,ds-id10,128,16384,7168,64,4096,256,native,0.062,4.000,1024,7168,57344,0,28.3693,1059.8,5.74,ok,1.0642
prescan,ds-id10,128,16384,7168,64,4096,512,native,0.125,8.000,512,3584,28672,0,30.4522,987.3,0.48,ok,0.9915
prescan,ds-id10,128,16384,7168,64,4096,1024,native,0.250,16.000,256,1792,14336,0,35.8244,839.2,0.19,ok,0.8428
prescan,ds-id10,128,16384,7168,64,4096,2048,native,0.500,32.000,128,896,7168,0,42.1065,714.0,0.16,ok,0.7170
prescan,ds-id10,128,16384,7168,64,4096,4096,native,1.000,64.000,64,448,3584,0,42.5151,707.2,3.25,ok,0.7101
prescan,ds-id10,128,16384,7168,64,4096,8192,native,2.000,128.000,32,224,1792,0,49.1438,611.8,1.31,ok,0.6144
prescan,ds-id10,128,16384,7168,64,4096,16384,native,4.000,256.000,16,112,896,0,50.7651,592.2,15.24,ok,0.5947
prescan,ds-id10,128,16384,7168,128,64,8192,native,4.000,2.000,1792,224,1792,0,37.6027,799.5,1.23,ok,0.8029
prescan,ds-id10,128,16384,7168,128,64,16384,native,8.000,4.000,896,112,896,0,52.9898,567.4,1.46,ok,0.5698
prescan,ds-id10,128,16384,7168,128,128,8192,native,4.000,4.000,896,224,1792,0,32.4971,925.2,2.09,ok,0.9291
prescan,ds-id10,128,16384,7168,128,128,16384,native,8.000,8.000,448,112,896,0,48.9080,614.7,2.02,ok,0.6173
prescan,ds-id10,128,16384,7168,128,256,8192,native,4.000,8.000,448,224,1792,0,32.5509,923.6,1.97,ok,0.9275
prescan,ds-id10,128,16384,7168,128,256,16384,native,8.000,16.000,224,112,896,0,51.9495,578.7,2.40,ok,0.5812
prescan,ds-id10,128,16384,7168,128,512,8192,native,4.000,16.000,224,224,1792,0,39.3191,764.6,4.67,ok,0.7679
prescan,ds-id10,128,16384,7168,128,512,16384,native,8.000,32.000,112,112,896,0,50.3687,596.9,4.46,ok,0.5994
prescan,ds-id10,128,16384,7168,128,1024,8192,native,4.000,32.000,112,224,1792,0,38.9189,772.5,7.33,ok,0.7758
prescan,ds-id10,128,16384,7168,128,1024,16384,native,8.000,64.000,56,112,896,0,46.5554,645.8,7.86,ok,0.6485
prescan,ds-id10,128,16384,7168,128,2048,256,native,0.125,2.000,2048,7168,57344,0,30.1070,998.6,3.59,ok,1.0028
prescan,ds-id10,128,16384,7168,128,2048,512,native,0.250,4.000,1024,3584,28672,0,29.1459,1031.5,2.15,ok,1.0359
prescan,ds-id10,128,16384,7168,128,2048,1024,native,0.500,8.000,512,1792,14336,0,31.0568,968.1,0.16,ok,0.9722
prescan,ds-id10,128,16384,7168,128,2048,2048,native,1.000,16.000,256,896,7168,0,33.8760,887.5,0.95,ok,0.8913
prescan,ds-id10,128,16384,7168,128,2048,4096,native,2.000,32.000,128,448,3584,0,35.5067,846.7,1.63,ok,0.8503
prescan,ds-id10,128,16384,7168,128,2048,8192,native,4.000,64.000,64,224,1792,0,38.8671,773.5,7.28,ok,0.7768
prescan,ds-id10,128,16384,7168,128,2048,16384,native,8.000,128.000,32,112,896,0,47.9266,627.3,0.39,ok,0.6300
prescan,ds-id10,128,16384,7168,128,4096,256,native,0.125,4.000,1024,7168,57344,0,29.8458,1007.3,0.82,ok,1.0116
prescan,ds-id10,128,16384,7168,128,4096,512,native,0.250,8.000,512,3584,28672,0,31.1220,966.0,0.28,ok,0.9701
prescan,ds-id10,128,16384,7168,128,4096,1024,native,0.500,16.000,256,1792,14336,0,34.3934,874.1,1.96,ok,0.8778
prescan,ds-id10,128,16384,7168,128,4096,2048,native,1.000,32.000,128,896,7168,0,35.4177,848.9,0.19,ok,0.8525
prescan,ds-id10,128,16384,7168,128,4096,4096,native,2.000,64.000,64,448,3584,0,35.2772,852.2,1.00,ok,0.8558
prescan,ds-id10,128,16384,7168,128,4096,8192,native,4.000,128.000,32,224,1792,0,37.9740,791.7,0.07,ok,0.7951
prescan,ds-id10,128,16384,7168,128,4096,16384,native,8.000,256.000,16,112,896,0,47.8721,628.0,0.07,ok,0.6307
prescan,ds-id10,128,16384,7168,16,256,2048,native,0.125,2.000,1792,896,7168,0,30.1920,995.8,0.63,ok,1.0000
final,ds-id10,128,16384,7168,16,2048,512,native,0.031,4.000,1024,3584,28672,5,28.4545,1056.6,0.30,ok,1.0584
final,ds-id10,128,16384,7168,16,2048,256,native,0.016,2.000,2048,7168,57344,5,28.8390,1042.5,0.31,ok,1.0443
final,ds-id10,128,16384,7168,16,4096,256,native,0.016,4.000,1024,7168,57344,5,29.2231,1028.8,0.42,ok,1.0305
final,ds-id10,128,16384,7168,32,4096,256,native,0.031,4.000,1024,7168,57344,5,29.2467,1028.0,2.44,ok,1.0297
final,ds-id10,128,16384,7168,32,2048,256,native,0.031,2.000,2048,7168,57344,4,30.0191,1001.5,0.67,ok,1.0032
final,ds-id10,128,16384,7168,64,2048,512,native,0.125,4.000,1024,3584,28672,5,29.0012,1036.7,1.49,ok,1.0384
final,ds-id10,128,16384,7168,32,2048,512,native,0.062,4.000,1024,3584,28672,5,28.6445,1049.6,1.42,ok,1.0513
final,ds-id10,128,16384,7168,64,4096,256,native,0.062,4.000,1024,7168,57344,5,29.4281,1021.6,0.14,ok,1.0233
final,ds-id10,128,16384,7168,16,256,2048,native,0.125,2.000,1792,896,7168,4,30.1151,998.3,4.45,ok,1.0000
prescan,ds-id11,128,7168,4096,16,64,8192,native,0.438,1.750,512,64,512,0,9.1808,818.7,1.11,ok,0.8460
prescan,ds-id11,128,7168,4096,16,64,16384,native,0.438,1.750,512,64,512,0,9.1437,822.0,1.70,ok,0.8494
prescan,ds-id11,128,7168,4096,16,128,8192,native,0.438,3.500,256,64,512,0,8.0054,938.9,0.99,ok,0.9702
prescan,ds-id11,128,7168,4096,16,128,16384,native,0.438,3.500,256,64,512,0,8.0993,928.0,1.15,ok,0.9589
prescan,ds-id11,128,7168,4096,16,256,8192,native,0.438,7.000,128,64,512,0,7.4010,1015.6,0.91,ok,1.0494
prescan,ds-id11,128,7168,4096,16,256,16384,native,0.438,7.000,128,64,512,0,7.4027,1015.3,1.17,ok,1.0492
prescan,ds-id11,128,7168,4096,16,512,8192,native,0.438,14.000,64,64,512,0,10.4100,722.0,1.31,ok,0.7461
prescan,ds-id11,128,7168,4096,16,512,16384,native,0.438,14.000,64,64,512,0,10.3472,726.4,0.83,ok,0.7506
prescan,ds-id11,128,7168,4096,16,1024,8192,native,0.438,28.000,32,64,512,0,16.9884,442.4,3.17,ok,0.4572
prescan,ds-id11,128,7168,4096,16,1024,16384,native,0.438,28.000,32,64,512,0,19.3916,387.6,2.52,ok,0.4005
prescan,ds-id11,128,7168,4096,16,2048,256,native,0.016,2.000,448,1792,14336,0,8.3749,897.5,0.10,ok,0.9274
prescan,ds-id11,128,7168,4096,16,2048,512,native,0.031,4.000,224,896,7168,0,7.6182,986.6,2.62,ok,1.0195
prescan,ds-id11,128,7168,4096,16,2048,1024,native,0.062,8.000,112,448,3584,0,7.6044,988.4,0.45,ok,1.0213
prescan,ds-id11,128,7168,4096,16,2048,2048,native,0.125,16.000,64,256,2048,0,10.6870,703.3,2.36,ok,0.7267
prescan,ds-id11,128,7168,4096,16,2048,4096,native,0.250,32.000,32,128,1024,0,16.6022,452.7,1.18,ok,0.4678
prescan,ds-id11,128,7168,4096,16,2048,8192,native,0.438,56.000,16,64,512,0,18.5656,404.8,13.16,ok,0.4183
prescan,ds-id11,128,7168,4096,16,2048,16384,native,0.438,56.000,16,64,512,0,17.3277,433.8,0.86,ok,0.4482
prescan,ds-id11,128,7168,4096,16,4096,256,native,0.016,4.000,224,1792,14336,0,7.4764,1005.3,6.06,ok,1.0388
prescan,ds-id11,128,7168,4096,16,4096,512,native,0.031,8.000,112,896,7168,0,7.6797,978.7,0.91,ok,1.0113
prescan,ds-id11,128,7168,4096,16,4096,1024,native,0.062,16.000,56,448,3584,0,12.1291,619.7,0.13,ok,0.6403
prescan,ds-id11,128,7168,4096,16,4096,2048,native,0.125,32.000,32,256,2048,0,16.0244,469.0,0.23,ok,0.4847
prescan,ds-id11,128,7168,4096,16,4096,4096,native,0.250,64.000,16,128,1024,0,18.0582,416.2,19.23,ok,0.4301
prescan,ds-id11,128,7168,4096,16,4096,8192,native,0.438,112.000,8,64,512,0,16.0907,467.1,1.42,ok,0.4827
prescan,ds-id11,128,7168,4096,16,4096,16384,native,0.438,112.000,8,64,512,0,16.0374,468.7,0.88,ok,0.4843
prescan,ds-id11,128,7168,4096,32,64,8192,native,0.875,1.750,512,64,512,0,8.5965,874.3,0.87,ok,0.9035
prescan,ds-id11,128,7168,4096,32,64,16384,native,0.875,1.750,512,64,512,0,8.5990,874.1,0.14,ok,0.9032
prescan,ds-id11,128,7168,4096,32,128,8192,native,0.875,3.500,256,64,512,0,7.6075,988.0,0.68,ok,1.0209
prescan,ds-id11,128,7168,4096,32,128,16384,native,0.875,3.500,256,64,512,0,7.7796,966.1,0.80,ok,0.9983
prescan,ds-id11,128,7168,4096,32,256,8192,native,0.875,7.000,128,64,512,0,7.1741,1047.7,3.26,ok,1.0826
prescan,ds-id11,128,7168,4096,32,256,16384,native,0.875,7.000,128,64,512,0,7.2978,1029.9,0.41,ok,1.0642
prescan,ds-id11,128,7168,4096,32,512,8192,native,0.875,14.000,64,64,512,0,9.1102,825.0,3.35,ok,0.8525
prescan,ds-id11,128,7168,4096,32,512,16384,native,0.875,14.000,64,64,512,0,9.0984,826.1,3.61,ok,0.8536
prescan,ds-id11,128,7168,4096,32,1024,8192,native,0.875,28.000,32,64,512,0,12.1709,617.6,0.82,ok,0.6381
prescan,ds-id11,128,7168,4096,32,1024,16384,native,0.875,28.000,32,64,512,0,13.3152,564.5,6.18,ok,0.5833
prescan,ds-id11,128,7168,4096,32,2048,256,native,0.031,2.000,448,1792,14336,0,8.1487,922.4,4.17,ok,0.9531
prescan,ds-id11,128,7168,4096,32,2048,512,native,0.062,4.000,224,896,7168,0,7.5747,992.3,1.17,ok,1.0253
prescan,ds-id11,128,7168,4096,32,2048,1024,native,0.125,8.000,112,448,3584,0,7.7293,972.4,3.48,ok,1.0048
prescan,ds-id11,128,7168,4096,32,2048,2048,native,0.250,16.000,64,256,2048,0,8.9889,836.2,0.19,ok,0.8640
prescan,ds-id11,128,7168,4096,32,2048,4096,native,0.500,32.000,32,128,1024,0,12.0078,625.9,1.15,ok,0.6468
prescan,ds-id11,128,7168,4096,32,2048,8192,native,0.875,56.000,16,64,512,0,13.0226,577.2,3.86,ok,0.5964
prescan,ds-id11,128,7168,4096,32,2048,16384,native,0.875,56.000,16,64,512,0,14.5082,518.1,1.99,ok,0.5353
prescan,ds-id11,128,7168,4096,32,4096,256,native,0.031,4.000,224,1792,14336,0,8.3837,896.5,0.47,ok,0.9264
prescan,ds-id11,128,7168,4096,32,4096,512,native,0.062,8.000,112,896,7168,0,8.2351,912.7,0.00,ok,0.9431
prescan,ds-id11,128,7168,4096,32,4096,1024,native,0.125,16.000,56,448,3584,0,10.3553,725.8,3.71,ok,0.7500
prescan,ds-id11,128,7168,4096,32,4096,2048,native,0.250,32.000,32,256,2048,0,12.1786,617.2,3.22,ok,0.6377
prescan,ds-id11,128,7168,4096,32,4096,4096,native,0.500,64.000,16,128,1024,0,13.5719,553.8,13.19,ok,0.5723
prescan,ds-id11,128,7168,4096,32,4096,8192,native,0.875,112.000,8,64,512,0,14.4492,520.2,1.60,ok,0.5375
prescan,ds-id11,128,7168,4096,32,4096,16384,native,0.875,112.000,8,64,512,0,14.4444,520.4,1.47,ok,0.5377
prescan,ds-id11,128,7168,4096,64,64,8192,native,1.750,1.750,512,64,512,0,9.8851,760.4,4.74,ok,0.7857
prescan,ds-id11,128,7168,4096,64,64,16384,native,1.750,1.750,512,64,512,0,8.9485,839.9,0.20,ok,0.8679
prescan,ds-id11,128,7168,4096,64,128,8192,native,1.750,3.500,256,64,512,0,7.6236,985.9,2.48,ok,1.0187
prescan,ds-id11,128,7168,4096,64,128,16384,native,1.750,3.500,256,64,512,0,7.6673,980.3,3.55,ok,1.0129
prescan,ds-id11,128,7168,4096,64,256,8192,native,1.750,7.000,128,64,512,0,7.3149,1027.5,0.27,ok,1.0618
prescan,ds-id11,128,7168,4096,64,256,16384,native,1.750,7.000,128,64,512,0,7.4172,1013.4,2.74,ok,1.0471
prescan,ds-id11,128,7168,4096,64,512,8192,native,1.750,14.000,64,64,512,0,8.4383,890.7,1.48,ok,0.9204
prescan,ds-id11,128,7168,4096,64,512,16384,native,1.750,14.000,64,64,512,0,8.5410,880.0,1.81,ok,0.9093
prescan,ds-id11,128,7168,4096,64,1024,8192,native,1.750,28.000,32,64,512,0,9.4801,792.8,1.60,ok,0.8193
prescan,ds-id11,128,7168,4096,64,1024,16384,native,1.750,28.000,32,64,512,0,10.0625,747.0,1.38,ok,0.7718
prescan,ds-id11,128,7168,4096,64,2048,256,native,0.062,2.000,448,1792,14336,0,7.7646,968.0,3.87,ok,1.0002
prescan,ds-id11,128,7168,4096,64,2048,512,native,0.125,4.000,224,896,7168,0,7.4787,1005.0,2.27,ok,1.0385
prescan,ds-id11,128,7168,4096,64,2048,1024,native,0.250,8.000,112,448,3584,0,7.5333,997.7,2.18,ok,1.0310
prescan,ds-id11,128,7168,4096,64,2048,2048,native,0.500,16.000,64,256,2048,0,8.2655,909.3,2.36,ok,0.9396
prescan,ds-id11,128,7168,4096,64,2048,4096,native,1.000,32.000,32,128,1024,0,9.4437,795.9,0.10,ok,0.8224
prescan,ds-id11,128,7168,4096,64,2048,8192,native,1.750,56.000,16,64,512,0,9.9130,758.2,0.66,ok,0.7835
prescan,ds-id11,128,7168,4096,64,2048,16384,native,1.750,56.000,16,64,512,0,10.0442,748.3,0.95,ok,0.7732
prescan,ds-id11,128,7168,4096,64,4096,256,native,0.062,4.000,224,1792,14336,0,7.7253,972.9,2.49,ok,1.0053
prescan,ds-id11,128,7168,4096,64,4096,512,native,0.125,8.000,112,896,7168,0,7.9515,945.3,1.45,ok,0.9767
prescan,ds-id11,128,7168,4096,64,4096,1024,native,0.250,16.000,56,448,3584,0,8.7405,859.9,0.74,ok,0.8886
prescan,ds-id11,128,7168,4096,64,4096,2048,native,0.500,32.000,32,256,2048,0,9.3682,802.3,1.98,ok,0.8290
prescan,ds-id11,128,7168,4096,64,4096,4096,native,1.000,64.000,16,128,1024,0,9.9424,756.0,4.02,ok,0.7812
prescan,ds-id11,128,7168,4096,64,4096,8192,native,1.750,112.000,8,64,512,0,10.1833,738.1,7.71,ok,0.7627
prescan,ds-id11,128,7168,4096,64,4096,16384,native,1.750,112.000,8,64,512,0,10.5000,715.8,1.88,ok,0.7397
prescan,ds-id11,128,7168,4096,128,64,8192,native,3.500,1.750,512,64,512,0,8.9181,842.8,4.11,ok,0.8709
prescan,ds-id11,128,7168,4096,128,64,16384,native,3.500,1.750,512,64,512,0,8.8206,852.1,0.28,ok,0.8805
prescan,ds-id11,128,7168,4096,128,128,8192,native,3.500,3.500,256,64,512,0,7.8609,956.1,2.08,ok,0.9880
prescan,ds-id11,128,7168,4096,128,128,16384,native,3.500,3.500,256,64,512,0,7.9114,950.0,2.86,ok,0.9817
prescan,ds-id11,128,7168,4096,128,256,8192,native,3.500,7.000,128,64,512,0,7.6385,984.0,2.48,ok,1.0168
prescan,ds-id11,128,7168,4096,128,256,16384,native,3.500,7.000,128,64,512,0,7.5920,990.0,1.25,ok,1.0230
prescan,ds-id11,128,7168,4096,128,512,8192,native,3.500,14.000,64,64,512,0,8.2595,910.0,1.38,ok,0.9403
prescan,ds-id11,128,7168,4096,128,512,16384,native,3.500,14.000,64,64,512,0,8.2429,911.8,1.49,ok,0.9422
prescan,ds-id11,128,7168,4096,128,1024,8192,native,3.500,28.000,32,64,512,0,8.8031,853.8,1.45,ok,0.8823
prescan,ds-id11,128,7168,4096,128,1024,16384,native,3.500,28.000,32,64,512,0,9.0500,830.5,6.33,ok,0.8582
prescan,ds-id11,128,7168,4096,128,2048,256,native,0.125,2.000,448,1792,14336,0,8.0702,931.4,6.67,ok,0.9624
prescan,ds-id11,128,7168,4096,128,2048,512,native,0.250,4.000,224,896,7168,0,7.6721,979.7,0.03,ok,1.0123
prescan,ds-id11,128,7168,4096,128,2048,1024,native,0.500,8.000,112,448,3584,0,7.3627,1020.9,0.61,ok,1.0549
prescan,ds-id11,128,7168,4096,128,2048,2048,native,1.000,16.000,64,256,2048,0,7.7782,966.3,0.10,ok,0.9985
prescan,ds-id11,128,7168,4096,128,2048,4096,native,2.000,32.000,32,128,1024,0,8.5463,879.5,1.78,ok,0.9088
prescan,ds-id11,128,7168,4096,128,2048,8192,native,3.500,56.000,16,64,512,0,9.0771,828.0,1.25,ok,0.8556
prescan,ds-id11,128,7168,4096,128,2048,16384,native,3.500,56.000,16,64,512,0,9.0785,827.9,0.57,ok,0.8555
prescan,ds-id11,128,7168,4096,128,4096,256,native,0.125,4.000,224,1792,14336,0,7.9050,950.8,4.64,ok,0.9825
prescan,ds-id11,128,7168,4096,128,4096,512,native,0.250,8.000,112,896,7168,0,7.8486,957.6,0.33,ok,0.9895
prescan,ds-id11,128,7168,4096,128,4096,1024,native,0.500,16.000,56,448,3584,0,8.0353,935.4,0.92,ok,0.9666
prescan,ds-id11,128,7168,4096,128,4096,2048,native,1.000,32.000,32,256,2048,0,8.4561,888.8,2.24,ok,0.9185
prescan,ds-id11,128,7168,4096,128,4096,4096,native,2.000,64.000,16,128,1024,0,8.8849,846.0,2.10,ok,0.8741
prescan,ds-id11,128,7168,4096,128,4096,8192,native,3.500,112.000,8,64,512,0,9.1347,822.8,2.45,ok,0.8502
prescan,ds-id11,128,7168,4096,128,4096,16384,native,3.500,112.000,8,64,512,0,9.1862,818.2,3.08,ok,0.8455
prescan,ds-id11,128,7168,4096,16,256,2048,native,0.125,2.000,512,256,2048,0,7.7666,967.8,4.50,ok,1.0000
final,ds-id11,128,7168,4096,32,256,8192,native,0.875,7.000,128,64,512,20,7.3029,1029.2,0.91,ok,1.0343
final,ds-id11,128,7168,4096,32,256,16384,native,0.875,7.000,128,64,512,20,7.3350,1024.7,1.68,ok,1.0298
final,ds-id11,128,7168,4096,64,256,8192,native,1.750,7.000,128,64,512,20,7.3811,1018.3,1.26,ok,1.0234
final,ds-id11,128,7168,4096,128,2048,1024,native,0.500,8.000,112,448,3584,21,7.2142,1041.9,0.93,ok,1.0470
final,ds-id11,128,7168,4096,16,256,8192,native,0.438,7.000,128,64,512,20,7.3615,1021.0,1.30,ok,1.0261
final,ds-id11,128,7168,4096,16,256,16384,native,0.438,7.000,128,64,512,20,7.2966,1030.1,1.51,ok,1.0352
final,ds-id11,128,7168,4096,64,256,16384,native,1.750,7.000,128,64,512,20,7.4468,1009.3,1.31,ok,1.0143
final,ds-id11,128,7168,4096,16,4096,256,native,0.016,4.000,224,1792,14336,19,7.6798,978.7,7.69,ok,0.9835
final,ds-id11,128,7168,4096,16,256,2048,native,0.125,2.000,512,256,2048,20,7.5535,995.1,0.52,ok,1.0000
prescan,ds-id12,128,2048,7168,16,64,8192,native,0.125,0.500,896,112,896,0,4.6676,805.1,0.68,ok,0.8135
prescan,ds-id12,128,2048,7168,16,64,16384,native,0.125,0.500,896,112,896,0,4.6588,806.7,0.48,ok,0.8150
prescan,ds-id12,128,2048,7168,16,128,8192,native,0.125,1.000,448,112,896,0,4.1036,915.8,1.43,ok,0.9253
prescan,ds-id12,128,2048,7168,16,128,16384,native,0.125,1.000,448,112,896,0,4.1215,911.8,0.26,ok,0.9213
prescan,ds-id12,128,2048,7168,16,256,8192,native,0.125,2.000,224,112,896,0,3.7692,997.1,0.36,ok,1.0074
prescan,ds-id12,128,2048,7168,16,256,16384,native,0.125,2.000,224,112,896,0,3.7715,996.4,0.67,ok,1.0068
prescan,ds-id12,128,2048,7168,16,512,8192,native,0.125,4.000,112,112,896,0,3.4613,1085.7,0.25,ok,1.0970
prescan,ds-id12,128,2048,7168,16,512,16384,native,0.125,4.000,112,112,896,0,3.4710,1082.7,0.39,ok,1.0939
prescan,ds-id12,128,2048,7168,16,1024,8192,native,0.125,8.000,56,112,896,0,3.5754,1051.1,1.27,ok,1.0620
prescan,ds-id12,128,2048,7168,16,1024,16384,native,0.125,8.000,56,112,896,0,3.5889,1047.1,1.05,ok,1.0580
prescan,ds-id12,128,2048,7168,16,2048,256,native,0.016,2.000,256,896,7168,0,3.6449,1031.1,0.16,ok,1.0417
prescan,ds-id12,128,2048,7168,16,2048,512,native,0.031,4.000,128,448,3584,0,3.5246,1066.2,0.46,ok,1.0773
prescan,ds-id12,128,2048,7168,16,2048,1024,native,0.062,8.000,64,224,1792,0,3.6261,1036.4,0.15,ok,1.0472
prescan,ds-id12,128,2048,7168,16,2048,2048,native,0.125,16.000,32,112,896,0,5.9388,632.8,5.23,ok,0.6394
prescan,ds-id12,128,2048,7168,16,2048,4096,native,0.125,16.000,32,112,896,0,6.3927,587.9,8.05,ok,0.5940
prescan,ds-id12,128,2048,7168,16,2048,8192,native,0.125,16.000,32,112,896,0,6.9481,540.9,14.21,ok,0.5465
prescan,ds-id12,128,2048,7168,16,2048,16384,native,0.125,16.000,32,112,896,0,6.8012,552.6,13.02,ok,0.5583
prescan,ds-id12,128,2048,7168,16,4096,256,native,0.016,4.000,128,896,7168,0,3.7953,990.2,4.36,ok,1.0005
prescan,ds-id12,128,2048,7168,16,4096,512,native,0.031,8.000,64,448,3584,0,3.8265,982.1,5.75,ok,0.9923
prescan,ds-id12,128,2048,7168,16,4096,1024,native,0.062,16.000,32,224,1792,0,5.9076,636.1,4.66,ok,0.6427
prescan,ds-id12,128,2048,7168,16,4096,2048,native,0.125,32.000,16,112,896,0,8.3543,449.8,3.01,ok,0.4545
prescan,ds-id12,128,2048,7168,16,4096,4096,native,0.125,32.000,16,112,896,0,9.5809,392.2,3.57,ok,0.3963
prescan,ds-id12,128,2048,7168,16,4096,8192,native,0.125,32.000,16,112,896,0,9.4206,398.9,6.83,ok,0.4031
prescan,ds-id12,128,2048,7168,16,4096,16384,native,0.125,32.000,16,112,896,0,8.5096,441.6,15.37,ok,0.4462
prescan,ds-id12,128,2048,7168,32,64,8192,native,0.250,0.500,896,112,896,0,4.5005,835.0,0.51,ok,0.8437
prescan,ds-id12,128,2048,7168,32,64,16384,native,0.250,0.500,896,112,896,0,4.5039,834.4,0.06,ok,0.8430
prescan,ds-id12,128,2048,7168,32,128,8192,native,0.250,1.000,448,112,896,0,3.9113,960.8,0.51,ok,0.9708
prescan,ds-id12,128,2048,7168,32,128,16384,native,0.250,1.000,448,112,896,0,3.9184,959.1,0.25,ok,0.9690
prescan,ds-id12,128,2048,7168,32,256,8192,native,0.250,2.000,224,112,896,0,3.6668,1024.9,0.51,ok,1.0355
prescan,ds-id12,128,2048,7168,32,256,16384,native,0.250,2.000,224,112,896,0,3.6760,1022.3,0.50,ok,1.0329
prescan,ds-id12,128,2048,7168,32,512,8192,native,0.250,4.000,112,112,896,0,3.3625,1117.6,0.68,ok,1.1292
prescan,ds-id12,128,2048,7168,32,512,16384,native,0.250,4.000,112,112,896,0,3.4116,1101.6,3.36,ok,1.1130
prescan,ds-id12,128,2048,7168,32,1024,8192,native,0.250,8.000,56,112,896,0,3.5785,1050.2,0.71,ok,1.0611
prescan,ds-id12,128,2048,7168,32,1024,16384,native,0.250,8.000,56,112,896,0,3.5727,1051.9,0.51,ok,1.0628
prescan,ds-id12,128,2048,7168,32,2048,256,native,0.031,2.000,256,896,7168,0,3.6371,1033.3,0.44,ok,1.0440
prescan,ds-id12,128,2048,7168,32,2048,512,native,0.062,4.000,128,448,3584,0,3.5003,1073.7,0.03,ok,1.0848
prescan,ds-id12,128,2048,7168,32,2048,1024,native,0.125,8.000,64,224,1792,0,3.6364,1033.5,0.40,ok,1.0442
prescan,ds-id12,128,2048,7168,32,2048,2048,native,0.250,16.000,32,112,896,0,4.9147,764.7,1.93,ok,0.7726
prescan,ds-id12,128,2048,7168,32,2048,4096,native,0.250,16.000,32,112,896,0,5.0572,743.1,2.66,ok,0.7508
prescan,ds-id12,128,2048,7168,32,2048,8192,native,0.250,16.000,32,112,896,0,5.0915,738.1,1.47,ok,0.7458
prescan,ds-id12,128,2048,7168,32,2048,16384,native,0.250,16.000,32,112,896,0,5.2769,712.2,4.06,ok,0.7196
prescan,ds-id12,128,2048,7168,32,4096,256,native,0.031,4.000,128,896,7168,0,3.6110,1040.7,0.39,ok,1.0515
prescan,ds-id12,128,2048,7168,32,4096,512,native,0.062,8.000,64,448,3584,0,3.7239,1009.2,1.32,ok,1.0197
prescan,ds-id12,128,2048,7168,32,4096,1024,native,0.125,16.000,32,224,1792,0,4.8645,772.6,1.84,ok,0.7806
prescan,ds-id12,128,2048,7168,32,4096,2048,native,0.250,32.000,16,112,896,0,6.0294,623.3,0.39,ok,0.6298
prescan,ds-id12,128,2048,7168,32,4096,4096,native,0.250,32.000,16,112,896,0,6.3714,589.8,0.73,ok,0.5959
prescan,ds-id12,128,2048,7168,32,4096,8192,native,0.250,32.000,16,112,896,0,7.1171,528.0,1.26,ok,0.5335
prescan,ds-id12,128,2048,7168,32,4096,16384,native,0.250,32.000,16,112,896,0,7.1096,528.6,1.38,ok,0.5341
prescan,ds-id12,128,2048,7168,64,64,8192,native,0.500,0.500,896,112,896,0,4.9952,752.3,2.41,ok,0.7601
prescan,ds-id12,128,2048,7168,64,64,16384,native,0.500,0.500,896,112,896,0,4.7475,791.6,0.10,ok,0.7998
prescan,ds-id12,128,2048,7168,64,128,8192,native,0.500,1.000,448,112,896,0,3.8363,979.6,0.06,ok,0.9898
prescan,ds-id12,128,2048,7168,64,128,16384,native,0.500,1.000,448,112,896,0,3.8430,977.9,0.63,ok,0.9880
prescan,ds-id12,128,2048,7168,64,256,8192,native,0.500,2.000,224,112,896,0,3.5591,1055.9,0.16,ok,1.0668
prescan,ds-id12,128,2048,7168,64,256,16384,native,0.500,2.000,224,112,896,0,3.6075,1041.7,2.05,ok,1.0525
prescan,ds-id12,128,2048,7168,64,512,8192,native,0.500,4.000,112,112,896,0,3.4744,1081.7,0.04,ok,1.0929
prescan,ds-id12,128,2048,7168,64,512,16384,native,0.500,4.000,112,112,896,0,3.4700,1083.0,0.28,ok,1.0942
prescan,ds-id12,128,2048,7168,64,1024,8192,native,0.500,8.000,56,112,896,0,3.6105,1040.9,0.79,ok,1.0517
prescan,ds-id12,128,2048,7168,64,1024,16384,native,0.500,8.000,56,112,896,0,3.5473,1059.4,3.01,ok,1.0704
prescan,ds-id12,128,2048,7168,64,2048,256,native,0.062,2.000,256,896,7168,0,3.6364,1033.5,2.78,ok,1.0442
prescan,ds-id12,128,2048,7168,64,2048,512,native,0.125,4.000,128,448,3584,0,3.4707,1082.8,1.52,ok,1.0940
prescan,ds-id12,128,2048,7168,64,2048,1024,native,0.250,8.000,64,224,1792,0,3.6204,1038.0,2.99,ok,1.0488
prescan,ds-id12,128,2048,7168,64,2048,2048,native,0.500,16.000,32,112,896,0,4.3338,867.2,3.99,ok,0.8762
prescan,ds-id12,128,2048,7168,64,2048,4096,native,0.500,16.000,32,112,896,0,4.4450,845.5,4.97,ok,0.8542
prescan,ds-id12,128,2048,7168,64,2048,8192,native,0.500,16.000,32,112,896,0,4.4186,850.5,3.63,ok,0.8593
prescan,ds-id12,128,2048,7168,64,2048,16384,native,0.500,16.000,32,112,896,0,4.4570,843.2,1.20,ok,0.8519
prescan,ds-id12,128,2048,7168,64,4096,256,native,0.062,4.000,128,896,7168,0,3.6327,1034.5,3.31,ok,1.0452
prescan,ds-id12,128,2048,7168,64,4096,512,native,0.125,8.000,64,448,3584,0,3.6872,1019.2,1.90,ok,1.0298
prescan,ds-id12,128,2048,7168,64,4096,1024,native,0.250,16.000,32,224,1792,0,4.3445,865.0,4.33,ok,0.8740
prescan,ds-id12,128,2048,7168,64,4096,2048,native,0.500,32.000,16,112,896,0,4.7290,794.7,3.17,ok,0.8029
prescan,ds-id12,128,2048,7168,64,4096,4096,native,0.500,32.000,16,112,896,0,4.9687,756.4,4.79,ok,0.7642
prescan,ds-id12,128,2048,7168,64,4096,8192,native,0.500,32.000,16,112,896,0,4.9256,763.0,8.25,ok,0.7709
prescan,ds-id12,128,2048,7168,64,4096,16384,native,0.500,32.000,16,112,896,0,5.1689,727.1,1.99,ok,0.7346
prescan,ds-id12,128,2048,7168,128,64,8192,native,1.000,0.500,896,112,896,0,4.7698,787.9,1.34,ok,0.7961
prescan,ds-id12,128,2048,7168,128,64,16384,native,1.000,0.500,896,112,896,0,4.6045,816.2,0.50,ok,0.8246
prescan,ds-id12,128,2048,7168,128,128,8192,native,1.000,1.000,448,112,896,0,3.9383,954.3,2.71,ok,0.9641
prescan,ds-id12,128,2048,7168,128,128,16384,native,1.000,1.000,448,112,896,0,3.9419,953.4,2.53,ok,0.9633
prescan,ds-id12,128,2048,7168,128,256,8192,native,1.000,2.000,224,112,896,0,3.6487,1030.0,2.94,ok,1.0407
prescan,ds-id12,128,2048,7168,128,256,16384,native,1.000,2.000,224,112,896,0,3.6335,1034.3,3.15,ok,1.0450
prescan,ds-id12,128,2048,7168,128,512,8192,native,1.000,4.000,112,112,896,0,3.4890,1077.1,0.41,ok,1.0883
prescan,ds-id12,128,2048,7168,128,512,16384,native,1.000,4.000,112,112,896,0,3.4898,1076.9,0.35,ok,1.0880
prescan,ds-id12,128,2048,7168,128,1024,8192,native,1.000,8.000,56,112,896,0,3.7077,1013.6,0.84,ok,1.0241
prescan,ds-id12,128,2048,7168,128,1024,16384,native,1.000,8.000,56,112,896,0,3.7032,1014.8,0.93,ok,1.0254
prescan,ds-id12,128,2048,7168,128,2048,256,native,0.125,2.000,256,896,7168,0,3.7966,989.9,0.12,ok,1.0001
prescan,ds-id12,128,2048,7168,128,2048,512,native,0.250,4.000,128,448,3584,0,3.6607,1026.6,0.09,ok,1.0372
prescan,ds-id12,128,2048,7168,128,2048,1024,native,0.500,8.000,64,224,1792,0,3.7477,1002.8,0.46,ok,1.0132
prescan,ds-id12,128,2048,7168,128,2048,2048,native,1.000,16.000,32,112,896,0,4.0898,918.9,2.10,ok,0.9284
prescan,ds-id12,128,2048,7168,128,2048,4096,native,1.000,16.000,32,112,896,0,4.0937,918.0,2.14,ok,0.9275
prescan,ds-id12,128,2048,7168,128,2048,8192,native,1.000,16.000,32,112,896,0,4.1450,906.6,2.30,ok,0.9160
prescan,ds-id12,128,2048,7168,128,2048,16384,native,1.000,16.000,32,112,896,0,4.1756,900.0,0.35,ok,0.9093
prescan,ds-id12,128,2048,7168,128,4096,256,native,0.125,4.000,128,896,7168,0,3.7746,995.6,0.54,ok,1.0059
prescan,ds-id12,128,2048,7168,128,4096,512,native,0.250,8.000,64,448,3584,0,3.8363,979.6,1.29,ok,0.9898
prescan,ds-id12,128,2048,7168,128,4096,1024,native,0.500,16.000,32,224,1792,0,4.0786,921.4,0.98,ok,0.9310
prescan,ds-id12,128,2048,7168,128,4096,2048,native,1.000,32.000,16,112,896,0,4.1738,900.4,1.96,ok,0.9097
prescan,ds-id12,128,2048,7168,128,4096,4096,native,1.000,32.000,16,112,896,0,4.2976,874.5,1.73,ok,0.8835
prescan,ds-id12,128,2048,7168,128,4096,8192,native,1.000,32.000,16,112,896,0,4.2921,875.6,1.61,ok,0.8847
prescan,ds-id12,128,2048,7168,128,4096,16384,native,1.000,32.000,16,112,896,0,4.2901,876.0,1.18,ok,0.8851
prescan,ds-id12,128,2048,7168,16,256,2048,native,0.125,2.000,224,112,896,0,3.7970,989.7,0.04,ok,1.0000
final,ds-id12,128,2048,7168,32,512,8192,native,0.250,4.000,112,112,896,43,3.4482,1089.9,0.10,ok,1.0952
final,ds-id12,128,2048,7168,32,512,16384,native,0.250,4.000,112,112,896,43,3.4492,1089.6,0.38,ok,1.0949
final,ds-id12,128,2048,7168,16,512,8192,native,0.125,4.000,112,112,896,43,3.4597,1086.2,0.08,ok,1.0915
final,ds-id12,128,2048,7168,64,512,16384,native,0.500,4.000,112,112,896,44,3.4620,1085.5,0.11,ok,1.0908
final,ds-id12,128,2048,7168,64,2048,512,native,0.125,4.000,128,448,3584,41,3.4800,1079.9,0.54,ok,1.0852
final,ds-id12,128,2048,7168,16,512,16384,native,0.125,4.000,112,112,896,43,3.4606,1086.0,0.08,ok,1.0913
final,ds-id12,128,2048,7168,64,512,8192,native,0.500,4.000,112,112,896,43,3.4651,1084.6,0.11,ok,1.0899
final,ds-id12,128,2048,7168,128,512,8192,native,1.000,4.000,112,112,896,42,3.5003,1073.7,0.48,ok,1.0789
final,ds-id12,128,2048,7168,16,256,2048,native,0.125,2.000,224,112,896,38,3.7764,995.1,1.78,ok,1.0000
prescan,ds-id13,4096,7168,2112,16,64,8192,native,0.438,1.750,8448,33,8448,0,148.2774,836.4,0.84,ok,0.7005
prescan,ds-id13,4096,7168,2112,16,64,16384,native,0.438,1.750,8448,33,8448,0,148.3650,835.9,0.63,ok,0.7001
prescan,ds-id13,4096,7168,2112,16,128,8192,native,0.438,3.500,4352,33,8448,0,110.1494,1125.9,0.74,ok,0.9430
prescan,ds-id13,4096,7168,2112,16,128,16384,native,0.438,3.500,4352,33,8448,0,110.3860,1123.5,1.30,ok,0.9410
prescan,ds-id13,4096,7168,2112,16,256,8192,native,0.438,7.000,2304,33,8448,0,91.5680,1354.4,0.66,ok,1.1344
prescan,ds-id13,4096,7168,2112,16,256,16384,native,0.438,7.000,2304,33,8448,0,91.2227,1359.5,0.79,ok,1.1387
prescan,ds-id13,4096,7168,2112,16,512,8192,native,0.438,14.000,1280,33,8448,0,132.2314,937.9,0.77,ok,0.7855
prescan,ds-id13,4096,7168,2112,16,512,16384,native,0.438,14.000,1280,33,8448,0,132.4316,936.5,0.64,ok,0.7843
prescan,ds-id13,4096,7168,2112,16,1024,8192,native,0.438,28.000,768,33,8448,0,220.4065,562.7,0.16,ok,0.4713
prescan,ds-id13,4096,7168,2112,16,1024,16384,native,0.438,28.000,768,33,8448,0,216.9947,571.5,0.48,ok,0.4787
prescan,ds-id13,4096,7168,2112,16,2048,256,native,0.016,2.000,14336,924,236544,0,101.1022,1226.7,0.06,ok,1.0274
prescan,ds-id13,4096,7168,2112,16,2048,512,native,0.031,4.000,7168,462,118272,0,89.6241,1383.7,1.73,ok,1.1590
prescan,ds-id13,4096,7168,2112,16,2048,1024,native,0.062,8.000,3584,231,59136,0,99.6759,1244.2,2.47,ok,1.0421
prescan,ds-id13,4096,7168,2112,16,2048,2048,native,0.125,16.000,2048,132,33792,0,157.9725,785.1,2.91,ok,0.6575
prescan,ds-id13,4096,7168,2112,16,2048,4096,native,0.250,32.000,1024,66,16896,0,233.7206,530.6,4.49,ok,0.4444
prescan,ds-id13,4096,7168,2112,16,2048,8192,native,0.438,56.000,512,33,8448,0,221.4574,560.0,0.00,ok,0.4690
prescan,ds-id13,4096,7168,2112,16,2048,16384,native,0.438,56.000,512,33,8448,0,221.8525,559.0,0.63,ok,0.4682
prescan,ds-id13,4096,7168,2112,16,4096,256,native,0.016,2.062,7168,924,236544,0,101.4926,1221.9,0.56,ok,1.0234
prescan,ds-id13,4096,7168,2112,16,4096,512,native,0.031,4.125,3584,462,118272,0,89.1223,1391.5,0.34,ok,1.1655
prescan,ds-id13,4096,7168,2112,16,4096,1024,native,0.062,8.250,1792,231,59136,0,95.4300,1299.6,0.29,ok,1.0885
prescan,ds-id13,4096,7168,2112,16,4096,2048,native,0.125,16.500,1024,132,33792,0,170.4419,727.6,4.12,ok,0.6094
prescan,ds-id13,4096,7168,2112,16,4096,4096,native,0.250,33.000,512,66,16896,0,222.3909,557.7,0.59,ok,0.4671
prescan,ds-id13,4096,7168,2112,16,4096,8192,native,0.438,57.750,256,33,8448,0,221.4899,559.9,0.75,ok,0.4690
prescan,ds-id13,4096,7168,2112,16,4096,16384,native,0.438,57.750,256,33,8448,0,222.5122,557.3,1.25,ok,0.4668
prescan,ds-id13,4096,7168,2112,32,64,8192,native,0.875,1.750,8448,33,8448,0,150.3371,824.9,0.79,ok,0.6909
prescan,ds-id13,4096,7168,2112,32,64,16384,native,0.875,1.750,8448,33,8448,0,147.9870,838.0,1.39,ok,0.7019
prescan,ds-id13,4096,7168,2112,32,128,8192,native,0.875,3.500,4352,33,8448,0,110.4617,1122.7,0.00,ok,0.9403
prescan,ds-id13,4096,7168,2112,32,128,16384,native,0.875,3.500,4352,33,8448,0,113.4683,1093.0,0.74,ok,0.9154
prescan,ds-id13,4096,7168,2112,32,256,8192,native,0.875,7.000,2304,33,8448,0,97.6904,1269.5,0.95,ok,1.0633
prescan,ds-id13,4096,7168,2112,32,256,16384,native,0.875,7.000,2304,33,8448,0,99.2651,1249.4,2.18,ok,1.0464
prescan,ds-id13,4096,7168,2112,32,512,8192,native,0.875,14.000,1280,33,8448,0,117.8501,1052.3,1.80,ok,0.8814
prescan,ds-id13,4096,7168,2112,32,512,16384,native,0.875,14.000,1280,33,8448,0,116.0489,1068.7,1.40,ok,0.8951
prescan,ds-id13,4096,7168,2112,32,1024,8192,native,0.875,28.000,768,33,8448,0,221.1196,560.9,0.07,ok,0.4698
prescan,ds-id13,4096,7168,2112,32,1024,16384,native,0.875,28.000,768,33,8448,0,162.1544,764.8,0.51,ok,0.6406
prescan,ds-id13,4096,7168,2112,32,2048,256,native,0.031,2.000,14336,924,236544,0,103.2466,1201.2,0.10,ok,1.0061
prescan,ds-id13,4096,7168,2112,32,2048,512,native,0.062,4.000,7168,462,118272,0,90.1948,1375.0,0.14,ok,1.1516
prescan,ds-id13,4096,7168,2112,32,2048,1024,native,0.125,8.000,3584,231,59136,0,89.8600,1380.1,1.17,ok,1.1559
prescan,ds-id13,4096,7168,2112,32,2048,2048,native,0.250,16.000,2048,132,33792,0,118.9146,1042.9,0.35,ok,0.8735
prescan,ds-id13,4096,7168,2112,32,2048,4096,native,0.500,32.000,1024,66,16896,0,187.3163,662.1,0.22,ok,0.5545
prescan,ds-id13,4096,7168,2112,32,2048,8192,native,0.875,56.000,512,33,8448,0,161.4278,768.3,0.83,ok,0.6435
prescan,ds-id13,4096,7168,2112,32,2048,16384,native,0.875,56.000,512,33,8448,0,160.5487,772.5,0.58,ok,0.6470
prescan,ds-id13,4096,7168,2112,32,4096,256,native,0.031,2.062,7168,924,236544,0,100.8733,1229.4,0.28,ok,1.0297
prescan,ds-id13,4096,7168,2112,32,4096,512,native,0.062,4.125,3584,462,118272,0,87.0366,1424.9,0.34,ok,1.1934
prescan,ds-id13,4096,7168,2112,32,4096,1024,native,0.125,8.250,1792,231,59136,0,88.6998,1398.2,0.85,ok,1.1711
prescan,ds-id13,4096,7168,2112,32,4096,2048,native,0.250,16.500,1024,132,33792,0,121.3775,1021.7,1.33,ok,0.8558
prescan,ds-id13,4096,7168,2112,32,4096,4096,native,0.500,33.000,512,66,16896,0,163.7864,757.2,0.93,ok,0.6342
prescan,ds-id13,4096,7168,2112,32,4096,8192,native,0.875,57.750,256,33,8448,0,162.6754,762.4,0.02,ok,0.6385
prescan,ds-id13,4096,7168,2112,32,4096,16384,native,0.875,57.750,256,33,8448,0,161.8290,766.3,0.12,ok,0.6419
prescan,ds-id13,4096,7168,2112,64,64,8192,native,1.750,1.750,8448,33,8448,0,144.4057,858.8,0.33,ok,0.7193
prescan,ds-id13,4096,7168,2112,64,64,16384,native,1.750,1.750,8448,33,8448,0,144.3348,859.2,1.20,ok,0.7197
prescan,ds-id13,4096,7168,2112,64,128,8192,native,1.750,3.500,4352,33,8448,0,108.3722,1144.4,0.34,ok,0.9585
prescan,ds-id13,4096,7168,2112,64,128,16384,native,1.750,3.500,4352,33,8448,0,108.1511,1146.7,0.27,ok,0.9604
prescan,ds-id13,4096,7168,2112,64,256,8192,native,1.750,7.000,2304,33,8448,0,93.8409,1321.6,0.99,ok,1.1069
prescan,ds-id13,4096,7168,2112,64,256,16384,native,1.750,7.000,2304,33,8448,0,95.9257,1292.8,3.67,ok,1.0828
prescan,ds-id13,4096,7168,2112,64,512,8192,native,1.750,14.000,1280,33,8448,0,106.9797,1159.3,0.88,ok,0.9710
prescan,ds-id13,4096,7168,2112,64,512,16384,native,1.750,14.000,1280,33,8448,0,106.8307,1160.9,0.11,ok,0.9723
prescan,ds-id13,4096,7168,2112,64,1024,8192,native,1.750,28.000,768,33,8448,0,114.9232,1079.1,1.10,ok,0.9038
prescan,ds-id13,4096,7168,2112,64,1024,16384,native,1.750,28.000,768,33,8448,0,115.6622,1072.2,0.26,ok,0.8981
prescan,ds-id13,4096,7168,2112,64,2048,256,native,0.062,2.000,14336,924,236544,0,111.9145,1108.1,0.22,ok,0.9281
prescan,ds-id13,4096,7168,2112,64,2048,512,native,0.125,4.000,7168,462,118272,0,98.1907,1263.0,0.26,ok,1.0579
prescan,ds-id13,4096,7168,2112,64,2048,1024,native,0.250,8.000,3584,231,59136,0,93.7735,1322.5,0.53,ok,1.1077
prescan,ds-id13,4096,7168,2112,64,2048,2048,native,0.500,16.000,2048,132,33792,0,105.0485,1180.6,0.03,ok,0.9888
prescan,ds-id13,4096,7168,2112,64,2048,4096,native,1.000,32.000,1024,66,16896,0,115.3051,1075.6,0.17,ok,0.9008
prescan,ds-id13,4096,7168,2112,64,2048,8192,native,1.750,56.000,512,33,8448,0,112.6585,1100.8,0.39,ok,0.9220
prescan,ds-id13,4096,7168,2112,64,2048,16384,native,1.750,56.000,512,33,8448,0,110.5860,1121.5,3.61,ok,0.9393
prescan,ds-id13,4096,7168,2112,64,4096,256,native,0.062,2.062,7168,924,236544,0,107.1656,1157.2,3.44,ok,0.9693
prescan,ds-id13,4096,7168,2112,64,4096,512,native,0.125,4.125,3584,462,118272,0,91.2346,1359.3,6.86,ok,1.1385
prescan,ds-id13,4096,7168,2112,64,4096,1024,native,0.250,8.250,1792,231,59136,0,85.1117,1457.1,10.83,ok,1.2204
prescan,ds-id13,4096,7168,2112,64,4096,2048,native,0.500,16.500,1024,132,33792,0,102.7247,1207.3,3.12,ok,1.0112
prescan,ds-id13,4096,7168,2112,64,4096,4096,native,1.000,33.000,512,66,16896,0,112.0899,1106.4,3.10,ok,0.9267
prescan,ds-id13,4096,7168,2112,64,4096,8192,native,1.750,57.750,256,33,8448,0,109.8644,1128.8,2.42,ok,0.9455
prescan,ds-id13,4096,7168,2112,64,4096,16384,native,1.750,57.750,256,33,8448,0,109.9811,1127.6,2.56,ok,0.9445
prescan,ds-id13,4096,7168,2112,128,64,8192,native,3.500,1.750,8448,33,8448,0,145.9130,849.9,0.19,ok,0.7119
prescan,ds-id13,4096,7168,2112,128,64,16384,native,3.500,1.750,8448,33,8448,0,146.0431,849.2,0.26,ok,0.7112
prescan,ds-id13,4096,7168,2112,128,128,8192,native,3.500,3.500,4352,33,8448,0,111.2694,1114.6,1.13,ok,0.9335
prescan,ds-id13,4096,7168,2112,128,128,16384,native,3.500,3.500,4352,33,8448,0,112.7304,1100.1,1.42,ok,0.9214
prescan,ds-id13,4096,7168,2112,128,256,8192,native,3.500,7.000,2304,33,8448,0,97.9420,1266.2,1.04,ok,1.0606
prescan,ds-id13,4096,7168,2112,128,256,16384,native,3.500,7.000,2304,33,8448,0,97.9539,1266.1,1.10,ok,1.0604
prescan,ds-id13,4096,7168,2112,128,512,8192,native,3.500,14.000,1280,33,8448,0,101.4775,1222.1,1.51,ok,1.0236
prescan,ds-id13,4096,7168,2112,128,512,16384,native,3.500,14.000,1280,33,8448,0,100.7276,1231.2,1.45,ok,1.0312
prescan,ds-id13,4096,7168,2112,128,1024,8192,native,3.500,28.000,768,33,8448,0,98.3454,1261.0,0.04,ok,1.0562
prescan,ds-id13,4096,7168,2112,128,1024,16384,native,3.500,28.000,768,33,8448,0,98.2512,1262.2,0.29,ok,1.0572
prescan,ds-id13,4096,7168,2112,128,2048,256,native,0.125,2.000,14336,924,236544,0,108.4297,1143.8,0.03,ok,0.9580
prescan,ds-id13,4096,7168,2112,128,2048,512,native,0.250,4.000,7168,462,118272,0,97.1121,1277.1,0.28,ok,1.0696
prescan,ds-id13,4096,7168,2112,128,2048,1024,native,0.500,8.000,3584,231,59136,0,91.2170,1359.6,0.89,ok,1.1387
prescan,ds-id13,4096,7168,2112,128,2048,2048,native,1.000,16.000,2048,132,33792,0,97.1060,1277.1,0.22,ok,1.0697
prescan,ds-id13,4096,7168,2112,128,2048,4096,native,2.000,32.000,1024,66,16896,0,97.0293,1278.1,0.30,ok,1.0705
prescan,ds-id13,4096,7168,2112,128,2048,8192,native,3.500,56.000,512,33,8448,0,95.5647,1297.7,0.20,ok,1.0869
prescan,ds-id13,4096,7168,2112,128,2048,16384,native,3.500,56.000,512,33,8448,0,95.6242,1296.9,0.05,ok,1.0863
prescan,ds-id13,4096,7168,2112,128,4096,256,native,0.125,2.062,7168,924,236544,0,104.1471,1190.8,0.43,ok,0.9974
prescan,ds-id13,4096,7168,2112,128,4096,512,native,0.250,4.125,3584,462,118272,0,93.7931,1322.2,0.47,ok,1.1075
prescan,ds-id13,4096,7168,2112,128,4096,1024,native,0.500,8.250,1792,231,59136,0,87.3615,1419.6,1.21,ok,1.1890
prescan,ds-id13,4096,7168,2112,128,4096,2048,native,1.000,16.500,1024,132,33792,0,94.2540,1315.8,0.06,ok,1.1020
prescan,ds-id13,4096,7168,2112,128,4096,4096,native,2.000,33.000,512,66,16896,0,95.2679,1301.8,0.06,ok,1.0903
prescan,ds-id13,4096,7168,2112,128,4096,8192,native,3.500,57.750,256,33,8448,0,93.9438,1320.1,0.14,ok,1.1057
prescan,ds-id13,4096,7168,2112,128,4096,16384,native,3.500,57.750,256,33,8448,0,94.5036,1312.3,1.38,ok,1.0991
prescan,ds-id13,4096,7168,2112,16,256,2048,native,0.125,2.000,9216,132,33792,0,103.8725,1193.9,0.03,ok,1.0000
final,ds-id13,4096,7168,2112,64,4096,1024,native,0.250,8.250,1792,231,59136,1,87.8395,1411.9,2.27,ok,1.1821
final,ds-id13,4096,7168,2112,32,4096,512,native,0.062,4.125,3584,462,118272,1,91.5804,1354.2,0.87,ok,1.1338
final,ds-id13,4096,7168,2112,128,4096,1024,native,0.500,8.250,1792,231,59136,1,86.9569,1426.2,0.44,ok,1.1941
final,ds-id13,4096,7168,2112,32,4096,1024,native,0.125,8.250,1792,231,59136,1,89.1208,1391.6,1.73,ok,1.1651
final,ds-id13,4096,7168,2112,16,4096,512,native,0.031,4.125,3584,462,118272,1,90.2917,1373.5,0.79,ok,1.1500
final,ds-id13,4096,7168,2112,16,2048,512,native,0.031,4.000,7168,462,118272,1,95.7860,1294.7,0.75,ok,1.0840
final,ds-id13,4096,7168,2112,32,2048,1024,native,0.125,8.000,3584,231,59136,1,94.5754,1311.3,0.54,ok,1.0979
final,ds-id13,4096,7168,2112,32,2048,512,native,0.062,4.000,7168,462,118272,1,95.1926,1302.8,0.95,ok,1.0907
final,ds-id13,4096,7168,2112,16,256,2048,native,0.125,2.000,9216,132,33792,1,103.8311,1194.4,0.12,ok,1.0000
prescan,ds-id14,4096,1536,24576,16,64,8192,native,0.094,0.375,98304,384,98304,0,384.8390,803.6,0.37,ok,0.6474
prescan,ds-id14,4096,1536,24576,16,64,16384,native,0.094,0.375,98304,384,98304,0,382.0185,809.5,0.67,ok,0.6522
prescan,ds-id14,4096,1536,24576,16,128,8192,native,0.094,0.750,49152,384,98304,0,292.6839,1056.6,0.23,ok,0.8513
prescan,ds-id14,4096,1536,24576,16,128,16384,native,0.094,0.750,49152,384,98304,0,292.7578,1056.3,0.11,ok,0.8511
prescan,ds-id14,4096,1536,24576,16,256,8192,native,0.094,1.500,24576,384,98304,0,240.6746,1284.9,1.98,ok,1.0353
prescan,ds-id14,4096,1536,24576,16,256,16384,native,0.094,1.500,24576,384,98304,0,250.6892,1233.5,0.69,ok,0.9939
prescan,ds-id14,4096,1536,24576,16,512,8192,native,0.094,3.000,12288,384,98304,0,226.1502,1367.4,1.17,ok,1.1017
prescan,ds-id14,4096,1536,24576,16,512,16384,native,0.094,3.000,12288,384,98304,0,224.7420,1376.0,0.03,ok,1.1086
prescan,ds-id14,4096,1536,24576,16,1024,8192,native,0.094,6.000,6144,384,98304,0,208.3266,1484.4,0.26,ok,1.1960
prescan,ds-id14,4096,1536,24576,16,1024,16384,native,0.094,6.000,6144,384,98304,0,208.0793,1486.2,0.09,ok,1.1974
prescan,ds-id14,4096,1536,24576,16,2048,256,native,0.016,2.000,18432,2304,589824,0,263.4436,1173.8,1.00,ok,0.9458
prescan,ds-id14,4096,1536,24576,16,2048,512,native,0.031,4.000,9216,1152,294912,0,223.9497,1380.8,0.15,ok,1.1126
prescan,ds-id14,4096,1536,24576,16,2048,1024,native,0.062,8.000,6144,768,196608,0,214.4553,1442.0,0.01,ok,1.1618
prescan,ds-id14,4096,1536,24576,16,2048,2048,native,0.094,12.000,3072,384,98304,0,250.0587,1236.7,0.14,ok,0.9964
prescan,ds-id14,4096,1536,24576,16,2048,4096,native,0.094,12.000,3072,384,98304,0,247.4991,1249.4,0.21,ok,1.0067
prescan,ds-id14,4096,1536,24576,16,2048,8192,native,0.094,12.000,3072,384,98304,0,247.6282,1248.8,0.02,ok,1.0062
prescan,ds-id14,4096,1536,24576,16,2048,16384,native,0.094,12.000,3072,384,98304,0,247.6038,1248.9,0.15,ok,1.0063
prescan,ds-id14,4096,1536,24576,16,4096,256,native,0.016,4.000,9216,2304,589824,0,253.5014,1219.9,0.69,ok,0.9829
prescan,ds-id14,4096,1536,24576,16,4096,512,native,0.031,8.000,4608,1152,294912,0,224.3742,1378.2,0.73,ok,1.1105
prescan,ds-id14,4096,1536,24576,16,4096,1024,native,0.062,16.000,3072,768,196608,0,364.3609,848.7,0.29,ok,0.6838
prescan,ds-id14,4096,1536,24576,16,4096,2048,native,0.094,24.000,1536,384,98304,0,542.9541,569.5,0.12,ok,0.4589
prescan,ds-id14,4096,1536,24576,16,4096,4096,native,0.094,24.000,1536,384,98304,0,634.3483,487.5,9.02,ok,0.3928
prescan,ds-id14,4096,1536,24576,16,4096,8192,native,0.094,24.000,1536,384,98304,0,616.0445,502.0,0.75,ok,0.4045
prescan,ds-id14,4096,1536,24576,16,4096,16384,native,0.094,24.000,1536,384,98304,0,615.3625,502.5,1.10,ok,0.4049
prescan,ds-id14,4096,1536,24576,32,64,8192,native,0.188,0.375,98304,384,98304,0,380.0151,813.8,0.48,ok,0.6557
prescan,ds-id14,4096,1536,24576,32,64,16384,native,0.188,0.375,98304,384,98304,0,387.6009,797.8,0.19,ok,0.6428
prescan,ds-id14,4096,1536,24576,32,128,8192,native,0.188,0.750,49152,384,98304,0,301.9058,1024.3,0.35,ok,0.8253
prescan,ds-id14,4096,1536,24576,32,128,16384,native,0.188,0.750,49152,384,98304,0,297.9176,1038.0,0.31,ok,0.8363
prescan,ds-id14,4096,1536,24576,32,256,8192,native,0.188,1.500,24576,384,98304,0,250.0069,1236.9,0.91,ok,0.9966
prescan,ds-id14,4096,1536,24576,32,256,16384,native,0.188,1.500,24576,384,98304,0,247.7208,1248.3,0.65,ok,1.0058
prescan,ds-id14,4096,1536,24576,32,512,8192,native,0.188,3.000,12288,384,98304,0,222.3067,1391.0,0.96,ok,1.1208
prescan,ds-id14,4096,1536,24576,32,512,16384,native,0.188,3.000,12288,384,98304,0,220.4979,1402.5,0.53,ok,1.1300
prescan,ds-id14,4096,1536,24576,32,1024,8192,native,0.188,6.000,6144,384,98304,0,207.9421,1487.1,0.10,ok,1.1982
prescan,ds-id14,4096,1536,24576,32,1024,16384,native,0.188,6.000,6144,384,98304,0,208.0455,1486.4,0.19,ok,1.1976
prescan,ds-id14,4096,1536,24576,32,2048,256,native,0.031,2.000,18432,2304,589824,0,257.3523,1201.6,0.10,ok,0.9682
prescan,ds-id14,4096,1536,24576,32,2048,512,native,0.062,4.000,9216,1152,294912,0,228.5477,1353.1,0.26,ok,1.0902
prescan,ds-id14,4096,1536,24576,32,2048,1024,native,0.125,8.000,6144,768,196608,0,216.6731,1427.2,0.92,ok,1.1499
prescan,ds-id14,4096,1536,24576,32,2048,2048,native,0.188,12.000,3072,384,98304,0,227.4504,1359.6,1.34,ok,1.0954
prescan,ds-id14,4096,1536,24576,32,2048,4096,native,0.188,12.000,3072,384,98304,0,227.4814,1359.4,0.17,ok,1.0953
prescan,ds-id14,4096,1536,24576,32,2048,8192,native,0.188,12.000,3072,384,98304,0,226.3436,1366.2,0.57,ok,1.1008
prescan,ds-id14,4096,1536,24576,32,2048,16384,native,0.188,12.000,3072,384,98304,0,226.2088,1367.0,1.70,ok,1.1015
prescan,ds-id14,4096,1536,24576,32,4096,256,native,0.031,4.000,9216,2304,589824,0,256.5976,1205.1,2.87,ok,0.9710
prescan,ds-id14,4096,1536,24576,32,4096,512,native,0.062,8.000,4608,1152,294912,0,228.3676,1354.1,3.02,ok,1.0910
prescan,ds-id14,4096,1536,24576,32,4096,1024,native,0.125,16.000,3072,768,196608,0,290.3911,1064.9,2.73,ok,0.8580
prescan,ds-id14,4096,1536,24576,32,4096,2048,native,0.188,24.000,1536,384,98304,0,402.1719,768.9,8.79,ok,0.6195
prescan,ds-id14,4096,1536,24576,32,4096,4096,native,0.188,24.000,1536,384,98304,0,408.0206,757.9,3.60,ok,0.6107
prescan,ds-id14,4096,1536,24576,32,4096,8192,native,0.188,24.000,1536,384,98304,0,419.7742,736.7,0.26,ok,0.5936
prescan,ds-id14,4096,1536,24576,32,4096,16384,native,0.188,24.000,1536,384,98304,0,410.8742,752.6,0.96,ok,0.6064
prescan,ds-id14,4096,1536,24576,64,64,8192,native,0.375,0.375,98304,384,98304,0,381.6212,810.3,0.52,ok,0.6529
prescan,ds-id14,4096,1536,24576,64,64,16384,native,0.375,0.375,98304,384,98304,0,390.8445,791.2,4.80,ok,0.6375
prescan,ds-id14,4096,1536,24576,64,128,8192,native,0.375,0.750,49152,384,98304,0,295.8845,1045.1,6.78,ok,0.8421
prescan,ds-id14,4096,1536,24576,64,128,16384,native,0.375,0.750,49152,384,98304,0,300.2100,1030.1,3.10,ok,0.8300
prescan,ds-id14,4096,1536,24576,64,256,8192,native,0.375,1.500,24576,384,98304,0,255.2907,1211.3,4.16,ok,0.9760
prescan,ds-id14,4096,1536,24576,64,256,16384,native,0.375,1.500,24576,384,98304,0,250.3063,1235.4,1.72,ok,0.9954
prescan,ds-id14,4096,1536,24576,64,512,8192,native,0.375,3.000,12288,384,98304,0,225.0823,1373.9,2.05,ok,1.1070
prescan,ds-id14,4096,1536,24576,64,512,16384,native,0.375,3.000,12288,384,98304,0,221.3675,1396.9,0.45,ok,1.1255
prescan,ds-id14,4096,1536,24576,64,1024,8192,native,0.375,6.000,6144,384,98304,0,209.1110,1478.8,1.16,ok,1.1915
prescan,ds-id14,4096,1536,24576,64,1024,16384,native,0.375,6.000,6144,384,98304,0,208.8967,1480.3,1.26,ok,1.1927
prescan,ds-id14,4096,1536,24576,64,2048,256,native,0.062,2.000,18432,2304,589824,0,256.6356,1205.0,0.03,ok,0.9709
prescan,ds-id14,4096,1536,24576,64,2048,512,native,0.125,4.000,9216,1152,294912,0,226.8083,1363.4,2.46,ok,1.0985
prescan,ds-id14,4096,1536,24576,64,2048,1024,native,0.250,8.000,6144,768,196608,0,216.5237,1428.2,0.95,ok,1.1507
prescan,ds-id14,4096,1536,24576,64,2048,2048,native,0.375,12.000,3072,384,98304,0,218.7462,1413.7,1.94,ok,1.1390
prescan,ds-id14,4096,1536,24576,64,2048,4096,native,0.375,12.000,3072,384,98304,0,219.2091,1410.7,2.25,ok,1.1366
prescan,ds-id14,4096,1536,24576,64,2048,8192,native,0.375,12.000,3072,384,98304,0,218.8026,1413.3,1.97,ok,1.1387
prescan,ds-id14,4096,1536,24576,64,2048,16384,native,0.375,12.000,3072,384,98304,0,218.7604,1413.6,2.61,ok,1.1390
prescan,ds-id14,4096,1536,24576,64,4096,256,native,0.062,4.000,9216,2304,589824,0,254.1631,1216.7,1.69,ok,0.9803
prescan,ds-id14,4096,1536,24576,64,4096,512,native,0.125,8.000,4608,1152,294912,0,227.3558,1360.1,2.33,ok,1.0959
prescan,ds-id14,4096,1536,24576,64,4096,1024,native,0.250,16.000,3072,768,196608,0,251.5435,1229.4,0.15,ok,0.9905
prescan,ds-id14,4096,1536,24576,64,4096,2048,native,0.375,24.000,1536,384,98304,0,286.3036,1080.1,1.77,ok,0.8703
prescan,ds-id14,4096,1536,24576,64,4096,4096,native,0.375,24.000,1536,384,98304,0,284.3121,1087.7,2.49,ok,0.8764
prescan,ds-id14,4096,1536,24576,64,4096,8192,native,0.375,24.000,1536,384,98304,0,291.5010,1060.8,2.35,ok,0.8547
prescan,ds-id14,4096,1536,24576,64,4096,16384,native,0.375,24.000,1536,384,98304,0,287.9819,1073.8,5.93,ok,0.8652
prescan,ds-id14,4096,1536,24576,128,64,8192,native,0.750,0.375,98304,384,98304,0,382.8716,807.7,3.42,ok,0.6508
prescan,ds-id14,4096,1536,24576,128,64,16384,native,0.750,0.375,98304,384,98304,0,378.6707,816.6,1.84,ok,0.6580
prescan,ds-id14,4096,1536,24576,128,128,8192,native,0.750,0.750,49152,384,98304,0,291.0805,1062.4,3.18,ok,0.8560
prescan,ds-id14,4096,1536,24576,128,128,16384,native,0.750,0.750,49152,384,98304,0,294.3256,1050.7,3.53,ok,0.8465
prescan,ds-id14,4096,1536,24576,128,256,8192,native,0.750,1.500,24576,384,98304,0,249.0888,1241.5,0.06,ok,1.0003
prescan,ds-id14,4096,1536,24576,128,256,16384,native,0.750,1.500,24576,384,98304,0,247.8617,1247.6,0.77,ok,1.0052
prescan,ds-id14,4096,1536,24576,128,512,8192,native,0.750,3.000,12288,384,98304,0,222.8750,1387.5,0.10,ok,1.1179
prescan,ds-id14,4096,1536,24576,128,512,16384,native,0.750,3.000,12288,384,98304,0,223.1173,1386.0,2.70,ok,1.1167
prescan,ds-id14,4096,1536,24576,128,1024,8192,native,0.750,6.000,6144,384,98304,0,209.6769,1474.8,1.71,ok,1.1883
prescan,ds-id14,4096,1536,24576,128,1024,16384,native,0.750,6.000,6144,384,98304,0,208.6852,1481.8,2.31,ok,1.1939
prescan,ds-id14,4096,1536,24576,128,2048,256,native,0.125,2.000,18432,2304,589824,0,257.5082,1200.9,1.18,ok,0.9676
prescan,ds-id14,4096,1536,24576,128,2048,512,native,0.250,4.000,9216,1152,294912,0,225.4165,1371.8,3.20,ok,1.1053
prescan,ds-id14,4096,1536,24576,128,2048,1024,native,0.500,8.000,6144,768,196608,0,219.8865,1406.4,2.66,ok,1.1331
prescan,ds-id14,4096,1536,24576,128,2048,2048,native,0.750,12.000,3072,384,98304,0,217.2494,1423.4,2.98,ok,1.1469
prescan,ds-id14,4096,1536,24576,128,2048,4096,native,0.750,12.000,3072,384,98304,0,215.4846,1435.1,1.88,ok,1.1563
prescan,ds-id14,4096,1536,24576,128,2048,8192,native,0.750,12.000,3072,384,98304,0,214.1114,1444.3,0.98,ok,1.1637
prescan,ds-id14,4096,1536,24576,128,2048,16384,native,0.750,12.000,3072,384,98304,0,213.9349,1445.5,0.89,ok,1.1647
prescan,ds-id14,4096,1536,24576,128,4096,256,native,0.125,4.000,9216,2304,589824,0,251.7566,1228.3,0.66,ok,0.9897
prescan,ds-id14,4096,1536,24576,128,4096,512,native,0.250,8.000,4608,1152,294912,0,223.2148,1385.4,0.04,ok,1.1162
prescan,ds-id14,4096,1536,24576,128,4096,1024,native,0.500,16.000,3072,768,196608,0,230.7373,1340.2,0.62,ok,1.0798
prescan,ds-id14,4096,1536,24576,128,4096,2048,native,0.750,24.000,1536,384,98304,0,237.6831,1301.1,0.36,ok,1.0483
prescan,ds-id14,4096,1536,24576,128,4096,4096,native,0.750,24.000,1536,384,98304,0,239.0605,1293.6,0.12,ok,1.0422
prescan,ds-id14,4096,1536,24576,128,4096,8192,native,0.750,24.000,1536,384,98304,0,240.3611,1286.6,0.04,ok,1.0366
prescan,ds-id14,4096,1536,24576,128,4096,16384,native,0.750,24.000,1536,384,98304,0,240.5633,1285.5,0.00,ok,1.0357
prescan,ds-id14,4096,1536,24576,16,256,2048,native,0.094,1.500,24576,384,98304,0,249.1595,1241.1,0.14,ok,1.0000
final,ds-id14,4096,1536,24576,32,1024,8192,native,0.188,6.000,6144,384,98304,1,210.3079,1470.4,1.28,ok,1.1727
final,ds-id14,4096,1536,24576,32,1024,16384,native,0.188,6.000,6144,384,98304,1,209.2997,1477.5,0.66,ok,1.1784
final,ds-id14,4096,1536,24576,16,1024,16384,native,0.094,6.000,6144,384,98304,1,209.5457,1475.8,1.60,ok,1.1770
final,ds-id14,4096,1536,24576,16,1024,8192,native,0.094,6.000,6144,384,98304,1,209.7912,1474.0,0.58,ok,1.1756
final,ds-id14,4096,1536,24576,128,1024,16384,native,0.750,6.000,6144,384,98304,1,209.2692,1477.7,0.22,ok,1.1786
final,ds-id14,4096,1536,24576,64,1024,16384,native,0.375,6.000,6144,384,98304,1,208.8654,1480.6,0.14,ok,1.1808
final,ds-id14,4096,1536,24576,64,1024,8192,native,0.375,6.000,6144,384,98304,1,209.4229,1476.6,0.35,ok,1.1777
final,ds-id14,4096,1536,24576,128,1024,8192,native,0.750,6.000,6144,384,98304,1,209.9203,1473.1,0.54,ok,1.1749
final,ds-id14,4096,1536,24576,128,2048,16384,native,0.750,12.000,3072,384,98304,1,214.9544,1438.6,1.13,ok,1.1474
final,ds-id14,4096,1536,24576,128,2048,8192,native,0.750,12.000,3072,384,98304,1,213.7994,1446.4,0.67,ok,1.1536
final,ds-id14,4096,1536,24576,16,256,2048,native,0.094,1.500,24576,384,98304,1,246.6365,1253.8,0.49,ok,1.0000
prescan,ds-id15,4096,512,32768,16,64,8192,native,0.031,0.125,131072,512,131072,0,141.0661,974.3,2.55,ok,0.7592
prescan,ds-id15,4096,512,32768,16,64,16384,native,0.031,0.125,131072,512,131072,0,134.0430,1025.3,4.74,ok,0.7990
prescan,ds-id15,4096,512,32768,16,128,8192,native,0.031,0.250,65536,512,131072,0,112.4234,1222.5,2.16,ok,0.9527
prescan,ds-id15,4096,512,32768,16,128,16384,native,0.031,0.250,65536,512,131072,0,114.7969,1197.2,9.64,ok,0.9330
prescan,ds-id15,4096,512,32768,16,256,8192,native,0.031,0.500,32768,512,131072,0,103.1179,1332.8,7.01,ok,1.0386
prescan,ds-id15,4096,512,32768,16,256,16384,native,0.031,0.500,32768,512,131072,0,103.0938,1333.1,2.55,ok,1.0389
prescan,ds-id15,4096,512,32768,16,512,8192,native,0.031,1.000,16384,512,131072,0,99.7630,1377.7,0.54,ok,1.0736
prescan,ds-id15,4096,512,32768,16,512,16384,native,0.031,1.000,16384,512,131072,0,99.5150,1381.1,1.66,ok,1.0762
prescan,ds-id15,4096,512,32768,16,1024,8192,native,0.031,2.000,8192,512,131072,0,95.6127,1437.5,1.82,ok,1.1202
prescan,ds-id15,4096,512,32768,16,1024,16384,native,0.031,2.000,8192,512,131072,0,96.2425,1428.0,3.28,ok,1.1128
prescan,ds-id15,4096,512,32768,16,2048,256,native,0.016,2.000,8192,1024,262144,0,107.3661,1280.1,0.08,ok,0.9975
prescan,ds-id15,4096,512,32768,16,2048,512,native,0.031,4.000,4096,512,131072,0,93.0716,1476.7,2.60,ok,1.1508
prescan,ds-id15,4096,512,32768,16,2048,1024,native,0.031,4.000,4096,512,131072,0,95.1502,1444.4,0.48,ok,1.1256
prescan,ds-id15,4096,512,32768,16,2048,2048,native,0.031,4.000,4096,512,131072,0,95.8374,1434.1,0.89,ok,1.1175
prescan,ds-id15,4096,512,32768,16,2048,4096,native,0.031,4.000,4096,512,131072,0,96.2188,1428.4,0.70,ok,1.1131
prescan,ds-id15,4096,512,32768,16,2048,8192,native,0.031,4.000,4096,512,131072,0,95.9576,1432.3,1.08,ok,1.1161
prescan,ds-id15,4096,512,32768,16,2048,16384,native,0.031,4.000,4096,512,131072,0,96.6267,1422.4,1.93,ok,1.1084
prescan,ds-id15,4096,512,32768,16,4096,256,native,0.016,4.000,4096,1024,262144,0,105.5248,1302.4,1.19,ok,1.0150
prescan,ds-id15,4096,512,32768,16,4096,512,native,0.031,8.000,2048,512,131072,0,95.0505,1446.0,0.60,ok,1.1268
prescan,ds-id15,4096,512,32768,16,4096,1024,native,0.031,8.000,2048,512,131072,0,95.0315,1446.2,0.09,ok,1.1270
prescan,ds-id15,4096,512,32768,16,4096,2048,native,0.031,8.000,2048,512,131072,0,95.0597,1445.8,0.15,ok,1.1267
prescan,ds-id15,4096,512,32768,16,4096,4096,native,0.031,8.000,2048,512,131072,0,94.9557,1447.4,0.23,ok,1.1279
prescan,ds-id15,4096,512,32768,16,4096,8192,native,0.031,8.000,2048,512,131072,0,95.4534,1439.9,1.23,ok,1.1220
prescan,ds-id15,4096,512,32768,16,4096,16384,native,0.031,8.000,2048,512,131072,0,95.9207,1432.8,1.81,ok,1.1166
prescan,ds-id15,4096,512,32768,32,64,8192,native,0.062,0.125,131072,512,131072,0,140.5648,977.8,3.07,ok,0.7619
prescan,ds-id15,4096,512,32768,32,64,16384,native,0.062,0.125,131072,512,131072,0,146.5317,937.9,6.36,ok,0.7309
prescan,ds-id15,4096,512,32768,32,128,8192,native,0.062,0.250,65536,512,131072,0,112.8210,1218.2,0.19,ok,0.9493
prescan,ds-id15,4096,512,32768,32,128,16384,native,0.062,0.250,65536,512,131072,0,113.3762,1212.2,3.54,ok,0.9447
prescan,ds-id15,4096,512,32768,32,256,8192,native,0.062,0.500,32768,512,131072,0,102.9300,1335.3,1.61,ok,1.0405
prescan,ds-id15,4096,512,32768,32,256,16384,native,0.062,0.500,32768,512,131072,0,103.4926,1328.0,1.05,ok,1.0349
prescan,ds-id15,4096,512,32768,32,512,8192,native,0.062,1.000,16384,512,131072,0,98.2649,1398.7,1.81,ok,1.0899
prescan,ds-id15,4096,512,32768,32,512,16384,native,0.062,1.000,16384,512,131072,0,99.8049,1377.1,2.98,ok,1.0731
prescan,ds-id15,4096,512,32768,32,1024,8192,native,0.062,2.000,8192,512,131072,0,96.4386,1425.1,1.59,ok,1.1106
prescan,ds-id15,4096,512,32768,32,1024,16384,native,0.062,2.000,8192,512,131072,0,94.0221,1461.8,1.38,ok,1.1391
prescan,ds-id15,4096,512,32768,32,2048,256,native,0.031,2.000,8192,1024,262144,0,107.8819,1274.0,0.02,ok,0.9928
prescan,ds-id15,4096,512,32768,32,2048,512,native,0.062,4.000,4096,512,131072,0,94.9048,1448.2,0.09,ok,1.1285
prescan,ds-id15,4096,512,32768,32,2048,1024,native,0.062,4.000,4096,512,131072,0,95.6280,1437.2,0.40,ok,1.1200
prescan,ds-id15,4096,512,32768,32,2048,2048,native,0.062,4.000,4096,512,131072,0,96.3830,1426.0,0.04,ok,1.1112
prescan,ds-id15,4096,512,32768,32,2048,4096,native,0.062,4.000,4096,512,131072,0,96.2115,1428.5,0.60,ok,1.1132
prescan,ds-id15,4096,512,32768,32,2048,8192,native,0.062,4.000,4096,512,131072,0,96.0873,1430.4,0.85,ok,1.1146
prescan,ds-id15,4096,512,32768,32,2048,16384,native,0.062,4.000,4096,512,131072,0,96.1807,1429.0,0.69,ok,1.1136
prescan,ds-id15,4096,512,32768,32,4096,256,native,0.031,4.000,4096,1024,262144,0,107.9409,1273.3,0.38,ok,0.9922
prescan,ds-id15,4096,512,32768,32,4096,512,native,0.062,8.000,2048,512,131072,0,96.8761,1418.7,4.58,ok,1.1056
prescan,ds-id15,4096,512,32768,32,4096,1024,native,0.062,8.000,2048,512,131072,0,94.9202,1447.9,0.54,ok,1.1283
prescan,ds-id15,4096,512,32768,32,4096,2048,native,0.062,8.000,2048,512,131072,0,94.7148,1451.1,0.06,ok,1.1308
prescan,ds-id15,4096,512,32768,32,4096,4096,native,0.062,8.000,2048,512,131072,0,94.6886,1451.5,0.08,ok,1.1311
prescan,ds-id15,4096,512,32768,32,4096,8192,native,0.062,8.000,2048,512,131072,0,95.5583,1438.3,1.82,ok,1.1208
prescan,ds-id15,4096,512,32768,32,4096,16384,native,0.062,8.000,2048,512,131072,0,97.5435,1409.0,2.03,ok,1.0980
prescan,ds-id15,4096,512,32768,64,64,8192,native,0.125,0.125,131072,512,131072,0,141.8262,969.1,4.96,ok,0.7552
prescan,ds-id15,4096,512,32768,64,64,16384,native,0.125,0.125,131072,512,131072,0,133.3721,1030.5,3.92,ok,0.8030
prescan,ds-id15,4096,512,32768,64,128,8192,native,0.125,0.250,65536,512,131072,0,111.9775,1227.4,0.65,ok,0.9565
prescan,ds-id15,4096,512,32768,64,128,16384,native,0.125,0.250,65536,512,131072,0,116.1189,1183.6,0.59,ok,0.9224
prescan,ds-id15,4096,512,32768,64,256,8192,native,0.125,0.500,32768,512,131072,0,106.6517,1288.7,5.89,ok,1.0042
prescan,ds-id15,4096,512,32768,64,256,16384,native,0.125,0.500,32768,512,131072,0,102.6142,1339.4,1.17,ok,1.0437
prescan,ds-id15,4096,512,32768,64,512,8192,native,0.125,1.000,16384,512,131072,0,99.8698,1376.2,0.86,ok,1.0724
prescan,ds-id15,4096,512,32768,64,512,16384,native,0.125,1.000,16384,512,131072,0,98.9747,1388.6,2.65,ok,1.0821
prescan,ds-id15,4096,512,32768,64,1024,8192,native,0.125,2.000,8192,512,131072,0,94.8619,1448.8,0.23,ok,1.1290
prescan,ds-id15,4096,512,32768,64,1024,16384,native,0.125,2.000,8192,512,131072,0,97.2080,1413.9,0.64,ok,1.1018
prescan,ds-id15,4096,512,32768,64,2048,256,native,0.062,2.000,8192,1024,262144,0,107.8404,1274.5,0.37,ok,0.9932
prescan,ds-id15,4096,512,32768,64,2048,512,native,0.125,4.000,4096,512,131072,0,95.4704,1439.6,1.42,ok,1.1218
prescan,ds-id15,4096,512,32768,64,2048,1024,native,0.125,4.000,4096,512,131072,0,95.5576,1438.3,0.71,ok,1.1208
prescan,ds-id15,4096,512,32768,64,2048,2048,native,0.125,4.000,4096,512,131072,0,96.0851,1430.4,0.07,ok,1.1147
prescan,ds-id15,4096,512,32768,64,2048,4096,native,0.125,4.000,4096,512,131072,0,96.0378,1431.1,0.25,ok,1.1152
prescan,ds-id15,4096,512,32768,64,2048,8192,native,0.125,4.000,4096,512,131072,0,95.9486,1432.4,0.36,ok,1.1162
prescan,ds-id15,4096,512,32768,64,2048,16384,native,0.125,4.000,4096,512,131072,0,96.4521,1424.9,0.87,ok,1.1104
prescan,ds-id15,4096,512,32768,64,4096,256,native,0.062,4.000,4096,1024,262144,0,107.6604,1276.6,0.15,ok,0.9948
prescan,ds-id15,4096,512,32768,64,4096,512,native,0.125,8.000,2048,512,131072,0,94.4854,1454.6,0.17,ok,1.1335
prescan,ds-id15,4096,512,32768,64,4096,1024,native,0.125,8.000,2048,512,131072,0,94.4217,1455.6,0.08,ok,1.1343
prescan,ds-id15,4096,512,32768,64,4096,2048,native,0.125,8.000,2048,512,131072,0,94.3903,1456.1,0.19,ok,1.1347
prescan,ds-id15,4096,512,32768,64,4096,4096,native,0.125,8.000,2048,512,131072,0,94.3812,1456.2,0.07,ok,1.1348
prescan,ds-id15,4096,512,32768,64,4096,8192,native,0.125,8.000,2048,512,131072,0,95.2366,1443.1,1.60,ok,1.1246
prescan,ds-id15,4096,512,32768,64,4096,16384,native,0.125,8.000,2048,512,131072,0,95.5514,1438.4,0.78,ok,1.1209
prescan,ds-id15,4096,512,32768,128,64,8192,native,0.250,0.125,131072,512,131072,0,146.8830,935.7,0.40,ok,0.7292
prescan,ds-id15,4096,512,32768,128,64,16384,native,0.250,0.125,131072,512,131072,0,131.3006,1046.8,0.69,ok,0.8157
prescan,ds-id15,4096,512,32768,128,128,8192,native,0.250,0.250,65536,512,131072,0,117.8825,1165.9,0.60,ok,0.9086
prescan,ds-id15,4096,512,32768,128,128,16384,native,0.250,0.250,65536,512,131072,0,112.5859,1220.7,0.93,ok,0.9513
prescan,ds-id15,4096,512,32768,128,256,8192,native,0.250,0.500,32768,512,131072,0,102.7890,1337.1,0.13,ok,1.0420
prescan,ds-id15,4096,512,32768,128,256,16384,native,0.250,0.500,32768,512,131072,0,104.1626,1319.5,2.19,ok,1.0282
prescan,ds-id15,4096,512,32768,128,512,8192,native,0.250,1.000,16384,512,131072,0,101.3203,1356.5,5.90,ok,1.0571
prescan,ds-id15,4096,512,32768,128,512,16384,native,0.250,1.000,16384,512,131072,0,97.9200,1403.6,0.49,ok,1.0938
prescan,ds-id15,4096,512,32768,128,1024,8192,native,0.250,2.000,8192,512,131072,0,96.2842,1427.4,4.88,ok,1.1124
prescan,ds-id15,4096,512,32768,128,1024,16384,native,0.250,2.000,8192,512,131072,0,95.9206,1432.8,2.02,ok,1.1166
prescan,ds-id15,4096,512,32768,128,2048,256,native,0.125,2.000,8192,1024,262144,0,108.4257,1267.6,1.04,ok,0.9878
prescan,ds-id15,4096,512,32768,128,2048,512,native,0.250,4.000,4096,512,131072,0,95.1964,1443.7,0.06,ok,1.1251
prescan,ds-id15,4096,512,32768,128,2048,1024,native,0.250,4.000,4096,512,131072,0,95.8114,1434.5,1.22,ok,1.1178
prescan,ds-id15,4096,512,32768,128,2048,2048,native,0.250,4.000,4096,512,131072,0,95.5411,1438.5,1.63,ok,1.1210
prescan,ds-id15,4096,512,32768,128,2048,4096,native,0.250,4.000,4096,512,131072,0,96.5259,1423.9,0.05,ok,1.1096
prescan,ds-id15,4096,512,32768,128,2048,8192,native,0.250,4.000,4096,512,131072,0,96.3293,1426.8,1.06,ok,1.1118
prescan,ds-id15,4096,512,32768,128,2048,16384,native,0.250,4.000,4096,512,131072,0,95.9560,1432.3,0.71,ok,1.1162
prescan,ds-id15,4096,512,32768,128,4096,256,native,0.125,4.000,4096,1024,262144,0,107.5322,1278.1,0.69,ok,0.9960
prescan,ds-id15,4096,512,32768,128,4096,512,native,0.250,8.000,2048,512,131072,0,94.1249,1460.2,0.10,ok,1.1379
prescan,ds-id15,4096,512,32768,128,4096,1024,native,0.250,8.000,2048,512,131072,0,91.8411,1496.5,3.44,ok,1.1662
prescan,ds-id15,4096,512,32768,128,4096,2048,native,0.250,8.000,2048,512,131072,0,94.3186,1457.2,2.75,ok,1.1355
prescan,ds-id15,4096,512,32768,128,4096,4096,native,0.250,8.000,2048,512,131072,0,93.8269,1464.8,0.75,ok,1.1415
prescan,ds-id15,4096,512,32768,128,4096,8192,native,0.250,8.000,2048,512,131072,0,94.0502,1461.3,1.11,ok,1.1388
prescan,ds-id15,4096,512,32768,128,4096,16384,native,0.250,8.000,2048,512,131072,0,94.5687,1453.3,0.93,ok,1.1325
prescan,ds-id15,4096,512,32768,16,256,2048,native,0.031,0.500,32768,512,131072,0,107.1024,1283.2,4.84,ok,1.0000
final,ds-id15,4096,512,32768,128,4096,1024,native,0.250,8.000,2048,512,131072,1,94.1353,1460.0,1.51,ok,1.1350
final,ds-id15,4096,512,32768,16,2048,512,native,0.031,4.000,4096,512,131072,1,95.9048,1433.1,0.89,ok,1.1140
final,ds-id15,4096,512,32768,128,4096,4096,native,0.250,8.000,2048,512,131072,1,94.2049,1458.9,0.28,ok,1.1341
final,ds-id15,4096,512,32768,32,1024,16384,native,0.062,2.000,8192,512,131072,1,98.4672,1395.8,3.03,ok,1.0850
final,ds-id15,4096,512,32768,128,4096,8192,native,0.250,8.000,2048,512,131072,1,94.2034,1459.0,0.31,ok,1.1342
final,ds-id15,4096,512,32768,128,4096,512,native,0.250,8.000,2048,512,131072,1,94.1885,1459.2,0.26,ok,1.1343
final,ds-id15,4096,512,32768,128,4096,2048,native,0.250,8.000,2048,512,131072,1,95.7476,1435.4,0.65,ok,1.1159
final,ds-id15,4096,512,32768,64,4096,4096,native,0.125,8.000,2048,512,131072,1,96.1641,1429.2,0.29,ok,1.1110
final,ds-id15,4096,512,32768,64,4096,2048,native,0.125,8.000,2048,512,131072,1,95.9447,1432.5,0.24,ok,1.1136
final,ds-id15,4096,512,32768,64,4096,1024,native,0.125,8.000,2048,512,131072,1,95.9663,1432.2,0.85,ok,1.1133
final,ds-id15,4096,512,32768,64,4096,512,native,0.125,8.000,2048,512,131072,1,96.0093,1431.5,0.19,ok,1.1128
final,ds-id15,4096,512,32768,128,4096,16384,native,0.250,8.000,2048,512,131072,1,96.4126,1425.5,0.62,ok,1.1082
final,ds-id15,4096,512,32768,16,256,2048,native,0.031,0.500,32768,512,131072,1,106.8414,1286.4,12.38,ok,1.0000
prescan,ds-id16,4096,16384,7168,16,64,8192,native,0.500,2.000,57344,224,57344,0,1192.2330,807.0,4.49,ok,0.6955
prescan,ds-id16,4096,16384,7168,16,64,16384,native,1.000,4.000,28672,112,28672,0,1161.7577,828.1,0.50,ok,0.7137
prescan,ds-id16,4096,16384,7168,16,128,8192,native,0.500,4.000,28672,224,57344,0,914.4706,1052.1,1.39,ok,0.9068
prescan,ds-id16,4096,16384,7168,16,128,16384,native,1.000,8.000,14336,112,28672,0,908.4937,1059.0,2.15,ok,0.9127
prescan,ds-id16,4096,16384,7168,16,256,8192,native,0.500,8.000,14336,224,57344,0,773.1765,1244.3,2.17,ok,1.0725
prescan,ds-id16,4096,16384,7168,16,256,16384,native,1.000,16.000,7168,112,28672,0,1623.5993,592.6,12.62,ok,0.5107
prescan,ds-id16,4096,16384,7168,16,512,8192,native,0.500,16.000,7168,224,57344,0,1337.6708,719.2,8.80,ok,0.6199
prescan,ds-id16,4096,16384,7168,16,512,16384,native,1.000,32.000,3584,112,28672,0,1837.4409,523.6,2.53,ok,0.4513
prescan,ds-id16,4096,16384,7168,16,1024,8192,native,0.500,32.000,3584,224,57344,0,1761.3753,546.2,0.30,ok,0.4708
prescan,ds-id16,4096,16384,7168,16,1024,16384,native,1.000,64.000,1792,112,28672,0,1762.4580,545.9,0.36,ok,0.4705
prescan,ds-id16,4096,16384,7168,16,2048,256,native,0.016,2.000,65536,7168,1835008,0,891.6459,1079.0,0.28,ok,0.9300
prescan,ds-id16,4096,16384,7168,16,2048,512,native,0.031,4.000,32768,3584,917504,0,767.9210,1252.8,0.94,ok,1.0798
prescan,ds-id16,4096,16384,7168,16,2048,1024,native,0.062,8.000,16384,1792,458752,0,711.2634,1352.6,1.18,ok,1.1658
prescan,ds-id16,4096,16384,7168,16,2048,2048,native,0.125,16.000,8192,896,229376,0,1171.4839,821.2,12.54,ok,0.7078
prescan,ds-id16,4096,16384,7168,16,2048,4096,native,0.250,32.000,4096,448,114688,0,1734.5807,554.6,0.03,ok,0.4780
prescan,ds-id16,4096,16384,7168,16,2048,8192,native,0.500,64.000,2048,224,57344,0,1750.9413,549.5,0.01,ok,0.4736
prescan,ds-id16,4096,16384,7168,16,2048,16384,native,1.000,128.000,1024,112,28672,0,1744.1944,551.6,0.15,ok,0.4754
prescan,ds-id16,4096,16384,7168,16,4096,256,native,0.016,4.000,32768,7168,1835008,0,885.6702,1086.3,1.00,ok,0.9362
prescan,ds-id16,4096,16384,7168,16,4096,512,native,0.031,8.000,16384,3584,917504,0,764.2071,1258.9,2.13,ok,1.0850
prescan,ds-id16,4096,16384,7168,16,4096,1024,native,0.062,16.000,8192,1792,458752,0,1134.0718,848.3,2.75,ok,0.7312
prescan,ds-id16,4096,16384,7168,16,4096,2048,native,0.125,32.000,4096,896,229376,0,1799.0585,534.8,0.06,ok,0.4609
prescan,ds-id16,4096,16384,7168,16,4096,4096,native,0.250,64.000,2048,448,114688,0,1739.5637,553.1,0.02,ok,0.4767
prescan,ds-id16,4096,16384,7168,16,4096,8192,native,0.500,128.000,1024,224,57344,0,1732.5700,555.3,0.15,ok,0.4786
prescan,ds-id16,4096,16384,7168,16,4096,16384,native,1.000,256.000,512,112,28672,0,1730.3919,556.0,0.52,ok,0.4792
prescan,ds-id16,4096,16384,7168,32,64,8192,native,1.000,2.000,57344,224,57344,0,1207.0038,797.1,0.27,ok,0.6870
prescan,ds-id16,4096,16384,7168,32,64,16384,native,2.000,4.000,28672,112,28672,0,1209.2206,795.6,1.16,ok,0.6857
prescan,ds-id16,4096,16384,7168,32,128,8192,native,1.000,4.000,28672,224,57344,0,933.5305,1030.6,0.14,ok,0.8882
prescan,ds-id16,4096,16384,7168,32,128,16384,native,2.000,8.000,14336,112,28672,0,988.6776,973.1,0.49,ok,0.8387
prescan,ds-id16,4096,16384,7168,32,256,8192,native,1.000,8.000,14336,224,57344,0,809.1442,1189.0,0.76,ok,1.0248
prescan,ds-id16,4096,16384,7168,32,256,16384,native,2.000,16.000,7168,112,28672,0,1282.0046,750.4,1.49,ok,0.6468
prescan,ds-id16,4096,16384,7168,32,512,8192,native,1.000,16.000,7168,224,57344,0,1085.1959,886.5,0.52,ok,0.7641
prescan,ds-id16,4096,16384,7168,32,512,16384,native,2.000,32.000,3584,112,28672,0,1544.6562,622.8,1.57,ok,0.5368
prescan,ds-id16,4096,16384,7168,32,1024,8192,native,1.000,32.000,3584,224,57344,0,1539.7854,624.8,0.93,ok,0.5385
prescan,ds-id16,4096,16384,7168,32,1024,16384,native,2.000,64.000,1792,112,28672,0,1592.4126,604.2,0.37,ok,0.5207
prescan,ds-id16,4096,16384,7168,32,2048,256,native,0.031,2.000,65536,7168,1835008,0,912.1758,1054.7,0.51,ok,0.9090
prescan,ds-id16,4096,16384,7168,32,2048,512,native,0.062,4.000,32768,3584,917504,0,787.1871,1222.2,0.00,ok,1.0534
prescan,ds-id16,4096,16384,7168,32,2048,1024,native,0.125,8.000,16384,1792,458752,0,718.1746,1339.6,1.65,ok,1.1546
prescan,ds-id16,4096,16384,7168,32,2048,2048,native,0.250,16.000,8192,896,229376,0,933.5945,1030.5,0.80,ok,0.8882
prescan,ds-id16,4096,16384,7168,32,2048,4096,native,0.500,32.000,4096,448,114688,0,1347.6750,713.9,2.88,ok,0.6153
prescan,ds-id16,4096,16384,7168,32,2048,8192,native,1.000,64.000,2048,224,57344,0,1549.8963,620.7,2.55,ok,0.5350
prescan,ds-id16,4096,16384,7168,32,2048,16384,native,2.000,128.000,1024,112,28672,0,1469.6527,654.6,4.45,ok,0.5642
prescan,ds-id16,4096,16384,7168,32,4096,256,native,0.031,4.000,32768,7168,1835008,0,896.0539,1073.7,1.33,ok,0.9254
prescan,ds-id16,4096,16384,7168,32,4096,512,native,0.062,8.000,16384,3584,917504,0,766.6260,1254.9,0.23,ok,1.0816
prescan,ds-id16,4096,16384,7168,32,4096,1024,native,0.125,16.000,8192,1792,458752,0,899.4832,1069.6,0.39,ok,0.9219
prescan,ds-id16,4096,16384,7168,32,4096,2048,native,0.250,32.000,4096,896,229376,0,1383.7677,695.3,16.63,ok,0.5992
prescan,ds-id16,4096,16384,7168,32,4096,4096,native,0.500,64.000,2048,448,114688,0,1292.8712,744.1,0.66,ok,0.6414
prescan,ds-id16,4096,16384,7168,32,4096,8192,native,1.000,128.000,1024,224,57344,0,1446.3294,665.2,0.17,ok,0.5733
prescan,ds-id16,4096,16384,7168,32,4096,16384,native,2.000,256.000,512,112,28672,0,1519.7966,633.0,6.19,ok,0.5456
prescan,ds-id16,4096,16384,7168,64,64,8192,native,2.000,2.000,57344,224,57344,0,1231.5984,781.2,0.61,ok,0.6733
prescan,ds-id16,4096,16384,7168,64,64,16384,native,4.000,4.000,28672,112,28672,0,1254.3846,767.0,0.09,ok,0.6610
prescan,ds-id16,4096,16384,7168,64,128,8192,native,2.000,4.000,28672,224,57344,0,932.4423,1031.8,1.24,ok,0.8893
prescan,ds-id16,4096,16384,7168,64,128,16384,native,4.000,8.000,14336,112,28672,0,1072.9568,896.7,2.40,ok,0.7728
prescan,ds-id16,4096,16384,7168,64,256,8192,native,2.000,8.000,14336,224,57344,0,815.5926,1179.6,0.45,ok,1.0167
prescan,ds-id16,4096,16384,7168,64,256,16384,native,4.000,16.000,7168,112,28672,0,1067.1422,901.5,0.18,ok,0.7770
prescan,ds-id16,4096,16384,7168,64,512,8192,native,2.000,16.000,7168,224,57344,0,935.2404,1028.7,1.04,ok,0.8866
prescan,ds-id16,4096,16384,7168,64,512,16384,native,4.000,32.000,3584,112,28672,0,1016.1831,946.8,2.01,ok,0.8160
prescan,ds-id16,4096,16384,7168,64,1024,8192,native,2.000,32.000,3584,224,57344,0,945.2584,1017.8,0.86,ok,0.8772
prescan,ds-id16,4096,16384,7168,64,1024,16384,native,4.000,64.000,1792,112,28672,0,974.7382,987.0,2.12,ok,0.8507
prescan,ds-id16,4096,16384,7168,64,2048,256,native,0.062,2.000,65536,7168,1835008,0,874.7883,1099.8,1.34,ok,0.9479
prescan,ds-id16,4096,16384,7168,64,2048,512,native,0.125,4.000,32768,3584,917504,0,772.7524,1245.0,0.92,ok,1.0731
prescan,ds-id16,4096,16384,7168,64,2048,1024,native,0.250,8.000,16384,1792,458752,0,721.7259,1333.0,1.29,ok,1.1489
prescan,ds-id16,4096,16384,7168,64,2048,2048,native,0.500,16.000,8192,896,229376,0,834.7882,1152.5,1.80,ok,0.9933
prescan,ds-id16,4096,16384,7168,64,2048,4096,native,1.000,32.000,4096,448,114688,0,928.5017,1036.2,1.10,ok,0.8931
prescan,ds-id16,4096,16384,7168,64,2048,8192,native,2.000,64.000,2048,224,57344,0,938.7033,1024.9,0.26,ok,0.8833
prescan,ds-id16,4096,16384,7168,64,2048,16384,native,4.000,128.000,1024,112,28672,0,956.5772,1005.7,0.45,ok,0.8668
prescan,ds-id16,4096,16384,7168,64,4096,256,native,0.062,4.000,32768,7168,1835008,0,861.8011,1116.4,0.60,ok,0.9622
prescan,ds-id16,4096,16384,7168,64,4096,512,native,0.125,8.000,16384,3584,917504,0,780.1366,1233.2,2.54,ok,1.0629
prescan,ds-id16,4096,16384,7168,64,4096,1024,native,0.250,16.000,8192,1792,458752,0,833.0078,1154.9,0.52,ok,0.9954
prescan,ds-id16,4096,16384,7168,64,4096,2048,native,0.500,32.000,4096,896,229376,0,961.2905,1000.8,1.12,ok,0.8626
prescan,ds-id16,4096,16384,7168,64,4096,4096,native,1.000,64.000,2048,448,114688,0,941.0358,1022.4,3.10,ok,0.8812
prescan,ds-id16,4096,16384,7168,64,4096,8192,native,2.000,128.000,1024,224,57344,0,929.3907,1035.2,3.18,ok,0.8922
prescan,ds-id16,4096,16384,7168,64,4096,16384,native,4.000,256.000,512,112,28672,0,941.8540,1021.5,3.99,ok,0.8804
prescan,ds-id16,4096,16384,7168,128,64,8192,native,4.000,2.000,57344,224,57344,0,1219.0171,789.2,2.95,ok,0.6802
prescan,ds-id16,4096,16384,7168,128,64,16384,native,8.000,4.000,28672,112,28672,0,1431.8134,671.9,0.47,ok,0.5791
prescan,ds-id16,4096,16384,7168,128,128,8192,native,4.000,4.000,28672,224,57344,0,941.4663,1021.9,0.41,ok,0.8808
prescan,ds-id16,4096,16384,7168,128,128,16384,native,8.000,8.000,14336,112,28672,0,1277.4513,753.1,6.73,ok,0.6491
prescan,ds-id16,4096,16384,7168,128,256,8192,native,4.000,8.000,14336,224,57344,0,859.8186,1118.9,2.99,ok,0.9644
prescan,ds-id16,4096,16384,7168,128,256,16384,native,8.000,16.000,7168,112,28672,0,1108.0914,868.2,3.67,ok,0.7483
prescan,ds-id16,4096,16384,7168,128,512,8192,native,4.000,16.000,7168,224,57344,0,853.0199,1127.8,4.05,ok,0.9721
prescan,ds-id16,4096,16384,7168,128,512,16384,native,8.000,32.000,3584,112,28672,0,1019.3456,943.8,2.01,ok,0.8135
prescan,ds-id16,4096,16384,7168,128,1024,8192,native,4.000,32.000,3584,224,57344,0,824.8587,1166.3,4.12,ok,1.0053
prescan,ds-id16,4096,16384,7168,128,1024,16384,native,8.000,64.000,1792,112,28672,0,985.4534,976.3,7.84,ok,0.8414
prescan,ds-id16,4096,16384,7168,128,2048,256,native,0.125,2.000,65536,7168,1835008,0,908.0189,1059.5,6.29,ok,0.9132
prescan,ds-id16,4096,16384,7168,128,2048,512,native,0.250,4.000,32768,3584,917504,0,782.1586,1230.0,3.28,ok,1.0601
prescan,ds-id16,4096,16384,7168,128,2048,1024,native,0.500,8.000,16384,1792,458752,0,724.0830,1328.7,3.35,ok,1.1452
prescan,ds-id16,4096,16384,7168,128,2048,2048,native,1.000,16.000,8192,896,229376,0,771.9524,1246.3,2.39,ok,1.0742
prescan,ds-id16,4096,16384,7168,128,2048,4096,native,2.000,32.000,4096,448,114688,0,842.5438,1141.9,15.48,ok,0.9842
prescan,ds-id16,4096,16384,7168,128,2048,8192,native,4.000,64.000,2048,224,57344,0,808.9851,1189.2,7.55,ok,1.0250
prescan,ds-id16,4096,16384,7168,128,2048,16384,native,8.000,128.000,1024,112,28672,0,946.8657,1016.1,7.16,ok,0.8757
prescan,ds-id16,4096,16384,7168,128,4096,256,native,0.125,4.000,32768,7168,1835008,0,873.0054,1102.0,5.50,ok,0.9498
prescan,ds-id16,4096,16384,7168,128,4096,512,native,0.250,8.000,16384,3584,917504,0,761.2244,1263.8,4.16,ok,1.0893
prescan,ds-id16,4096,16384,7168,128,4096,1024,native,0.500,16.000,8192,1792,458752,0,764.3501,1258.7,2.16,ok,1.0848
prescan,ds-id16,4096,16384,7168,128,4096,2048,native,1.000,32.000,4096,896,229376,0,798.7340,1204.5,1.87,ok,1.0381
prescan,ds-id16,4096,16384,7168,128,4096,4096,native,2.000,64.000,2048,448,114688,0,782.5854,1229.4,1.50,ok,1.0596
prescan,ds-id16,4096,16384,7168,128,4096,8192,native,4.000,128.000,1024,224,57344,0,771.9834,1246.2,1.76,ok,1.0741
prescan,ds-id16,4096,16384,7168,128,4096,16384,native,8.000,256.000,512,112,28672,0,917.3592,1048.7,1.75,ok,0.9039
prescan,ds-id16,4096,16384,7168,16,256,2048,native,0.125,2.000,57344,896,229376,0,829.2026,1160.2,1.25,ok,1.0000
final,ds-id16,4096,16384,7168,16,2048,1024,native,0.062,8.000,16384,1792,458752,1,705.9638,1362.8,0.95,ok,1.1833
final,ds-id16,4096,16384,7168,32,2048,1024,native,0.125,8.000,16384,1792,458752,1,702.4980,1369.5,0.19,ok,1.1891
final,ds-id16,4096,16384,7168,64,2048,1024,native,0.250,8.000,16384,1792,458752,1,702.3369,1369.8,0.44,ok,1.1894
final,ds-id16,4096,16384,7168,128,2048,1024,native,0.500,8.000,16384,1792,458752,1,701.3260,1371.8,0.25,ok,1.1911
final,ds-id16,4096,16384,7168,128,4096,512,native,0.250,8.000,16384,3584,917504,1,753.4222,1276.9,6.69,ok,1.1088
final,ds-id16,4096,16384,7168,16,4096,512,native,0.031,8.000,16384,3584,917504,1,750.4256,1282.0,0.69,ok,1.1132
final,ds-id16,4096,16384,7168,128,4096,1024,native,0.500,16.000,8192,1792,458752,1,772.6695,1245.1,1.84,ok,1.0811
final,ds-id16,4096,16384,7168,32,4096,512,native,0.062,8.000,16384,3584,917504,1,733.5135,1311.6,0.68,ok,1.1389
final,ds-id16,4096,16384,7168,16,256,2048,native,0.125,2.000,57344,896,229376,1,835.3693,1151.7,3.83,ok,1.0000
prescan,ds-id17,4096,7168,4096,16,64,8192,native,0.438,1.750,16384,64,16384,0,297.5462,808.3,0.01,ok,0.6916
prescan,ds-id17,4096,7168,4096,16,64,16384,native,0.438,1.750,16384,64,16384,0,289.7644,830.0,1.17,ok,0.7102
prescan,ds-id17,4096,7168,4096,16,128,8192,native,0.438,3.500,8192,64,16384,0,223.9467,1074.0,0.59,ok,0.9189
prescan,ds-id17,4096,7168,4096,16,128,16384,native,0.438,3.500,8192,64,16384,0,225.5363,1066.4,1.12,ok,0.9124
prescan,ds-id17,4096,7168,4096,16,256,8192,native,0.438,7.000,4096,64,16384,0,194.8600,1234.3,5.21,ok,1.0560
prescan,ds-id17,4096,7168,4096,16,256,16384,native,0.438,7.000,4096,64,16384,0,192.7612,1247.8,1.63,ok,1.0675
prescan,ds-id17,4096,7168,4096,16,512,8192,native,0.438,14.000,2048,64,16384,0,281.2221,855.3,12.19,ok,0.7317
prescan,ds-id17,4096,7168,4096,16,512,16384,native,0.438,14.000,2048,64,16384,0,281.7449,853.7,10.23,ok,0.7304
prescan,ds-id17,4096,7168,4096,16,1024,8192,native,0.438,28.000,1024,64,16384,0,450.6020,533.8,6.28,ok,0.4567
prescan,ds-id17,4096,7168,4096,16,1024,16384,native,0.438,28.000,1024,64,16384,0,450.3051,534.1,7.00,ok,0.4570
prescan,ds-id17,4096,7168,4096,16,2048,256,native,0.016,2.000,14336,1792,458752,0,233.3869,1030.6,14.12,ok,0.8817
prescan,ds-id17,4096,7168,4096,16,2048,512,native,0.031,4.000,7168,896,229376,0,215.4423,1116.4,8.80,ok,0.9551
prescan,ds-id17,4096,7168,4096,16,2048,1024,native,0.062,8.000,3584,448,114688,0,201.8526,1191.6,1.87,ok,1.0194
prescan,ds-id17,4096,7168,4096,16,2048,2048,native,0.125,16.000,2048,256,65536,0,371.9189,646.7,34.56,ok,0.5533
prescan,ds-id17,4096,7168,4096,16,2048,4096,native,0.250,32.000,1024,128,32768,0,447.6569,537.3,3.27,ok,0.4597
prescan,ds-id17,4096,7168,4096,16,2048,8192,native,0.438,56.000,512,64,16384,0,435.6278,552.1,0.08,ok,0.4724
prescan,ds-id17,4096,7168,4096,16,2048,16384,native,0.438,56.000,512,64,16384,0,443.5160,542.3,5.73,ok,0.4640
prescan,ds-id17,4096,7168,4096,16,4096,256,native,0.016,4.000,7168,1792,458752,0,225.4479,1066.8,12.27,ok,0.9127
prescan,ds-id17,4096,7168,4096,16,4096,512,native,0.031,8.000,3584,896,229376,0,206.8866,1162.6,2.35,ok,0.9946
prescan,ds-id17,4096,7168,4096,16,4096,1024,native,0.062,16.000,1792,448,114688,0,393.9202,610.6,10.24,ok,0.5224
prescan,ds-id17,4096,7168,4096,16,4096,2048,native,0.125,32.000,1024,256,65536,0,434.9081,553.0,1.17,ok,0.4731
prescan,ds-id17,4096,7168,4096,16,4096,4096,native,0.250,64.000,512,128,32768,0,433.3301,555.0,1.87,ok,0.4749
prescan,ds-id17,4096,7168,4096,16,4096,8192,native,0.438,112.000,256,64,16384,0,430.4125,558.8,1.06,ok,0.4781
prescan,ds-id17,4096,7168,4096,16,4096,16384,native,0.438,112.000,256,64,16384,0,434.8395,553.1,0.13,ok,0.4732
prescan,ds-id17,4096,7168,4096,32,64,8192,native,0.875,1.750,16384,64,16384,0,331.9756,724.5,3.02,ok,0.6199
prescan,ds-id17,4096,7168,4096,32,64,16384,native,0.875,1.750,16384,64,16384,0,312.9391,768.6,1.23,ok,0.6576
prescan,ds-id17,4096,7168,4096,32,128,8192,native,0.875,3.500,8192,64,16384,0,228.3321,1053.4,2.42,ok,0.9012
prescan,ds-id17,4096,7168,4096,32,128,16384,native,0.875,3.500,8192,64,16384,0,226.1892,1063.3,0.54,ok,0.9098
prescan,ds-id17,4096,7168,4096,32,256,8192,native,0.875,7.000,4096,64,16384,0,196.1246,1226.4,0.96,ok,1.0492
prescan,ds-id17,4096,7168,4096,32,256,16384,native,0.875,7.000,4096,64,16384,0,192.8623,1247.1,1.99,ok,1.0670
prescan,ds-id17,4096,7168,4096,32,512,8192,native,0.875,14.000,2048,64,16384,0,226.1439,1063.6,2.54,ok,0.9099
prescan,ds-id17,4096,7168,4096,32,512,16384,native,0.875,14.000,2048,64,16384,0,229.4520,1048.2,2.45,ok,0.8968
prescan,ds-id17,4096,7168,4096,32,1024,8192,native,0.875,28.000,1024,64,16384,0,330.7651,727.2,5.37,ok,0.6221
prescan,ds-id17,4096,7168,4096,32,1024,16384,native,0.875,28.000,1024,64,16384,0,304.1652,790.7,11.84,ok,0.6765
prescan,ds-id17,4096,7168,4096,32,2048,256,native,0.031,2.000,14336,1792,458752,0,206.4725,1164.9,0.66,ok,0.9966
prescan,ds-id17,4096,7168,4096,32,2048,512,native,0.062,4.000,7168,896,229376,0,190.6173,1261.8,5.13,ok,1.0795
prescan,ds-id17,4096,7168,4096,32,2048,1024,native,0.125,8.000,3584,448,114688,0,181.3452,1326.3,0.42,ok,1.1347
prescan,ds-id17,4096,7168,4096,32,2048,2048,native,0.250,16.000,2048,256,65536,0,243.6318,987.2,1.57,ok,0.8446
prescan,ds-id17,4096,7168,4096,32,2048,4096,native,0.500,32.000,1024,128,32768,0,314.8171,764.0,1.33,ok,0.6536
prescan,ds-id17,4096,7168,4096,32,2048,8192,native,0.875,56.000,512,64,16384,0,327.7840,733.8,9.72,ok,0.6278
prescan,ds-id17,4096,7168,4096,32,2048,16384,native,0.875,56.000,512,64,16384,0,314.9537,763.7,1.50,ok,0.6534
prescan,ds-id17,4096,7168,4096,32,4096,256,native,0.031,4.000,7168,1792,458752,0,198.5488,1211.4,1.25,ok,1.0364
prescan,ds-id17,4096,7168,4096,32,4096,512,native,0.062,8.000,3584,896,229376,0,190.6956,1261.3,1.18,ok,1.0791
prescan,ds-id17,4096,7168,4096,32,4096,1024,native,0.125,16.000,1792,448,114688,0,275.7297,872.3,3.87,ok,0.7463
prescan,ds-id17,4096,7168,4096,32,4096,2048,native,0.250,32.000,1024,256,65536,0,396.1408,607.2,14.94,ok,0.5195
prescan,ds-id17,4096,7168,4096,32,4096,4096,native,0.500,64.000,512,128,32768,0,313.1091,768.2,1.32,ok,0.6572
prescan,ds-id17,4096,7168,4096,32,4096,8192,native,0.875,112.000,256,64,16384,0,314.2121,765.5,3.31,ok,0.6549
prescan,ds-id17,4096,7168,4096,32,4096,16384,native,0.875,112.000,256,64,16384,0,331.3875,725.8,7.60,ok,0.6210
prescan,ds-id17,4096,7168,4096,64,64,8192,native,1.750,1.750,16384,64,16384,0,289.7439,830.1,2.13,ok,0.7102
prescan,ds-id17,4096,7168,4096,64,64,16384,native,1.750,1.750,16384,64,16384,0,311.2601,772.7,8.84,ok,0.6611
prescan,ds-id17,4096,7168,4096,64,128,8192,native,1.750,3.500,8192,64,16384,0,236.1310,1018.6,0.28,ok,0.8715
prescan,ds-id17,4096,7168,4096,64,128,16384,native,1.750,3.500,8192,64,16384,0,239.4751,1004.4,7.22,ok,0.8593
prescan,ds-id17,4096,7168,4096,64,256,8192,native,1.750,7.000,4096,64,16384,0,208.5284,1153.4,5.97,ok,0.9868
prescan,ds-id17,4096,7168,4096,64,256,16384,native,1.750,7.000,4096,64,16384,0,202.0296,1190.5,3.16,ok,1.0185
prescan,ds-id17,4096,7168,4096,64,512,8192,native,1.750,14.000,2048,64,16384,0,211.0478,1139.6,1.21,ok,0.9750
prescan,ds-id17,4096,7168,4096,64,512,16384,native,1.750,14.000,2048,64,16384,0,211.8532,1135.3,2.10,ok,0.9713
prescan,ds-id17,4096,7168,4096,64,1024,8192,native,1.750,28.000,1024,64,16384,0,230.8573,1041.8,2.91,ok,0.8914
prescan,ds-id17,4096,7168,4096,64,1024,16384,native,1.750,28.000,1024,64,16384,0,235.9598,1019.3,5.01,ok,0.8721
prescan,ds-id17,4096,7168,4096,64,2048,256,native,0.062,2.000,14336,1792,458752,0,225.0905,1068.5,7.20,ok,0.9142
prescan,ds-id17,4096,7168,4096,64,2048,512,native,0.125,4.000,7168,896,229376,0,201.5884,1193.1,8.15,ok,1.0208
prescan,ds-id17,4096,7168,4096,64,2048,1024,native,0.250,8.000,3584,448,114688,0,191.8427,1253.7,11.61,ok,1.0726
prescan,ds-id17,4096,7168,4096,64,2048,2048,native,0.500,16.000,2048,256,65536,0,210.7732,1141.1,4.65,ok,0.9763
prescan,ds-id17,4096,7168,4096,64,2048,4096,native,1.000,32.000,1024,128,32768,0,239.4729,1004.4,7.01,ok,0.8593
prescan,ds-id17,4096,7168,4096,64,2048,8192,native,1.750,56.000,512,64,16384,0,243.4881,987.8,14.65,ok,0.8451
prescan,ds-id17,4096,7168,4096,64,2048,16384,native,1.750,56.000,512,64,16384,0,231.7521,1037.8,7.24,ok,0.8879
prescan,ds-id17,4096,7168,4096,64,4096,256,native,0.062,4.000,7168,1792,458752,0,222.6308,1080.3,8.75,ok,0.9243
prescan,ds-id17,4096,7168,4096,64,4096,512,native,0.125,8.000,3584,896,229376,0,201.6017,1193.0,7.61,ok,1.0207
prescan,ds-id17,4096,7168,4096,64,4096,1024,native,0.250,16.000,1792,448,114688,0,233.3589,1030.7,5.66,ok,0.8818
prescan,ds-id17,4096,7168,4096,64,4096,2048,native,0.500,32.000,1024,256,65536,0,237.7072,1011.8,5.32,ok,0.8657
prescan,ds-id17,4096,7168,4096,64,4096,4096,native,1.000,64.000,512,128,32768,0,235.6369,1020.7,6.17,ok,0.8733
prescan,ds-id17,4096,7168,4096,64,4096,8192,native,1.750,112.000,256,64,16384,0,240.3168,1000.8,9.39,ok,0.8563
prescan,ds-id17,4096,7168,4096,64,4096,16384,native,1.750,112.000,256,64,16384,0,223.5517,1075.9,2.29,ok,0.9205
prescan,ds-id17,4096,7168,4096,128,64,8192,native,3.500,1.750,16384,64,16384,0,298.5140,805.7,0.41,ok,0.6893
prescan,ds-id17,4096,7168,4096,128,64,16384,native,3.500,1.750,16384,64,16384,0,298.3939,806.0,0.52,ok,0.6896
prescan,ds-id17,4096,7168,4096,128,128,8192,native,3.500,3.500,8192,64,16384,0,226.7783,1060.6,1.28,ok,0.9074
prescan,ds-id17,4096,7168,4096,128,128,16384,native,3.500,3.500,8192,64,16384,0,229.9993,1045.7,0.82,ok,0.8947
prescan,ds-id17,4096,7168,4096,128,256,8192,native,3.500,7.000,4096,64,16384,0,203.9321,1179.4,1.20,ok,1.0090
prescan,ds-id17,4096,7168,4096,128,256,16384,native,3.500,7.000,4096,64,16384,0,202.4300,1188.2,0.85,ok,1.0165
prescan,ds-id17,4096,7168,4096,128,512,8192,native,3.500,14.000,2048,64,16384,0,202.3191,1188.8,0.94,ok,1.0171
prescan,ds-id17,4096,7168,4096,128,512,16384,native,3.500,14.000,2048,64,16384,0,202.3576,1188.6,1.65,ok,1.0169
prescan,ds-id17,4096,7168,4096,128,1024,8192,native,3.500,28.000,1024,64,16384,0,199.1803,1207.5,3.25,ok,1.0331
prescan,ds-id17,4096,7168,4096,128,1024,16384,native,3.500,28.000,1024,64,16384,0,200.1281,1201.8,2.89,ok,1.0282
prescan,ds-id17,4096,7168,4096,128,2048,256,native,0.125,2.000,14336,1792,458752,0,218.4985,1100.8,3.93,ok,0.9418
prescan,ds-id17,4096,7168,4096,128,2048,512,native,0.250,4.000,7168,896,229376,0,195.1111,1232.7,2.89,ok,1.0547
prescan,ds-id17,4096,7168,4096,128,2048,1024,native,0.500,8.000,3584,448,114688,0,184.4205,1304.2,4.23,ok,1.1158
prescan,ds-id17,4096,7168,4096,128,2048,2048,native,1.000,16.000,2048,256,65536,0,196.9799,1221.0,5.65,ok,1.0447
prescan,ds-id17,4096,7168,4096,128,2048,4096,native,2.000,32.000,1024,128,32768,0,201.8261,1191.7,8.38,ok,1.0196
prescan,ds-id17,4096,7168,4096,128,2048,8192,native,3.500,56.000,512,64,16384,0,200.7528,1198.1,9.38,ok,1.0250
prescan,ds-id17,4096,7168,4096,128,2048,16384,native,3.500,56.000,512,64,16384,0,199.7702,1204.0,7.50,ok,1.0301
prescan,ds-id17,4096,7168,4096,128,4096,256,native,0.125,4.000,7168,1792,458752,0,221.5217,1085.8,8.39,ok,0.9289
prescan,ds-id17,4096,7168,4096,128,4096,512,native,0.250,8.000,3584,896,229376,0,203.8871,1179.7,10.44,ok,1.0093
prescan,ds-id17,4096,7168,4096,128,4096,1024,native,0.500,16.000,1792,448,114688,0,205.0478,1173.0,4.02,ok,1.0036
prescan,ds-id17,4096,7168,4096,128,4096,2048,native,1.000,32.000,1024,256,65536,0,192.1823,1251.5,4.98,ok,1.0707
prescan,ds-id17,4096,7168,4096,128,4096,4096,native,2.000,64.000,512,128,32768,0,190.7229,1261.1,2.99,ok,1.0789
prescan,ds-id17,4096,7168,4096,128,4096,8192,native,3.500,112.000,256,64,16384,0,188.0486,1279.0,3.18,ok,1.0943
prescan,ds-id17,4096,7168,4096,128,4096,16384,native,3.500,112.000,256,64,16384,0,190.0136,1265.8,0.60,ok,1.0830
prescan,ds-id17,4096,7168,4096,16,256,2048,native,0.125,2.000,16384,256,65536,0,205.7767,1168.8,0.31,ok,1.0000
final,ds-id17,4096,7168,4096,32,2048,1024,native,0.125,8.000,3584,448,114688,1,180.4447,1332.9,1.79,ok,1.1299
final,ds-id17,4096,7168,4096,128,2048,1024,native,0.500,8.000,3584,448,114688,1,178.9150,1344.3,2.10,ok,1.1396
final,ds-id17,4096,7168,4096,128,4096,8192,native,3.500,112.000,256,64,16384,1,188.2556,1277.6,0.63,ok,1.0830
final,ds-id17,4096,7168,4096,128,4096,16384,native,3.500,112.000,256,64,16384,1,190.1744,1264.7,1.13,ok,1.0721
final,ds-id17,4096,7168,4096,32,2048,512,native,0.062,4.000,7168,896,229376,1,189.8585,1266.8,0.74,ok,1.0739
final,ds-id17,4096,7168,4096,32,4096,512,native,0.062,8.000,3584,896,229376,1,186.5612,1289.2,1.34,ok,1.0928
final,ds-id17,4096,7168,4096,128,4096,4096,native,2.000,64.000,512,128,32768,1,190.8132,1260.5,0.66,ok,1.0685
final,ds-id17,4096,7168,4096,64,2048,1024,native,0.250,8.000,3584,448,114688,1,177.9183,1351.8,1.43,ok,1.1459
final,ds-id17,4096,7168,4096,16,256,2048,native,0.125,2.000,16384,256,65536,1,203.8828,1179.7,0.98,ok,1.0000
prescan,ds-id18,4096,2048,7168,16,64,8192,native,0.125,0.500,28672,112,28672,0,164.9045,729.3,4.25,ok,0.6292
prescan,ds-id18,4096,2048,7168,16,64,16384,native,0.125,0.500,28672,112,28672,0,160.0934,751.2,0.23,ok,0.6481
prescan,ds-id18,4096,2048,7168,16,128,8192,native,0.125,1.000,14336,112,28672,0,118.2709,1016.8,3.89,ok,0.8773
prescan,ds-id18,4096,2048,7168,16,128,16384,native,0.125,1.000,14336,112,28672,0,117.8529,1020.4,4.50,ok,0.8804
prescan,ds-id18,4096,2048,7168,16,256,8192,native,0.125,2.000,7168,112,28672,0,101.7023,1182.5,6.17,ok,1.0203
prescan,ds-id18,4096,2048,7168,16,256,16384,native,0.125,2.000,7168,112,28672,0,100.8512,1192.4,5.81,ok,1.0289
prescan,ds-id18,4096,2048,7168,16,512,8192,native,0.125,4.000,3584,112,28672,0,91.6184,1312.6,9.56,ok,1.1325
prescan,ds-id18,4096,2048,7168,16,512,16384,native,0.125,4.000,3584,112,28672,0,91.4023,1315.7,9.03,ok,1.1352
prescan,ds-id18,4096,2048,7168,16,1024,8192,native,0.125,8.000,1792,112,28672,0,88.7656,1354.8,9.33,ok,1.1689
prescan,ds-id18,4096,2048,7168,16,1024,16384,native,0.125,8.000,1792,112,28672,0,88.5294,1358.4,8.34,ok,1.1721
prescan,ds-id18,4096,2048,7168,16,2048,256,native,0.016,2.000,8192,896,229376,0,105.4801,1140.1,6.07,ok,0.9837
prescan,ds-id18,4096,2048,7168,16,2048,512,native,0.031,4.000,4096,448,114688,0,94.3491,1274.6,5.28,ok,1.0998
prescan,ds-id18,4096,2048,7168,16,2048,1024,native,0.062,8.000,2048,224,57344,0,88.5217,1358.5,4.52,ok,1.1722
prescan,ds-id18,4096,2048,7168,16,2048,2048,native,0.125,16.000,1024,112,28672,0,197.5429,608.8,28.52,ok,0.5253
prescan,ds-id18,4096,2048,7168,16,2048,4096,native,0.125,16.000,1024,112,28672,0,188.8805,636.7,21.21,ok,0.5494
prescan,ds-id18,4096,2048,7168,16,2048,8192,native,0.125,16.000,1024,112,28672,0,165.8642,725.0,12.40,ok,0.6256
prescan,ds-id18,4096,2048,7168,16,2048,16384,native,0.125,16.000,1024,112,28672,0,158.9992,756.4,2.37,ok,0.6526
prescan,ds-id18,4096,2048,7168,16,4096,256,native,0.016,4.000,4096,896,229376,0,102.0313,1178.6,7.72,ok,1.0170
prescan,ds-id18,4096,2048,7168,16,4096,512,native,0.031,8.000,2048,448,114688,0,96.3331,1248.4,9.05,ok,1.0771
prescan,ds-id18,4096,2048,7168,16,4096,1024,native,0.062,16.000,1024,224,57344,0,153.9133,781.3,3.85,ok,0.6742
prescan,ds-id18,4096,2048,7168,16,4096,2048,native,0.125,32.000,512,112,28672,0,226.9994,529.8,8.31,ok,0.4571
prescan,ds-id18,4096,2048,7168,16,4096,4096,native,0.125,32.000,512,112,28672,0,218.6679,550.0,1.01,ok,0.4745
prescan,ds-id18,4096,2048,7168,16,4096,8192,native,0.125,32.000,512,112,28672,0,226.4628,531.0,5.47,ok,0.4582
prescan,ds-id18,4096,2048,7168,16,4096,16384,native,0.125,32.000,512,112,28672,0,222.4715,540.6,4.29,ok,0.4664
prescan,ds-id18,4096,2048,7168,32,64,8192,native,0.250,0.500,28672,112,28672,0,172.9810,695.2,12.97,ok,0.5998
prescan,ds-id18,4096,2048,7168,32,64,16384,native,0.250,0.500,28672,112,28672,0,175.2966,686.0,13.15,ok,0.5919
prescan,ds-id18,4096,2048,7168,32,128,8192,native,0.250,1.000,14336,112,28672,0,132.6995,906.3,11.43,ok,0.7819
prescan,ds-id18,4096,2048,7168,32,128,16384,native,0.250,1.000,14336,112,28672,0,134.2410,895.8,15.00,ok,0.7730
prescan,ds-id18,4096,2048,7168,32,256,8192,native,0.250,2.000,7168,112,28672,0,108.8113,1105.2,10.02,ok,0.9536
prescan,ds-id18,4096,2048,7168,32,256,16384,native,0.250,2.000,7168,112,28672,0,108.4824,1108.6,9.28,ok,0.9565
prescan,ds-id18,4096,2048,7168,32,512,8192,native,0.250,4.000,3584,112,28672,0,94.6442,1270.6,9.01,ok,1.0963
prescan,ds-id18,4096,2048,7168,32,512,16384,native,0.250,4.000,3584,112,28672,0,96.3911,1247.6,12.26,ok,1.0765
prescan,ds-id18,4096,2048,7168,32,1024,8192,native,0.250,8.000,1792,112,28672,0,90.6932,1326.0,6.22,ok,1.1441
prescan,ds-id18,4096,2048,7168,32,1024,16384,native,0.250,8.000,1792,112,28672,0,89.2620,1347.3,6.18,ok,1.1624
prescan,ds-id18,4096,2048,7168,32,2048,256,native,0.031,2.000,8192,896,229376,0,112.5096,1068.9,6.85,ok,0.9222
prescan,ds-id18,4096,2048,7168,32,2048,512,native,0.062,4.000,4096,448,114688,0,97.6353,1231.7,3.02,ok,1.0627
prescan,ds-id18,4096,2048,7168,32,2048,1024,native,0.125,8.000,2048,224,57344,0,89.1724,1348.6,3.15,ok,1.1636
prescan,ds-id18,4096,2048,7168,32,2048,2048,native,0.250,16.000,1024,112,28672,0,121.1739,992.5,3.43,ok,0.8563
prescan,ds-id18,4096,2048,7168,32,2048,4096,native,0.250,16.000,1024,112,28672,0,119.8480,1003.4,9.07,ok,0.8658
prescan,ds-id18,4096,2048,7168,32,2048,8192,native,0.250,16.000,1024,112,28672,0,118.9248,1011.2,5.24,ok,0.8725
prescan,ds-id18,4096,2048,7168,32,2048,16384,native,0.250,16.000,1024,112,28672,0,117.0015,1027.8,4.25,ok,0.8868
prescan,ds-id18,4096,2048,7168,32,4096,256,native,0.031,4.000,4096,896,229376,0,104.3688,1152.3,5.77,ok,0.9942
prescan,ds-id18,4096,2048,7168,32,4096,512,native,0.062,8.000,2048,448,114688,0,93.6229,1284.5,0.31,ok,1.1083
prescan,ds-id18,4096,2048,7168,32,4096,1024,native,0.125,16.000,1024,224,57344,0,121.7240,988.0,11.02,ok,0.8524
prescan,ds-id18,4096,2048,7168,32,4096,2048,native,0.250,32.000,512,112,28672,0,170.7587,704.3,8.31,ok,0.6077
prescan,ds-id18,4096,2048,7168,32,4096,4096,native,0.250,32.000,512,112,28672,0,175.8924,683.7,15.86,ok,0.5899
prescan,ds-id18,4096,2048,7168,32,4096,8192,native,0.250,32.000,512,112,28672,0,165.8554,725.1,3.00,ok,0.6256
prescan,ds-id18,4096,2048,7168,32,4096,16384,native,0.250,32.000,512,112,28672,0,178.6808,673.0,3.91,ok,0.5807
prescan,ds-id18,4096,2048,7168,64,64,8192,native,0.500,0.500,28672,112,28672,0,160.5646,749.0,11.80,ok,0.6462
prescan,ds-id18,4096,2048,7168,64,64,16384,native,0.500,0.500,28672,112,28672,0,161.7194,743.6,10.50,ok,0.6416
prescan,ds-id18,4096,2048,7168,64,128,8192,native,0.500,1.000,14336,112,28672,0,119.4276,1007.0,7.10,ok,0.8688
prescan,ds-id18,4096,2048,7168,64,128,16384,native,0.500,1.000,14336,112,28672,0,119.8774,1003.2,13.19,ok,0.8656
prescan,ds-id18,4096,2048,7168,64,256,8192,native,0.500,2.000,7168,112,28672,0,104.8551,1146.9,8.71,ok,0.9896
prescan,ds-id18,4096,2048,7168,64,256,16384,native,0.500,2.000,7168,112,28672,0,106.9055,1124.9,3.54,ok,0.9706
prescan,ds-id18,4096,2048,7168,64,512,8192,native,0.500,4.000,3584,112,28672,0,101.8285,1181.0,5.46,ok,1.0190
prescan,ds-id18,4096,2048,7168,64,512,16384,native,0.500,4.000,3584,112,28672,0,101.9476,1179.6,4.35,ok,1.0178
prescan,ds-id18,4096,2048,7168,64,1024,8192,native,0.500,8.000,1792,112,28672,0,96.2854,1249.0,4.05,ok,1.0776
prescan,ds-id18,4096,2048,7168,64,1024,16384,native,0.500,8.000,1792,112,28672,0,95.3758,1260.9,0.57,ok,1.0879
prescan,ds-id18,4096,2048,7168,64,2048,256,native,0.062,2.000,8192,896,229376,0,129.5366,928.4,23.29,ok,0.8010
prescan,ds-id18,4096,2048,7168,64,2048,512,native,0.125,4.000,4096,448,114688,0,103.2330,1164.9,0.47,ok,1.0051
prescan,ds-id18,4096,2048,7168,64,2048,1024,native,0.250,8.000,2048,224,57344,0,96.1170,1251.2,0.45,ok,1.0795
prescan,ds-id18,4096,2048,7168,64,2048,2048,native,0.500,16.000,1024,112,28672,0,110.2339,1090.9,4.92,ok,0.9413
prescan,ds-id18,4096,2048,7168,64,2048,4096,native,0.500,16.000,1024,112,28672,0,110.2280,1091.0,7.04,ok,0.9413
prescan,ds-id18,4096,2048,7168,64,2048,8192,native,0.500,16.000,1024,112,28672,0,110.1984,1091.3,1.04,ok,0.9416
prescan,ds-id18,4096,2048,7168,64,2048,16384,native,0.500,16.000,1024,112,28672,0,107.3850,1119.9,4.14,ok,0.9663
prescan,ds-id18,4096,2048,7168,64,4096,256,native,0.062,4.000,4096,896,229376,0,115.0638,1045.2,13.29,ok,0.9018
prescan,ds-id18,4096,2048,7168,64,4096,512,native,0.125,8.000,2048,448,114688,0,102.6740,1171.3,13.77,ok,1.0106
prescan,ds-id18,4096,2048,7168,64,4096,1024,native,0.250,16.000,1024,224,57344,0,105.8777,1135.8,5.86,ok,0.9800
prescan,ds-id18,4096,2048,7168,64,4096,2048,native,0.500,32.000,512,112,28672,0,117.6743,1022.0,1.08,ok,0.8818
prescan,ds-id18,4096,2048,7168,64,4096,4096,native,0.500,32.000,512,112,28672,0,117.2929,1025.3,4.48,ok,0.8846
prescan,ds-id18,4096,2048,7168,64,4096,8192,native,0.500,32.000,512,112,28672,0,114.4779,1050.5,1.17,ok,0.9064
prescan,ds-id18,4096,2048,7168,64,4096,16384,native,0.500,32.000,512,112,28672,0,114.8498,1047.1,1.90,ok,0.9035
prescan,ds-id18,4096,2048,7168,128,64,8192,native,1.000,0.500,28672,112,28672,0,157.8910,761.7,0.89,ok,0.6572
prescan,ds-id18,4096,2048,7168,128,64,16384,native,1.000,0.500,28672,112,28672,0,160.9664,747.1,3.22,ok,0.6446
prescan,ds-id18,4096,2048,7168,128,128,8192,native,1.000,1.000,14336,112,28672,0,119.9452,1002.6,0.21,ok,0.8651
prescan,ds-id18,4096,2048,7168,128,128,16384,native,1.000,1.000,14336,112,28672,0,122.4618,982.0,3.97,ok,0.8473
prescan,ds-id18,4096,2048,7168,128,256,8192,native,1.000,2.000,7168,112,28672,0,100.9875,1190.8,4.21,ok,1.0275
prescan,ds-id18,4096,2048,7168,128,256,16384,native,1.000,2.000,7168,112,28672,0,106.4597,1129.6,8.57,ok,0.9747
prescan,ds-id18,4096,2048,7168,128,512,8192,native,1.000,4.000,3584,112,28672,0,92.1965,1304.4,0.63,ok,1.1254
prescan,ds-id18,4096,2048,7168,128,512,16384,native,1.000,4.000,3584,112,28672,0,92.2572,1303.5,0.64,ok,1.1247
prescan,ds-id18,4096,2048,7168,128,1024,8192,native,1.000,8.000,1792,112,28672,0,87.7654,1370.2,1.36,ok,1.1823
prescan,ds-id18,4096,2048,7168,128,1024,16384,native,1.000,8.000,1792,112,28672,0,90.2923,1331.9,1.18,ok,1.1492
prescan,ds-id18,4096,2048,7168,128,2048,256,native,0.125,2.000,8192,896,229376,0,110.1981,1091.3,0.20,ok,0.9416
prescan,ds-id18,4096,2048,7168,128,2048,512,native,0.250,4.000,4096,448,114688,0,96.4469,1246.9,2.33,ok,1.0758
prescan,ds-id18,4096,2048,7168,128,2048,1024,native,0.500,8.000,2048,224,57344,0,90.4697,1329.3,1.17,ok,1.1469
prescan,ds-id18,4096,2048,7168,128,2048,2048,native,1.000,16.000,1024,112,28672,0,94.7279,1269.5,0.92,ok,1.0954
prescan,ds-id18,4096,2048,7168,128,2048,4096,native,1.000,16.000,1024,112,28672,0,97.9399,1227.9,6.40,ok,1.0594
prescan,ds-id18,4096,2048,7168,128,2048,8192,native,1.000,16.000,1024,112,28672,0,100.4975,1196.6,12.33,ok,1.0325
prescan,ds-id18,4096,2048,7168,128,2048,16384,native,1.000,16.000,1024,112,28672,0,97.9309,1228.0,7.27,ok,1.0595
prescan,ds-id18,4096,2048,7168,128,4096,256,native,0.125,4.000,4096,896,229376,0,108.1876,1111.6,0.22,ok,0.9591
prescan,ds-id18,4096,2048,7168,128,4096,512,native,0.250,8.000,2048,448,114688,0,95.4525,1259.9,0.03,ok,1.0871
prescan,ds-id18,4096,2048,7168,128,4096,1024,native,0.500,16.000,1024,224,57344,0,96.8405,1241.8,0.96,ok,1.0715
prescan,ds-id18,4096,2048,7168,128,4096,2048,native,1.000,32.000,512,112,28672,0,102.0040,1179.0,6.25,ok,1.0172
prescan,ds-id18,4096,2048,7168,128,4096,4096,native,1.000,32.000,512,112,28672,0,105.4120,1140.8,12.58,ok,0.9843
prescan,ds-id18,4096,2048,7168,128,4096,8192,native,1.000,32.000,512,112,28672,0,103.9480,1156.9,9.88,ok,0.9982
prescan,ds-id18,4096,2048,7168,128,4096,16384,native,1.000,32.000,512,112,28672,0,101.7106,1182.4,5.88,ok,1.0202
prescan,ds-id18,4096,2048,7168,16,256,2048,native,0.125,2.000,7168,112,28672,0,103.7618,1159.0,0.02,ok,1.0000
final,ds-id18,4096,2048,7168,128,1024,8192,native,1.000,8.000,1792,112,28672,1,93.3679,1288.0,6.77,ok,1.1175
final,ds-id18,4096,2048,7168,16,2048,1024,native,0.062,8.000,2048,224,57344,1,89.6302,1341.7,5.83,ok,1.1641
final,ds-id18,4096,2048,7168,16,1024,16384,native,0.125,8.000,1792,112,28672,1,93.1922,1290.4,0.75,ok,1.1196
final,ds-id18,4096,2048,7168,16,1024,8192,native,0.125,8.000,1792,112,28672,1,95.1449,1264.0,3.29,ok,1.0966
final,ds-id18,4096,2048,7168,32,2048,1024,native,0.125,8.000,2048,224,57344,1,96.8439,1241.8,9.52,ok,1.0774
final,ds-id18,4096,2048,7168,32,1024,16384,native,0.250,8.000,1792,112,28672,1,93.1696,1290.8,0.51,ok,1.1198
final,ds-id18,4096,2048,7168,128,1024,16384,native,1.000,8.000,1792,112,28672,1,95.1060,1264.5,1.57,ok,1.0970
final,ds-id18,4096,2048,7168,128,2048,1024,native,0.500,8.000,2048,224,57344,1,92.6112,1298.5,3.61,ok,1.1266
final,ds-id18,4096,2048,7168,16,256,2048,native,0.125,2.000,7168,112,28672,1,104.3354,1152.6,0.58,ok,1.0000
prescan,llama-id19,4096,4096,256,16,64,8192,native,0.250,1.000,1024,4,1024,0,12.0452,713.1,3.52,ok,0.6688
prescan,llama-id19,4096,4096,256,16,64,16384,native,0.250,1.000,1024,4,1024,0,12.1695,705.9,1.01,ok,0.6620
prescan,llama-id19,4096,4096,256,16,128,8192,native,0.250,2.000,512,4,1024,0,9.1623,937.5,6.31,ok,0.8793
prescan,llama-id19,4096,4096,256,16,128,16384,native,0.250,2.000,512,4,1024,0,9.2264,931.0,5.31,ok,0.8732
prescan,llama-id19,4096,4096,256,16,256,8192,native,0.250,4.000,256,4,1024,0,7.5791,1133.4,5.45,ok,1.0630
prescan,llama-id19,4096,4096,256,16,256,16384,native,0.250,4.000,256,4,1024,0,7.6124,1128.4,5.40,ok,1.0583
prescan,llama-id19,4096,4096,256,16,512,8192,native,0.250,4.000,256,4,1024,0,7.6064,1129.3,5.85,ok,1.0591
prescan,llama-id19,4096,4096,256,16,512,16384,native,0.250,4.000,256,4,1024,0,7.5782,1133.5,4.26,ok,1.0631
prescan,llama-id19,4096,4096,256,16,1024,8192,native,0.250,4.000,256,4,1024,0,7.5880,1132.0,6.09,ok,1.0617
prescan,llama-id19,4096,4096,256,16,1024,16384,native,0.250,4.000,256,4,1024,0,7.3694,1165.6,1.00,ok,1.0932
prescan,llama-id19,4096,4096,256,16,2048,256,native,0.016,0.250,4096,64,16384,0,9.1419,939.6,1.18,ok,0.8812
prescan,llama-id19,4096,4096,256,16,2048,512,native,0.031,0.500,2048,32,8192,0,8.0483,1067.3,0.61,ok,1.0010
prescan,llama-id19,4096,4096,256,16,2048,1024,native,0.062,1.000,1024,16,4096,0,7.7902,1102.7,3.13,ok,1.0342
prescan,llama-id19,4096,4096,256,16,2048,2048,native,0.125,2.000,512,8,2048,0,7.6040,1129.7,0.32,ok,1.0595
prescan,llama-id19,4096,4096,256,16,2048,4096,native,0.250,4.000,256,4,1024,0,7.2601,1183.2,0.98,ok,1.1097
prescan,llama-id19,4096,4096,256,16,2048,8192,native,0.250,4.000,256,4,1024,0,7.3252,1172.7,2.25,ok,1.0998
prescan,llama-id19,4096,4096,256,16,2048,16384,native,0.250,4.000,256,4,1024,0,7.2600,1183.2,0.99,ok,1.1097
prescan,llama-id19,4096,4096,256,16,4096,256,native,0.016,0.250,4096,64,16384,0,8.9978,954.7,1.50,ok,0.8954
prescan,llama-id19,4096,4096,256,16,4096,512,native,0.031,0.500,2048,32,8192,0,8.0317,1069.5,2.04,ok,1.0031
prescan,llama-id19,4096,4096,256,16,4096,1024,native,0.062,1.000,1024,16,4096,0,7.7163,1113.2,1.92,ok,1.0441
prescan,llama-id19,4096,4096,256,16,4096,2048,native,0.125,2.000,512,8,2048,0,7.6274,1126.2,0.69,ok,1.0562
prescan,llama-id19,4096,4096,256,16,4096,4096,native,0.250,4.000,256,4,1024,0,7.2384,1186.7,0.33,ok,1.1130
prescan,llama-id19,4096,4096,256,16,4096,8192,native,0.250,4.000,256,4,1024,0,7.6007,1130.1,7.12,ok,1.0599
prescan,llama-id19,4096,4096,256,16,4096,16384,native,0.250,4.000,256,4,1024,0,7.8789,1090.2,1.02,ok,1.0225
prescan,llama-id19,4096,4096,256,32,64,8192,native,0.500,1.000,1024,4,1024,0,11.7157,733.2,3.44,ok,0.6877
prescan,llama-id19,4096,4096,256,32,64,16384,native,0.500,1.000,1024,4,1024,0,11.7101,733.5,0.61,ok,0.6880
prescan,llama-id19,4096,4096,256,32,128,8192,native,0.500,2.000,512,4,1024,0,8.7804,978.3,0.31,ok,0.9175
prescan,llama-id19,4096,4096,256,32,128,16384,native,0.500,2.000,512,4,1024,0,8.7004,987.3,0.89,ok,0.9260
prescan,llama-id19,4096,4096,256,32,256,8192,native,0.500,4.000,256,4,1024,0,7.1740,1197.4,0.56,ok,1.1230
prescan,llama-id19,4096,4096,256,32,256,16384,native,0.500,4.000,256,4,1024,0,7.3729,1165.1,4.48,ok,1.0927
prescan,llama-id19,4096,4096,256,32,512,8192,native,0.500,4.000,256,4,1024,0,7.3278,1172.2,3.67,ok,1.0994
prescan,llama-id19,4096,4096,256,32,512,16384,native,0.500,4.000,256,4,1024,0,7.3544,1168.0,6.27,ok,1.0954
prescan,llama-id19,4096,4096,256,32,1024,8192,native,0.500,4.000,256,4,1024,0,7.1836,1195.8,1.55,ok,1.1215
prescan,llama-id19,4096,4096,256,32,1024,16384,native,0.500,4.000,256,4,1024,0,7.3315,1171.7,4.27,ok,1.0989
prescan,llama-id19,4096,4096,256,32,2048,256,native,0.031,0.250,4096,64,16384,0,8.9562,959.1,1.05,ok,0.8995
prescan,llama-id19,4096,4096,256,32,2048,512,native,0.062,0.500,2048,32,8192,0,8.2634,1039.5,5.11,ok,0.9749
prescan,llama-id19,4096,4096,256,32,2048,1024,native,0.125,1.000,1024,16,4096,0,7.7686,1105.7,0.14,ok,1.0370
prescan,llama-id19,4096,4096,256,32,2048,2048,native,0.250,2.000,512,8,2048,0,7.6831,1118.0,1.94,ok,1.0486
prescan,llama-id19,4096,4096,256,32,2048,4096,native,0.500,4.000,256,4,1024,0,7.3747,1164.8,4.97,ok,1.0924
prescan,llama-id19,4096,4096,256,32,2048,8192,native,0.500,4.000,256,4,1024,0,7.3922,1162.0,5.93,ok,1.0898
prescan,llama-id19,4096,4096,256,32,2048,16384,native,0.500,4.000,256,4,1024,0,7.4350,1155.3,5.36,ok,1.0836
prescan,llama-id19,4096,4096,256,32,4096,256,native,0.031,0.250,4096,64,16384,0,9.0290,951.4,2.53,ok,0.8923
prescan,llama-id19,4096,4096,256,32,4096,512,native,0.062,0.500,2048,32,8192,0,8.3353,1030.5,7.10,ok,0.9665
prescan,llama-id19,4096,4096,256,32,4096,1024,native,0.125,1.000,1024,16,4096,0,8.0598,1065.8,8.72,ok,0.9996
prescan,llama-id19,4096,4096,256,32,4096,2048,native,0.250,2.000,512,8,2048,0,7.8498,1094.3,6.44,ok,1.0263
prescan,llama-id19,4096,4096,256,32,4096,4096,native,0.500,4.000,256,4,1024,0,7.4180,1158.0,8.63,ok,1.0860
prescan,llama-id19,4096,4096,256,32,4096,8192,native,0.500,4.000,256,4,1024,0,7.4741,1149.3,7.67,ok,1.0779
prescan,llama-id19,4096,4096,256,32,4096,16384,native,0.500,4.000,256,4,1024,0,7.5037,1144.8,7.82,ok,1.0736
prescan,llama-id19,4096,4096,256,64,64,8192,native,1.000,1.000,1024,4,1024,0,11.6859,735.1,13.74,ok,0.6894
prescan,llama-id19,4096,4096,256,64,64,16384,native,1.000,1.000,1024,4,1024,0,12.0244,714.4,10.38,ok,0.6700
prescan,llama-id19,4096,4096,256,64,128,8192,native,1.000,2.000,512,4,1024,0,8.8868,966.6,9.95,ok,0.9065
prescan,llama-id19,4096,4096,256,64,128,16384,native,1.000,2.000,512,4,1024,0,8.6109,997.6,9.62,ok,0.9356
prescan,llama-id19,4096,4096,256,64,256,8192,native,1.000,4.000,256,4,1024,0,7.1592,1199.8,14.24,ok,1.1253
prescan,llama-id19,4096,4096,256,64,256,16384,native,1.000,4.000,256,4,1024,0,7.1849,1195.6,12.30,ok,1.1213
prescan,llama-id19,4096,4096,256,64,512,8192,native,1.000,4.000,256,4,1024,0,7.3236,1172.9,9.25,ok,1.1001
prescan,llama-id19,4096,4096,256,64,512,16384,native,1.000,4.000,256,4,1024,0,7.3587,1167.3,9.38,ok,1.0948
prescan,llama-id19,4096,4096,256,64,1024,8192,native,1.000,4.000,256,4,1024,0,7.4291,1156.3,9.07,ok,1.0844
prescan,llama-id19,4096,4096,256,64,1024,16384,native,1.000,4.000,256,4,1024,0,7.4151,1158.4,5.75,ok,1.0865
prescan,llama-id19,4096,4096,256,64,2048,256,native,0.062,0.250,4096,64,16384,0,9.2294,930.7,6.06,ok,0.8729
prescan,llama-id19,4096,4096,256,64,2048,512,native,0.125,0.500,2048,32,8192,0,8.2992,1035.0,6.81,ok,0.9707
prescan,llama-id19,4096,4096,256,64,2048,1024,native,0.250,1.000,1024,16,4096,0,8.0294,1069.8,6.99,ok,1.0034
prescan,llama-id19,4096,4096,256,64,2048,2048,native,0.500,2.000,512,8,2048,0,7.5287,1141.0,0.57,ok,1.0701
prescan,llama-id19,4096,4096,256,64,2048,4096,native,1.000,4.000,256,4,1024,0,7.2923,1177.9,5.71,ok,1.1048
prescan,llama-id19,4096,4096,256,64,2048,8192,native,1.000,4.000,256,4,1024,0,7.1462,1202.0,1.17,ok,1.1274
prescan,llama-id19,4096,4096,256,64,2048,16384,native,1.000,4.000,256,4,1024,0,7.4173,1158.1,5.72,ok,1.0861
prescan,llama-id19,4096,4096,256,64,4096,256,native,0.062,0.250,4096,64,16384,0,9.0259,951.7,1.81,ok,0.8926
prescan,llama-id19,4096,4096,256,64,4096,512,native,0.125,0.500,2048,32,8192,0,8.2707,1038.6,2.40,ok,0.9741
prescan,llama-id19,4096,4096,256,64,4096,1024,native,0.250,1.000,1024,16,4096,0,8.3023,1034.6,0.20,ok,0.9704
prescan,llama-id19,4096,4096,256,64,4096,2048,native,0.500,2.000,512,8,2048,0,7.9594,1079.2,1.70,ok,1.0122
prescan,llama-id19,4096,4096,256,64,4096,4096,native,1.000,4.000,256,4,1024,0,7.4658,1150.6,2.68,ok,1.0791
prescan,llama-id19,4096,4096,256,64,4096,8192,native,1.000,4.000,256,4,1024,0,7.6439,1123.8,1.17,ok,1.0540
prescan,llama-id19,4096,4096,256,64,4096,16384,native,1.000,4.000,256,4,1024,0,7.4566,1152.0,7.14,ok,1.0804
prescan,llama-id19,4096,4096,256,128,64,8192,native,2.000,1.000,1024,4,1024,0,11.8229,726.5,5.27,ok,0.6814
prescan,llama-id19,4096,4096,256,128,64,16384,native,2.000,1.000,1024,4,1024,0,12.1223,708.6,3.42,ok,0.6646
prescan,llama-id19,4096,4096,256,128,128,8192,native,2.000,2.000,512,4,1024,0,9.7282,883.0,14.18,ok,0.8281
prescan,llama-id19,4096,4096,256,128,128,16384,native,2.000,2.000,512,4,1024,0,9.2447,929.2,0.57,ok,0.8714
prescan,llama-id19,4096,4096,256,128,256,8192,native,2.000,4.000,256,4,1024,0,7.6790,1118.6,1.91,ok,1.0491
prescan,llama-id19,4096,4096,256,128,256,16384,native,2.000,4.000,256,4,1024,0,7.6397,1124.4,2.37,ok,1.0545
prescan,llama-id19,4096,4096,256,128,512,8192,native,2.000,4.000,256,4,1024,0,7.6471,1123.3,1.33,ok,1.0535
prescan,llama-id19,4096,4096,256,128,512,16384,native,2.000,4.000,256,4,1024,0,7.7081,1114.4,0.06,ok,1.0452
prescan,llama-id19,4096,4096,256,128,1024,8192,native,2.000,4.000,256,4,1024,0,7.7300,1111.2,0.61,ok,1.0422
prescan,llama-id19,4096,4096,256,128,1024,16384,native,2.000,4.000,256,4,1024,0,7.7525,1108.0,0.25,ok,1.0392
prescan,llama-id19,4096,4096,256,128,2048,256,native,0.125,0.250,4096,64,16384,0,9.4088,913.0,2.77,ok,0.8563
prescan,llama-id19,4096,4096,256,128,2048,512,native,0.250,0.500,2048,32,8192,0,8.6469,993.4,0.20,ok,0.9317
prescan,llama-id19,4096,4096,256,128,2048,1024,native,0.500,1.000,1024,16,4096,0,8.2579,1040.2,0.74,ok,0.9756
prescan,llama-id19,4096,4096,256,128,2048,2048,native,1.000,2.000,512,8,2048,0,8.0576,1066.1,0.54,ok,0.9998
prescan,llama-id19,4096,4096,256,128,2048,4096,native,2.000,4.000,256,4,1024,0,7.6965,1116.1,0.38,ok,1.0468
prescan,llama-id19,4096,4096,256,128,2048,8192,native,2.000,4.000,256,4,1024,0,7.5222,1141.9,4.54,ok,1.0710
prescan,llama-id19,4096,4096,256,128,2048,16384,native,2.000,4.000,256,4,1024,0,7.6296,1125.9,2.30,ok,1.0559
prescan,llama-id19,4096,4096,256,128,4096,256,native,0.125,0.250,4096,64,16384,0,8.9036,964.8,1.02,ok,0.9048
prescan,llama-id19,4096,4096,256,128,4096,512,native,0.250,0.500,2048,32,8192,0,8.1352,1055.9,1.06,ok,0.9903
prescan,llama-id19,4096,4096,256,128,4096,1024,native,0.500,1.000,1024,16,4096,0,8.1121,1058.9,5.28,ok,0.9931
prescan,llama-id19,4096,4096,256,128,4096,2048,native,1.000,2.000,512,8,2048,0,8.0705,1064.4,1.35,ok,0.9982
prescan,llama-id19,4096,4096,256,128,4096,4096,native,2.000,4.000,256,4,1024,0,7.6878,1117.3,1.78,ok,1.0479
prescan,llama-id19,4096,4096,256,128,4096,8192,native,2.000,4.000,256,4,1024,0,7.6004,1130.2,1.93,ok,1.0600
prescan,llama-id19,4096,4096,256,128,4096,16384,native,2.000,4.000,256,4,1024,0,7.5270,1141.2,1.74,ok,1.0703
prescan,llama-id19,4096,4096,256,16,256,2048,native,0.125,2.000,512,8,2048,0,8.0563,1066.2,0.63,ok,1.0000
final,llama-id19,4096,4096,256,64,2048,8192,native,1.000,4.000,256,4,1024,22,6.6764,1286.6,1.65,ok,1.0806
final,llama-id19,4096,4096,256,64,256,8192,native,1.000,4.000,256,4,1024,22,6.7024,1281.6,1.42,ok,1.0764
final,llama-id19,4096,4096,256,32,256,8192,native,0.500,4.000,256,4,1024,21,6.7298,1276.4,1.87,ok,1.0720
final,llama-id19,4096,4096,256,32,1024,8192,native,0.500,4.000,256,4,1024,22,6.7229,1277.7,1.76,ok,1.0731
final,llama-id19,4096,4096,256,64,256,16384,native,1.000,4.000,256,4,1024,22,6.7449,1273.5,1.87,ok,1.0696
final,llama-id19,4096,4096,256,16,4096,4096,native,0.250,4.000,256,4,1024,21,6.8678,1250.8,0.56,ok,1.0505
final,llama-id19,4096,4096,256,16,2048,16384,native,0.250,4.000,256,4,1024,21,6.8506,1253.9,0.52,ok,1.0531
final,llama-id19,4096,4096,256,16,2048,4096,native,0.250,4.000,256,4,1024,21,6.8479,1254.4,0.42,ok,1.0535
final,llama-id19,4096,4096,256,64,2048,4096,native,1.000,4.000,256,4,1024,22,6.7413,1274.2,1.55,ok,1.0702
final,llama-id19,4096,4096,256,64,512,8192,native,1.000,4.000,256,4,1024,21,6.7184,1278.6,1.68,ok,1.0738
final,llama-id19,4096,4096,256,16,2048,8192,native,0.250,4.000,256,4,1024,20,6.8533,1253.4,0.42,ok,1.0527
final,llama-id19,4096,4096,256,32,512,8192,native,0.500,4.000,256,4,1024,22,6.7439,1273.7,1.95,ok,1.0698
final,llama-id19,4096,4096,256,32,1024,16384,native,0.500,4.000,256,4,1024,22,6.7576,1271.1,1.48,ok,1.0676
final,llama-id19,4096,4096,256,32,512,16384,native,0.500,4.000,256,4,1024,21,7.0098,1225.4,0.41,ok,1.0292
final,llama-id19,4096,4096,256,64,512,16384,native,1.000,4.000,256,4,1024,21,6.9527,1235.5,0.24,ok,1.0376
final,llama-id19,4096,4096,256,16,256,2048,native,0.125,2.000,512,8,2048,20,7.2144,1190.7,0.29,ok,1.0000
prescan,llama-id20,11008,4096,256,16,64,8192,native,0.250,1.000,2752,4,2752,0,29.7486,776.0,0.15,ok,0.6565
prescan,llama-id20,11008,4096,256,16,64,16384,native,0.250,1.000,2752,4,2752,0,30.6938,752.1,3.03,ok,0.6363
prescan,llama-id20,11008,4096,256,16,128,8192,native,0.250,2.000,1376,4,2752,0,22.0396,1047.5,0.32,ok,0.8861
prescan,llama-id20,11008,4096,256,16,128,16384,native,0.250,2.000,1376,4,2752,0,22.0160,1048.6,0.54,ok,0.8870
prescan,llama-id20,11008,4096,256,16,256,8192,native,0.250,4.000,688,4,2752,0,18.3429,1258.5,0.46,ok,1.0647
prescan,llama-id20,11008,4096,256,16,256,16384,native,0.250,4.000,688,4,2752,0,18.3043,1261.2,0.16,ok,1.0669
prescan,llama-id20,11008,4096,256,16,512,8192,native,0.250,4.000,688,4,2752,0,18.3534,1257.8,0.44,ok,1.0641
prescan,llama-id20,11008,4096,256,16,512,16384,native,0.250,4.000,688,4,2752,0,18.3620,1257.2,0.20,ok,1.0636
prescan,llama-id20,11008,4096,256,16,1024,8192,native,0.250,4.000,688,4,2752,0,18.3233,1259.9,0.23,ok,1.0658
prescan,llama-id20,11008,4096,256,16,1024,16384,native,0.250,4.000,688,4,2752,0,18.3481,1258.2,0.30,ok,1.0644
prescan,llama-id20,11008,4096,256,16,2048,256,native,0.016,0.250,11008,64,44032,0,23.0492,1001.6,0.29,ok,0.8473
prescan,llama-id20,11008,4096,256,16,2048,512,native,0.031,0.500,5504,32,22016,0,20.2998,1137.2,0.20,ok,0.9620
prescan,llama-id20,11008,4096,256,16,2048,1024,native,0.062,1.000,2752,16,11008,0,19.8290,1164.2,0.12,ok,0.9849
prescan,llama-id20,11008,4096,256,16,2048,2048,native,0.125,2.000,1376,8,5504,0,19.3552,1192.7,0.24,ok,1.0090
prescan,llama-id20,11008,4096,256,16,2048,4096,native,0.250,4.000,688,4,2752,0,18.3196,1260.2,0.08,ok,1.0660
prescan,llama-id20,11008,4096,256,16,2048,8192,native,0.250,4.000,688,4,2752,0,18.5270,1246.0,0.04,ok,1.0541
prescan,llama-id20,11008,4096,256,16,2048,16384,native,0.250,4.000,688,4,2752,0,17.9444,1286.5,8.36,ok,1.0883
prescan,llama-id20,11008,4096,256,16,4096,256,native,0.016,0.250,11008,64,44032,0,22.6245,1020.4,3.51,ok,0.8632
prescan,llama-id20,11008,4096,256,16,4096,512,native,0.031,0.500,5504,32,22016,0,19.9341,1158.1,3.69,ok,0.9797
prescan,llama-id20,11008,4096,256,16,4096,1024,native,0.062,1.000,2752,16,11008,0,19.4569,1186.5,3.89,ok,1.0037
prescan,llama-id20,11008,4096,256,16,4096,2048,native,0.125,2.000,1376,8,5504,0,19.2542,1199.0,6.47,ok,1.0143
prescan,llama-id20,11008,4096,256,16,4096,4096,native,0.250,4.000,688,4,2752,0,18.5752,1242.8,3.11,ok,1.0513
prescan,llama-id20,11008,4096,256,16,4096,8192,native,0.250,4.000,688,4,2752,0,18.6038,1240.9,3.27,ok,1.0497
prescan,llama-id20,11008,4096,256,16,4096,16384,native,0.250,4.000,688,4,2752,0,18.6218,1239.7,3.50,ok,1.0487
prescan,llama-id20,11008,4096,256,32,64,8192,native,0.500,1.000,2752,4,2752,0,28.8180,801.1,5.35,ok,0.6777
prescan,llama-id20,11008,4096,256,32,64,16384,native,0.500,1.000,2752,4,2752,0,28.8467,800.3,6.13,ok,0.6770
prescan,llama-id20,11008,4096,256,32,128,8192,native,0.500,2.000,1376,4,2752,0,21.5830,1069.6,3.98,ok,0.9048
prescan,llama-id20,11008,4096,256,32,128,16384,native,0.500,2.000,1376,4,2752,0,21.6716,1065.2,4.27,ok,0.9011
prescan,llama-id20,11008,4096,256,32,256,8192,native,0.500,4.000,688,4,2752,0,17.8390,1294.1,4.06,ok,1.0947
prescan,llama-id20,11008,4096,256,32,256,16384,native,0.500,4.000,688,4,2752,0,18.0238,1280.8,2.40,ok,1.0835
prescan,llama-id20,11008,4096,256,32,512,8192,native,0.500,4.000,688,4,2752,0,17.9977,1282.7,2.21,ok,1.0851
prescan,llama-id20,11008,4096,256,32,512,16384,native,0.500,4.000,688,4,2752,0,18.0593,1278.3,3.26,ok,1.0814
prescan,llama-id20,11008,4096,256,32,1024,8192,native,0.500,4.000,688,4,2752,0,18.0440,1279.4,3.71,ok,1.0823
prescan,llama-id20,11008,4096,256,32,1024,16384,native,0.500,4.000,688,4,2752,0,18.0967,1275.7,3.82,ok,1.0791
prescan,llama-id20,11008,4096,256,32,2048,256,native,0.031,0.250,11008,64,44032,0,22.7080,1016.6,0.01,ok,0.8600
prescan,llama-id20,11008,4096,256,32,2048,512,native,0.062,0.500,5504,32,22016,0,20.3753,1133.0,0.13,ok,0.9585
prescan,llama-id20,11008,4096,256,32,2048,1024,native,0.125,1.000,2752,16,11008,0,19.7897,1166.5,0.27,ok,0.9868
prescan,llama-id20,11008,4096,256,32,2048,2048,native,0.250,2.000,1376,8,5504,0,19.3101,1195.5,0.08,ok,1.0113
prescan,llama-id20,11008,4096,256,32,2048,4096,native,0.500,4.000,688,4,2752,0,17.9011,1289.6,1.74,ok,1.0909
prescan,llama-id20,11008,4096,256,32,2048,8192,native,0.500,4.000,688,4,2752,0,18.1917,1269.0,0.81,ok,1.0735
prescan,llama-id20,11008,4096,256,32,2048,16384,native,0.500,4.000,688,4,2752,0,18.1394,1272.7,0.10,ok,1.0766
prescan,llama-id20,11008,4096,256,32,4096,256,native,0.031,0.250,11008,64,44032,0,22.7033,1016.8,0.25,ok,0.8602
prescan,llama-id20,11008,4096,256,32,4096,512,native,0.062,0.500,5504,32,22016,0,20.7931,1110.2,3.50,ok,0.9392
prescan,llama-id20,11008,4096,256,32,4096,1024,native,0.125,1.000,2752,16,11008,0,19.8314,1164.1,0.13,ok,0.9848
prescan,llama-id20,11008,4096,256,32,4096,2048,native,0.250,2.000,1376,8,5504,0,19.3886,1190.7,0.66,ok,1.0072
prescan,llama-id20,11008,4096,256,32,4096,4096,native,0.500,4.000,688,4,2752,0,18.4009,1254.6,2.75,ok,1.0613
prescan,llama-id20,11008,4096,256,32,4096,8192,native,0.500,4.000,688,4,2752,0,18.7224,1233.0,3.62,ok,1.0431
prescan,llama-id20,11008,4096,256,32,4096,16384,native,0.500,4.000,688,4,2752,0,18.4705,1249.9,0.91,ok,1.0573
prescan,llama-id20,11008,4096,256,64,64,8192,native,1.000,1.000,2752,4,2752,0,28.8192,801.0,0.46,ok,0.6776
prescan,llama-id20,11008,4096,256,64,64,16384,native,1.000,1.000,2752,4,2752,0,28.9655,797.0,0.72,ok,0.6742
prescan,llama-id20,11008,4096,256,64,128,8192,native,1.000,2.000,1376,4,2752,0,21.7292,1062.4,0.02,ok,0.8987
prescan,llama-id20,11008,4096,256,64,128,16384,native,1.000,2.000,1376,4,2752,0,21.7097,1063.4,0.21,ok,0.8996
prescan,llama-id20,11008,4096,256,64,256,8192,native,1.000,4.000,688,4,2752,0,17.6491,1308.0,0.23,ok,1.1065
prescan,llama-id20,11008,4096,256,64,256,16384,native,1.000,4.000,688,4,2752,0,17.6528,1307.8,0.02,ok,1.1063
prescan,llama-id20,11008,4096,256,64,512,8192,native,1.000,4.000,688,4,2752,0,17.6841,1305.4,0.30,ok,1.1043
prescan,llama-id20,11008,4096,256,64,512,16384,native,1.000,4.000,688,4,2752,0,17.6468,1308.2,0.13,ok,1.1067
prescan,llama-id20,11008,4096,256,64,1024,8192,native,1.000,4.000,688,4,2752,0,18.1119,1274.6,1.97,ok,1.0782
prescan,llama-id20,11008,4096,256,64,1024,16384,native,1.000,4.000,688,4,2752,0,18.0741,1277.3,0.72,ok,1.0805
prescan,llama-id20,11008,4096,256,64,2048,256,native,0.062,0.250,11008,64,44032,0,22.9291,1006.8,2.69,ok,0.8517
prescan,llama-id20,11008,4096,256,64,2048,512,native,0.125,0.500,5504,32,22016,0,20.8289,1108.3,5.10,ok,0.9376
prescan,llama-id20,11008,4096,256,64,2048,1024,native,0.250,1.000,2752,16,11008,0,20.2147,1142.0,5.43,ok,0.9661
prescan,llama-id20,11008,4096,256,64,2048,2048,native,0.500,2.000,1376,8,5504,0,19.7977,1166.1,3.51,ok,0.9864
prescan,llama-id20,11008,4096,256,64,2048,4096,native,1.000,4.000,688,4,2752,0,18.8050,1227.6,3.38,ok,1.0385
prescan,llama-id20,11008,4096,256,64,2048,8192,native,1.000,4.000,688,4,2752,0,18.5791,1242.5,2.32,ok,1.0511
prescan,llama-id20,11008,4096,256,64,2048,16384,native,1.000,4.000,688,4,2752,0,18.5063,1247.4,4.14,ok,1.0553
prescan,llama-id20,11008,4096,256,64,4096,256,native,0.062,0.250,11008,64,44032,0,22.6389,1019.7,0.08,ok,0.8626
prescan,llama-id20,11008,4096,256,64,4096,512,native,0.125,0.500,5504,32,22016,0,20.3905,1132.2,0.59,ok,0.9577
prescan,llama-id20,11008,4096,256,64,4096,1024,native,0.250,1.000,2752,16,11008,0,19.8320,1164.1,1.84,ok,0.9847
prescan,llama-id20,11008,4096,256,64,4096,2048,native,0.500,2.000,1376,8,5504,0,19.3148,1195.2,1.65,ok,1.0111
prescan,llama-id20,11008,4096,256,64,4096,4096,native,1.000,4.000,688,4,2752,0,18.1973,1268.6,1.35,ok,1.0732
prescan,llama-id20,11008,4096,256,64,4096,8192,native,1.000,4.000,688,4,2752,0,18.1902,1269.1,0.75,ok,1.0736
prescan,llama-id20,11008,4096,256,64,4096,16384,native,1.000,4.000,688,4,2752,0,18.2378,1265.8,0.27,ok,1.0708
prescan,llama-id20,11008,4096,256,128,64,8192,native,2.000,1.000,2752,4,2752,0,28.5448,808.7,0.15,ok,0.6842
prescan,llama-id20,11008,4096,256,128,64,16384,native,2.000,1.000,2752,4,2752,0,28.7358,803.4,1.55,ok,0.6796
prescan,llama-id20,11008,4096,256,128,128,8192,native,2.000,2.000,1376,4,2752,0,21.2259,1087.6,0.24,ok,0.9201
prescan,llama-id20,11008,4096,256,128,128,16384,native,2.000,2.000,1376,4,2752,0,21.1994,1089.0,0.30,ok,0.9212
prescan,llama-id20,11008,4096,256,128,256,8192,native,2.000,4.000,688,4,2752,0,17.8156,1295.8,0.30,ok,1.0962
prescan,llama-id20,11008,4096,256,128,256,16384,native,2.000,4.000,688,4,2752,0,17.8489,1293.4,0.02,ok,1.0941
prescan,llama-id20,11008,4096,256,128,512,8192,native,2.000,4.000,688,4,2752,0,18.0026,1282.3,2.06,ok,1.0848
prescan,llama-id20,11008,4096,256,128,512,16384,native,2.000,4.000,688,4,2752,0,18.3016,1261.4,0.63,ok,1.0671
prescan,llama-id20,11008,4096,256,128,1024,8192,native,2.000,4.000,688,4,2752,0,18.2502,1264.9,1.52,ok,1.0701
prescan,llama-id20,11008,4096,256,128,1024,16384,native,2.000,4.000,688,4,2752,0,18.1576,1271.4,0.10,ok,1.0755
prescan,llama-id20,11008,4096,256,128,2048,256,native,0.125,0.250,11008,64,44032,0,22.4020,1030.5,0.12,ok,0.8718
prescan,llama-id20,11008,4096,256,128,2048,512,native,0.250,0.500,5504,32,22016,0,20.2322,1141.0,0.20,ok,0.9652
prescan,llama-id20,11008,4096,256,128,2048,1024,native,0.500,1.000,2752,16,11008,0,19.8199,1164.8,0.14,ok,0.9853
prescan,llama-id20,11008,4096,256,128,2048,2048,native,1.000,2.000,1376,8,5504,0,19.2248,1200.8,0.17,ok,1.0158
prescan,llama-id20,11008,4096,256,128,2048,4096,native,2.000,4.000,688,4,2752,0,18.2234,1266.8,1.14,ok,1.0716
prescan,llama-id20,11008,4096,256,128,2048,8192,native,2.000,4.000,688,4,2752,0,18.4254,1252.9,0.10,ok,1.0599
prescan,llama-id20,11008,4096,256,128,2048,16384,native,2.000,4.000,688,4,2752,0,18.3937,1255.1,1.24,ok,1.0617
prescan,llama-id20,11008,4096,256,128,4096,256,native,0.125,0.250,11008,64,44032,0,22.3932,1030.9,0.19,ok,0.8721
prescan,llama-id20,11008,4096,256,128,4096,512,native,0.250,0.500,5504,32,22016,0,20.3933,1132.0,1.36,ok,0.9576
prescan,llama-id20,11008,4096,256,128,4096,1024,native,0.500,1.000,2752,16,11008,0,19.8060,1165.6,0.11,ok,0.9860
prescan,llama-id20,11008,4096,256,128,4096,2048,native,1.000,2.000,1376,8,5504,0,19.5551,1180.5,0.28,ok,0.9987
prescan,llama-id20,11008,4096,256,128,4096,4096,native,2.000,4.000,688,4,2752,0,18.6054,1240.8,1.76,ok,1.0496
prescan,llama-id20,11008,4096,256,128,4096,8192,native,2.000,4.000,688,4,2752,0,18.4059,1254.2,0.02,ok,1.0610
prescan,llama-id20,11008,4096,256,128,4096,16384,native,2.000,4.000,688,4,2752,0,18.2188,1267.1,0.89,ok,1.0719
prescan,llama-id20,11008,4096,256,16,256,2048,native,0.125,2.000,1376,8,5504,0,19.5290,1182.1,0.23,ok,1.0000
final,llama-id20,11008,4096,256,64,512,16384,native,1.000,4.000,688,4,2752,7,20.3997,1131.7,0.44,ok,0.9984
final,llama-id20,11008,4096,256,64,256,8192,native,1.000,4.000,688,4,2752,7,20.2302,1141.1,2.13,ok,1.0068
final,llama-id20,11008,4096,256,64,256,16384,native,1.000,4.000,688,4,2752,7,20.4749,1127.5,8.42,ok,0.9947
final,llama-id20,11008,4096,256,64,512,8192,native,1.000,4.000,688,4,2752,7,20.3840,1132.5,2.13,ok,0.9992
final,llama-id20,11008,4096,256,128,256,8192,native,2.000,4.000,688,4,2752,7,20.3238,1135.9,1.19,ok,1.0021
final,llama-id20,11008,4096,256,32,256,8192,native,0.500,4.000,688,4,2752,7,20.1009,1148.5,3.95,ok,1.0132
final,llama-id20,11008,4096,256,128,256,16384,native,2.000,4.000,688,4,2752,7,18.8281,1226.1,0.38,ok,1.0817
final,llama-id20,11008,4096,256,32,2048,4096,native,0.500,4.000,688,4,2752,7,18.2478,1265.1,3.75,ok,1.1161
final,llama-id20,11008,4096,256,16,2048,16384,native,0.250,4.000,688,4,2752,8,18.3273,1259.6,0.16,ok,1.1113
final,llama-id20,11008,4096,256,32,512,8192,native,0.500,4.000,688,4,2752,8,18.0134,1281.6,1.55,ok,1.1307
final,llama-id20,11008,4096,256,128,512,8192,native,2.000,4.000,688,4,2752,7,18.8777,1222.9,2.35,ok,1.0789
final,llama-id20,11008,4096,256,32,256,16384,native,0.500,4.000,688,4,2752,7,18.4963,1248.1,3.59,ok,1.1011
final,llama-id20,11008,4096,256,32,1024,8192,native,0.500,4.000,688,4,2752,7,19.2413,1199.8,3.16,ok,1.0585
final,llama-id20,11008,4096,256,32,512,16384,native,0.500,4.000,688,4,2752,8,18.8031,1227.7,1.19,ok,1.0832
final,llama-id20,11008,4096,256,64,1024,16384,native,1.000,4.000,688,4,2752,8,18.5667,1243.4,0.86,ok,1.0970
final,llama-id20,11008,4096,256,32,1024,16384,native,0.500,4.000,688,4,2752,8,18.6647,1236.9,1.31,ok,1.0912
final,llama-id20,11008,4096,256,64,1024,8192,native,1.000,4.000,688,4,2752,8,18.5635,1243.6,1.11,ok,1.0971
final,llama-id20,11008,4096,256,32,2048,16384,native,0.500,4.000,688,4,2752,7,18.7019,1234.4,4.29,ok,1.0890
final,llama-id20,11008,4096,256,128,1024,16384,native,2.000,4.000,688,4,2752,7,18.4142,1253.7,4.26,ok,1.1060
final,llama-id20,11008,4096,256,16,256,2048,native,0.125,2.000,1376,8,5504,7,20.3669,1133.5,8.34,ok,1.0000
prescan,llama-id21,4096,11008,256,16,64,8192,native,0.500,2.000,2048,8,2048,0,28.5919,807.4,0.56,ok,0.6893
prescan,llama-id21,4096,11008,256,16,64,16384,native,0.672,2.688,1024,4,1024,0,25.9210,890.6,0.01,ok,0.7603
prescan,llama-id21,4096,11008,256,16,128,8192,native,0.500,4.000,1024,8,2048,0,21.9839,1050.1,0.37,ok,0.8965
prescan,llama-id21,4096,11008,256,16,128,16384,native,0.672,5.375,512,4,1024,0,19.9480,1157.3,0.04,ok,0.9880
prescan,llama-id21,4096,11008,256,16,256,8192,native,0.500,8.000,512,8,2048,0,18.3023,1261.3,1.66,ok,1.0768
prescan,llama-id21,4096,11008,256,16,256,16384,native,0.672,10.750,256,4,1024,0,21.5136,1073.1,0.13,ok,0.9161
prescan,llama-id21,4096,11008,256,16,512,8192,native,0.500,8.000,512,8,2048,0,18.7882,1228.7,3.36,ok,1.0490
prescan,llama-id21,4096,11008,256,16,512,16384,native,0.672,10.750,256,4,1024,0,21.6741,1065.1,2.12,ok,0.9093
prescan,llama-id21,4096,11008,256,16,1024,8192,native,0.500,8.000,512,8,2048,0,19.0076,1214.5,1.06,ok,1.0369
prescan,llama-id21,4096,11008,256,16,1024,16384,native,0.672,10.750,256,4,1024,0,21.4556,1076.0,0.17,ok,0.9186
prescan,llama-id21,4096,11008,256,16,2048,256,native,0.016,0.250,11008,172,44032,0,24.4740,943.3,0.49,ok,0.8053
prescan,llama-id21,4096,11008,256,16,2048,512,native,0.031,0.500,5632,88,22528,0,20.4999,1126.1,0.14,ok,0.9614
prescan,llama-id21,4096,11008,256,16,2048,1024,native,0.062,1.000,2816,44,11264,0,19.8843,1161.0,0.14,ok,0.9911
prescan,llama-id21,4096,11008,256,16,2048,2048,native,0.125,2.000,1536,24,6144,0,19.6830,1172.9,0.09,ok,1.0013
prescan,llama-id21,4096,11008,256,16,2048,4096,native,0.250,4.000,768,12,3072,0,19.0024,1214.9,0.08,ok,1.0371
prescan,llama-id21,4096,11008,256,16,2048,8192,native,0.500,8.000,512,8,2048,0,18.6022,1241.0,0.24,ok,1.0595
prescan,llama-id21,4096,11008,256,16,2048,16384,native,0.672,10.750,256,4,1024,0,21.5088,1073.3,0.37,ok,0.9163
prescan,llama-id21,4096,11008,256,16,4096,256,native,0.016,0.250,11008,172,44032,0,24.4656,943.6,0.96,ok,0.8056
prescan,llama-id21,4096,11008,256,16,4096,512,native,0.031,0.500,5632,88,22528,0,20.4937,1126.5,0.02,ok,0.9617
prescan,llama-id21,4096,11008,256,16,4096,1024,native,0.062,1.000,2816,44,11264,0,19.8715,1161.7,0.14,ok,0.9918
prescan,llama-id21,4096,11008,256,16,4096,2048,native,0.125,2.000,1536,24,6144,0,19.6801,1173.0,0.13,ok,1.0014
prescan,llama-id21,4096,11008,256,16,4096,4096,native,0.250,4.000,768,12,3072,0,18.6992,1234.6,0.48,ok,1.0540
prescan,llama-id21,4096,11008,256,16,4096,8192,native,0.500,8.000,512,8,2048,0,18.6090,1240.6,0.62,ok,1.0591
prescan,llama-id21,4096,11008,256,16,4096,16384,native,0.672,10.750,256,4,1024,0,20.8640,1106.5,5.77,ok,0.9446
prescan,llama-id21,4096,11008,256,32,64,8192,native,1.000,2.000,2048,8,2048,0,28.3495,814.3,5.40,ok,0.6952
prescan,llama-id21,4096,11008,256,32,64,16384,native,1.344,2.688,1024,4,1024,0,27.1289,851.0,7.09,ok,0.7265
prescan,llama-id21,4096,11008,256,32,128,8192,native,1.000,4.000,1024,8,2048,0,21.2391,1086.9,3.84,ok,0.9279
prescan,llama-id21,4096,11008,256,32,128,16384,native,1.344,5.375,512,4,1024,0,20.7846,1110.7,2.21,ok,0.9482
prescan,llama-id21,4096,11008,256,32,256,8192,native,1.000,8.000,512,8,2048,0,17.9391,1286.9,4.05,ok,1.0986
prescan,llama-id21,4096,11008,256,32,256,16384,native,1.344,10.750,256,4,1024,0,20.5866,1121.4,4.68,ok,0.9573
prescan,llama-id21,4096,11008,256,32,512,8192,native,1.000,8.000,512,8,2048,0,18.0190,1281.2,4.20,ok,1.0937
prescan,llama-id21,4096,11008,256,32,512,16384,native,1.344,10.750,256,4,1024,0,20.7244,1113.9,3.37,ok,0.9510
prescan,llama-id21,4096,11008,256,32,1024,8192,native,1.000,8.000,512,8,2048,0,18.2535,1264.7,0.07,ok,1.0797
prescan,llama-id21,4096,11008,256,32,1024,16384,native,1.344,10.750,256,4,1024,0,20.7408,1113.0,0.53,ok,0.9502
prescan,llama-id21,4096,11008,256,32,2048,256,native,0.031,0.250,11008,172,44032,0,23.3002,990.8,3.83,ok,0.8458
prescan,llama-id21,4096,11008,256,32,2048,512,native,0.062,0.500,5632,88,22528,0,20.1314,1146.7,0.07,ok,0.9790
prescan,llama-id21,4096,11008,256,32,2048,1024,native,0.125,1.000,2816,44,11264,0,19.8698,1161.8,0.71,ok,0.9919
prescan,llama-id21,4096,11008,256,32,2048,2048,native,0.250,2.000,1536,24,6144,0,19.6965,1172.1,0.03,ok,1.0006
prescan,llama-id21,4096,11008,256,32,2048,4096,native,0.500,4.000,768,12,3072,0,18.6557,1237.4,1.84,ok,1.0564
prescan,llama-id21,4096,11008,256,32,2048,8192,native,1.000,8.000,512,8,2048,0,18.5690,1243.2,3.06,ok,1.0613
prescan,llama-id21,4096,11008,256,32,2048,16384,native,1.344,10.750,256,4,1024,0,20.9197,1103.5,0.68,ok,0.9421
prescan,llama-id21,4096,11008,256,32,4096,256,native,0.031,0.250,11008,172,44032,0,23.7609,971.6,0.01,ok,0.8294
prescan,llama-id21,4096,11008,256,32,4096,512,native,0.062,0.500,5632,88,22528,0,20.1307,1146.8,0.07,ok,0.9790
prescan,llama-id21,4096,11008,256,32,4096,1024,native,0.125,1.000,2816,44,11264,0,19.7832,1166.9,0.05,ok,0.9962
prescan,llama-id21,4096,11008,256,32,4096,2048,native,0.250,2.000,1536,24,6144,0,20.2066,1142.5,5.58,ok,0.9753
prescan,llama-id21,4096,11008,256,32,4096,4096,native,0.500,4.000,768,12,3072,0,18.7602,1230.6,2.82,ok,1.0505
prescan,llama-id21,4096,11008,256,32,4096,8192,native,1.000,8.000,512,8,2048,0,18.3199,1260.1,0.01,ok,1.0758
prescan,llama-id21,4096,11008,256,32,4096,16384,native,1.344,10.750,256,4,1024,0,21.0733,1095.5,2.47,ok,0.9352
prescan,llama-id21,4096,11008,256,64,64,8192,native,2.000,2.000,2048,8,2048,0,28.9864,796.4,0.16,ok,0.6799
prescan,llama-id21,4096,11008,256,64,64,16384,native,2.688,2.688,1024,4,1024,0,28.3872,813.2,3.06,ok,0.6943
prescan,llama-id21,4096,11008,256,64,128,8192,native,2.000,4.000,1024,8,2048,0,21.7321,1062.3,0.17,ok,0.9069
prescan,llama-id21,4096,11008,256,64,128,16384,native,2.688,5.375,512,4,1024,0,21.9188,1053.2,0.97,ok,0.8991
prescan,llama-id21,4096,11008,256,64,256,8192,native,2.000,8.000,512,8,2048,0,18.7351,1232.2,2.42,ok,1.0519
prescan,llama-id21,4096,11008,256,64,256,16384,native,2.688,10.750,256,4,1024,0,20.6394,1118.5,0.78,ok,0.9549
prescan,llama-id21,4096,11008,256,64,512,8192,native,2.000,8.000,512,8,2048,0,18.6422,1238.3,0.56,ok,1.0572
prescan,llama-id21,4096,11008,256,64,512,16384,native,2.688,10.750,256,4,1024,0,20.6380,1118.6,0.67,ok,0.9549
prescan,llama-id21,4096,11008,256,64,1024,8192,native,2.000,8.000,512,8,2048,0,18.6008,1241.1,0.76,ok,1.0595
prescan,llama-id21,4096,11008,256,64,1024,16384,native,2.688,10.750,256,4,1024,0,20.6733,1116.7,1.32,ok,0.9533
prescan,llama-id21,4096,11008,256,64,2048,256,native,0.062,0.250,11008,172,44032,0,23.1255,998.3,0.13,ok,0.8522
prescan,llama-id21,4096,11008,256,64,2048,512,native,0.125,0.500,5632,88,22528,0,20.1667,1144.7,0.22,ok,0.9773
prescan,llama-id21,4096,11008,256,64,2048,1024,native,0.250,1.000,2816,44,11264,0,20.1119,1147.9,3.10,ok,0.9799
prescan,llama-id21,4096,11008,256,64,2048,2048,native,0.500,2.000,1536,24,6144,0,19.7974,1166.1,2.00,ok,0.9955
prescan,llama-id21,4096,11008,256,64,2048,4096,native,1.000,4.000,768,12,3072,0,18.6960,1234.8,1.86,ok,1.0541
prescan,llama-id21,4096,11008,256,64,2048,8192,native,2.000,8.000,512,8,2048,0,19.0034,1214.8,4.97,ok,1.0371
prescan,llama-id21,4096,11008,256,64,2048,16384,native,2.688,10.750,256,4,1024,0,20.7039,1115.0,1.74,ok,0.9519
prescan,llama-id21,4096,11008,256,64,4096,256,native,0.062,0.250,11008,172,44032,0,23.0977,999.5,0.01,ok,0.8533
prescan,llama-id21,4096,11008,256,64,4096,512,native,0.125,0.500,5632,88,22528,0,20.3599,1133.9,1.78,ok,0.9680
prescan,llama-id21,4096,11008,256,64,4096,1024,native,0.250,1.000,2816,44,11264,0,19.8126,1165.2,4.56,ok,0.9947
prescan,llama-id21,4096,11008,256,64,4096,2048,native,0.500,2.000,1536,24,6144,0,19.7621,1168.2,1.49,ok,0.9973
prescan,llama-id21,4096,11008,256,64,4096,4096,native,1.000,4.000,768,12,3072,0,19.0119,1214.3,4.86,ok,1.0366
prescan,llama-id21,4096,11008,256,64,4096,8192,native,2.000,8.000,512,8,2048,0,18.9594,1217.6,0.58,ok,1.0395
prescan,llama-id21,4096,11008,256,64,4096,16384,native,2.688,10.750,256,4,1024,0,20.8823,1105.5,2.99,ok,0.9438
prescan,llama-id21,4096,11008,256,128,64,8192,native,4.000,2.000,2048,8,2048,0,29.2932,788.1,0.12,ok,0.6728
prescan,llama-id21,4096,11008,256,128,64,16384,native,5.375,2.688,1024,4,1024,0,29.7750,775.3,0.68,ok,0.6619
prescan,llama-id21,4096,11008,256,128,128,8192,native,4.000,4.000,1024,8,2048,0,22.0856,1045.3,0.01,ok,0.8924
prescan,llama-id21,4096,11008,256,128,128,16384,native,5.375,5.375,512,4,1024,0,22.9347,1006.6,0.02,ok,0.8593
prescan,llama-id21,4096,11008,256,128,256,8192,native,4.000,8.000,512,8,2048,0,19.2446,1199.6,0.46,ok,1.0241
prescan,llama-id21,4096,11008,256,128,256,16384,native,5.375,10.750,256,4,1024,0,21.0718,1095.6,0.24,ok,0.9353
prescan,llama-id21,4096,11008,256,128,512,8192,native,4.000,8.000,512,8,2048,0,19.2845,1197.1,0.34,ok,1.0220
prescan,llama-id21,4096,11008,256,128,512,16384,native,5.375,10.750,256,4,1024,0,21.1095,1093.6,0.09,ok,0.9336
prescan,llama-id21,4096,11008,256,128,1024,8192,native,4.000,8.000,512,8,2048,0,19.2491,1199.3,0.28,ok,1.0239
prescan,llama-id21,4096,11008,256,128,1024,16384,native,5.375,10.750,256,4,1024,0,21.0998,1094.1,0.36,ok,0.9340
prescan,llama-id21,4096,11008,256,128,2048,256,native,0.125,0.250,11008,172,44032,0,22.6517,1019.2,0.07,ok,0.8701
prescan,llama-id21,4096,11008,256,128,2048,512,native,0.250,0.500,5632,88,22528,0,20.3776,1132.9,2.31,ok,0.9672
prescan,llama-id21,4096,11008,256,128,2048,1024,native,0.500,1.000,2816,44,11264,0,19.9907,1154.8,0.99,ok,0.9859
prescan,llama-id21,4096,11008,256,128,2048,2048,native,1.000,2.000,1536,24,6144,0,19.8980,1160.2,2.72,ok,0.9905
prescan,llama-id21,4096,11008,256,128,2048,4096,native,2.000,4.000,768,12,3072,0,19.0963,1208.9,0.08,ok,1.0320
prescan,llama-id21,4096,11008,256,128,2048,8192,native,4.000,8.000,512,8,2048,0,19.4503,1186.9,1.40,ok,1.0133
prescan,llama-id21,4096,11008,256,128,2048,16384,native,5.375,10.750,256,4,1024,0,21.0879,1094.7,0.27,ok,0.9346
prescan,llama-id21,4096,11008,256,128,4096,256,native,0.125,0.250,11008,172,44032,0,22.7031,1016.8,0.14,ok,0.8681
prescan,llama-id21,4096,11008,256,128,4096,512,native,0.250,0.500,5632,88,22528,0,20.5195,1125.0,0.75,ok,0.9605
prescan,llama-id21,4096,11008,256,128,4096,1024,native,0.500,1.000,2816,44,11264,0,20.1619,1145.0,2.26,ok,0.9775
prescan,llama-id21,4096,11008,256,128,4096,2048,native,1.000,2.000,1536,24,6144,0,19.7247,1170.4,1.18,ok,0.9992
prescan,llama-id21,4096,11008,256,128,4096,4096,native,2.000,4.000,768,12,3072,0,19.0060,1214.6,1.09,ok,1.0370
prescan,llama-id21,4096,11008,256,128,4096,8192,native,4.000,8.000,512,8,2048,0,19.6808,1173.0,0.62,ok,1.0014
prescan,llama-id21,4096,11008,256,128,4096,16384,native,5.375,10.750,256,4,1024,0,21.3090,1083.4,1.97,ok,0.9249
prescan,llama-id21,4096,11008,256,16,256,2048,native,0.125,2.000,1536,24,6144,0,19.7082,1171.4,0.32,ok,1.0000
final,llama-id21,4096,11008,256,32,256,8192,native,1.000,8.000,512,8,2048,8,18.6541,1237.6,1.26,ok,1.0553
final,llama-id21,4096,11008,256,32,512,8192,native,1.000,8.000,512,8,2048,8,18.5936,1241.6,0.87,ok,1.0587
final,llama-id21,4096,11008,256,32,1024,8192,native,1.000,8.000,512,8,2048,8,18.6037,1240.9,0.65,ok,1.0582
final,llama-id21,4096,11008,256,16,256,8192,native,0.500,8.000,512,8,2048,8,18.5127,1247.0,0.86,ok,1.0634
final,llama-id21,4096,11008,256,32,4096,8192,native,1.000,8.000,512,8,2048,8,18.6890,1235.2,2.96,ok,1.0533
final,llama-id21,4096,11008,256,32,2048,8192,native,1.000,8.000,512,8,2048,8,18.7622,1230.4,0.84,ok,1.0492
final,llama-id21,4096,11008,256,64,1024,8192,native,2.000,8.000,512,8,2048,8,18.8897,1222.1,1.38,ok,1.0421
final,llama-id21,4096,11008,256,16,2048,8192,native,0.500,8.000,512,8,2048,7,18.6124,1240.3,0.73,ok,1.0577
final,llama-id21,4096,11008,256,16,256,2048,native,0.125,2.000,1536,24,6144,7,19.6857,1172.7,0.11,ok,1.0000
prescan,llama-id22,5120,5120,256,16,64,8192,native,0.312,1.250,1280,4,1280,0,16.7481,801.4,0.10,ok,0.6792
prescan,llama-id22,5120,5120,256,16,64,16384,native,0.312,1.250,1280,4,1280,0,16.7827,799.7,0.34,ok,0.6778
prescan,llama-id22,5120,5120,256,16,128,8192,native,0.312,2.500,640,4,1280,0,12.5263,1071.5,0.24,ok,0.9081
prescan,llama-id22,5120,5120,256,16,128,16384,native,0.312,2.500,640,4,1280,0,12.5251,1071.6,0.27,ok,0.9082
prescan,llama-id22,5120,5120,256,16,256,8192,native,0.312,5.000,320,4,1280,0,10.3618,1295.3,0.16,ok,1.0978
prescan,llama-id22,5120,5120,256,16,256,16384,native,0.312,5.000,320,4,1280,0,10.3559,1296.0,0.01,ok,1.0985
prescan,llama-id22,5120,5120,256,16,512,8192,native,0.312,5.000,320,4,1280,0,10.3812,1292.9,0.11,ok,1.0958
prescan,llama-id22,5120,5120,256,16,512,16384,native,0.312,5.000,320,4,1280,0,10.3940,1291.3,0.27,ok,1.0944
prescan,llama-id22,5120,5120,256,16,1024,8192,native,0.312,5.000,320,4,1280,0,10.5856,1267.9,2.13,ok,1.0746
prescan,llama-id22,5120,5120,256,16,1024,16384,native,0.312,5.000,320,4,1280,0,10.5482,1272.4,2.87,ok,1.0784
prescan,llama-id22,5120,5120,256,16,2048,256,native,0.016,0.250,6400,80,25600,0,13.4014,1001.5,0.23,ok,0.8488
prescan,llama-id22,5120,5120,256,16,2048,512,native,0.031,0.500,3200,40,12800,0,11.8376,1133.8,1.16,ok,0.9610
prescan,llama-id22,5120,5120,256,16,2048,1024,native,0.062,1.000,1600,20,6400,0,11.7730,1140.1,0.53,ok,0.9663
prescan,llama-id22,5120,5120,256,16,2048,2048,native,0.125,2.000,960,12,3840,0,11.3736,1180.1,0.03,ok,1.0002
prescan,llama-id22,5120,5120,256,16,2048,4096,native,0.250,4.000,640,8,2560,0,10.8201,1240.4,0.30,ok,1.0513
prescan,llama-id22,5120,5120,256,16,2048,8192,native,0.312,5.000,320,4,1280,0,10.4203,1288.0,1.19,ok,1.0917
prescan,llama-id22,5120,5120,256,16,2048,16384,native,0.312,5.000,320,4,1280,0,10.6809,1256.6,0.41,ok,1.0650
prescan,llama-id22,5120,5120,256,16,4096,256,native,0.016,0.250,6400,80,25600,0,13.3979,1001.8,0.11,ok,0.8491
prescan,llama-id22,5120,5120,256,16,4096,512,native,0.031,0.500,3200,40,12800,0,11.7733,1140.0,0.10,ok,0.9662
prescan,llama-id22,5120,5120,256,16,4096,1024,native,0.062,1.000,1600,20,6400,0,11.7503,1142.2,0.15,ok,0.9681
prescan,llama-id22,5120,5120,256,16,4096,2048,native,0.125,2.000,960,12,3840,0,11.3706,1180.4,0.01,ok,1.0004
prescan,llama-id22,5120,5120,256,16,4096,4096,native,0.250,4.000,640,8,2560,0,10.8145,1241.1,0.31,ok,1.0519
prescan,llama-id22,5120,5120,256,16,4096,8192,native,0.312,5.000,320,4,1280,0,10.6372,1261.8,0.56,ok,1.0694
prescan,llama-id22,5120,5120,256,16,4096,16384,native,0.312,5.000,320,4,1280,0,10.6229,1263.5,0.14,ok,1.0709
prescan,llama-id22,5120,5120,256,32,64,8192,native,0.625,1.250,1280,4,1280,0,16.6644,805.4,0.05,ok,0.6826
prescan,llama-id22,5120,5120,256,32,64,16384,native,0.625,1.250,1280,4,1280,0,16.6807,804.6,0.07,ok,0.6820
prescan,llama-id22,5120,5120,256,32,128,8192,native,0.625,2.500,640,4,1280,0,12.4719,1076.2,0.10,ok,0.9121
prescan,llama-id22,5120,5120,256,32,128,16384,native,0.625,2.500,640,4,1280,0,12.5092,1072.9,0.68,ok,0.9094
prescan,llama-id22,5120,5120,256,32,256,8192,native,0.625,5.000,320,4,1280,0,10.2594,1308.2,0.02,ok,1.1088
prescan,llama-id22,5120,5120,256,32,256,16384,native,0.625,5.000,320,4,1280,0,10.2524,1309.1,0.12,ok,1.1096
prescan,llama-id22,5120,5120,256,32,512,8192,native,0.625,5.000,320,4,1280,0,10.0401,1336.8,4.12,ok,1.1330
prescan,llama-id22,5120,5120,256,32,512,16384,native,0.625,5.000,320,4,1280,0,10.2318,1311.8,0.03,ok,1.1118
prescan,llama-id22,5120,5120,256,32,1024,8192,native,0.625,5.000,320,4,1280,0,10.3836,1292.6,2.29,ok,1.0955
prescan,llama-id22,5120,5120,256,32,1024,16384,native,0.625,5.000,320,4,1280,0,10.3872,1292.1,2.75,ok,1.0952
prescan,llama-id22,5120,5120,256,32,2048,256,native,0.031,0.250,6400,80,25600,0,13.1738,1018.8,0.17,ok,0.8635
prescan,llama-id22,5120,5120,256,32,2048,512,native,0.062,0.500,3200,40,12800,0,11.6469,1152.4,0.10,ok,0.9767
prescan,llama-id22,5120,5120,256,32,2048,1024,native,0.125,1.000,1600,20,6400,0,11.5101,1166.1,0.28,ok,0.9883
prescan,llama-id22,5120,5120,256,32,2048,2048,native,0.250,2.000,960,12,3840,0,11.2728,1190.6,0.00,ok,1.0091
prescan,llama-id22,5120,5120,256,32,2048,4096,native,0.500,4.000,640,8,2560,0,10.6797,1256.8,0.20,ok,1.0652
prescan,llama-id22,5120,5120,256,32,2048,8192,native,0.625,5.000,320,4,1280,0,10.3636,1295.1,2.24,ok,1.0977
prescan,llama-id22,5120,5120,256,32,2048,16384,native,0.625,5.000,320,4,1280,0,10.4214,1287.9,2.99,ok,1.0916
prescan,llama-id22,5120,5120,256,32,4096,256,native,0.031,0.250,6400,80,25600,0,13.1508,1020.6,0.11,ok,0.8650
prescan,llama-id22,5120,5120,256,32,4096,512,native,0.062,0.500,3200,40,12800,0,11.6501,1152.1,0.13,ok,0.9764
prescan,llama-id22,5120,5120,256,32,4096,1024,native,0.125,1.000,1600,20,6400,0,11.5947,1157.6,0.49,ok,0.9811
prescan,llama-id22,5120,5120,256,32,4096,2048,native,0.250,2.000,960,12,3840,0,11.2675,1191.2,0.11,ok,1.0096
prescan,llama-id22,5120,5120,256,32,4096,4096,native,0.500,4.000,640,8,2560,0,10.7810,1245.0,1.92,ok,1.0552
prescan,llama-id22,5120,5120,256,32,4096,8192,native,0.625,5.000,320,4,1280,0,10.3583,1295.8,1.85,ok,1.0982
prescan,llama-id22,5120,5120,256,32,4096,16384,native,0.625,5.000,320,4,1280,0,10.2667,1307.3,0.36,ok,1.1080
prescan,llama-id22,5120,5120,256,64,64,8192,native,1.250,1.250,1280,4,1280,0,16.6987,803.8,0.18,ok,0.6812
prescan,llama-id22,5120,5120,256,64,64,16384,native,1.250,1.250,1280,4,1280,0,16.4650,815.2,2.63,ok,0.6909
prescan,llama-id22,5120,5120,256,64,128,8192,native,1.250,2.500,640,4,1280,0,12.1687,1103.0,3.49,ok,0.9348
prescan,llama-id22,5120,5120,256,64,128,16384,native,1.250,2.500,640,4,1280,0,12.3683,1085.2,0.03,ok,0.9197
prescan,llama-id22,5120,5120,256,64,256,8192,native,1.250,5.000,320,4,1280,0,10.2689,1307.0,0.22,ok,1.1078
prescan,llama-id22,5120,5120,256,64,256,16384,native,1.250,5.000,320,4,1280,0,10.2887,1304.5,0.68,ok,1.1056
prescan,llama-id22,5120,5120,256,64,512,8192,native,1.250,5.000,320,4,1280,0,10.2864,1304.8,0.14,ok,1.1059
prescan,llama-id22,5120,5120,256,64,512,16384,native,1.250,5.000,320,4,1280,0,10.2707,1306.8,0.03,ok,1.1076
prescan,llama-id22,5120,5120,256,64,1024,8192,native,1.250,5.000,320,4,1280,0,10.3242,1300.0,1.60,ok,1.1018
prescan,llama-id22,5120,5120,256,64,1024,16384,native,1.250,5.000,320,4,1280,0,10.3283,1299.5,1.05,ok,1.1014
prescan,llama-id22,5120,5120,256,64,2048,256,native,0.062,0.250,6400,80,25600,0,13.1283,1022.4,0.09,ok,0.8665
prescan,llama-id22,5120,5120,256,64,2048,512,native,0.125,0.500,3200,40,12800,0,11.6518,1151.9,0.18,ok,0.9763
prescan,llama-id22,5120,5120,256,64,2048,1024,native,0.250,1.000,1600,20,6400,0,11.4301,1174.2,0.12,ok,0.9952
prescan,llama-id22,5120,5120,256,64,2048,2048,native,0.500,2.000,960,12,3840,0,11.1755,1201.0,0.21,ok,1.0179
prescan,llama-id22,5120,5120,256,64,2048,4096,native,1.000,4.000,640,8,2560,0,10.8437,1237.7,2.53,ok,1.0491
prescan,llama-id22,5120,5120,256,64,2048,8192,native,1.250,5.000,320,4,1280,0,10.5863,1267.8,1.75,ok,1.0746
prescan,llama-id22,5120,5120,256,64,2048,16384,native,1.250,5.000,320,4,1280,0,10.6717,1257.7,1.27,ok,1.0660
prescan,llama-id22,5120,5120,256,64,4096,256,native,0.062,0.250,6400,80,25600,0,13.1375,1021.6,0.19,ok,0.8659
prescan,llama-id22,5120,5120,256,64,4096,512,native,0.125,0.500,3200,40,12800,0,11.6562,1151.5,0.00,ok,0.9759
prescan,llama-id22,5120,5120,256,64,4096,1024,native,0.250,1.000,1600,20,6400,0,11.4403,1173.2,0.24,ok,0.9944
prescan,llama-id22,5120,5120,256,64,4096,2048,native,0.500,2.000,960,12,3840,0,11.1671,1201.9,0.18,ok,1.0187
prescan,llama-id22,5120,5120,256,64,4096,4096,native,1.000,4.000,640,8,2560,0,10.9939,1220.8,0.26,ok,1.0347
prescan,llama-id22,5120,5120,256,64,4096,8192,native,1.250,5.000,320,4,1280,0,10.6799,1256.7,2.54,ok,1.0652
prescan,llama-id22,5120,5120,256,64,4096,16384,native,1.250,5.000,320,4,1280,0,10.6137,1264.6,0.76,ok,1.0718
prescan,llama-id22,5120,5120,256,128,64,8192,native,2.500,1.250,1280,4,1280,0,16.7152,803.0,0.27,ok,0.6806
prescan,llama-id22,5120,5120,256,128,64,16384,native,2.500,1.250,1280,4,1280,0,16.7075,803.3,0.11,ok,0.6809
prescan,llama-id22,5120,5120,256,128,128,8192,native,2.500,2.500,640,4,1280,0,12.3621,1085.7,0.10,ok,0.9202
prescan,llama-id22,5120,5120,256,128,128,16384,native,2.500,2.500,640,4,1280,0,12.3780,1084.3,0.06,ok,0.9190
prescan,llama-id22,5120,5120,256,128,256,8192,native,2.500,5.000,320,4,1280,0,10.3280,1299.6,0.08,ok,1.1014
prescan,llama-id22,5120,5120,256,128,256,16384,native,2.500,5.000,320,4,1280,0,10.3354,1298.6,0.20,ok,1.1007
prescan,llama-id22,5120,5120,256,128,512,8192,native,2.500,5.000,320,4,1280,0,10.3274,1299.6,0.04,ok,1.1015
prescan,llama-id22,5120,5120,256,128,512,16384,native,2.500,5.000,320,4,1280,0,10.5010,1278.1,3.25,ok,1.0833
prescan,llama-id22,5120,5120,256,128,1024,8192,native,2.500,5.000,320,4,1280,0,10.6365,1261.9,2.81,ok,1.0695
prescan,llama-id22,5120,5120,256,128,1024,16384,native,2.500,5.000,320,4,1280,0,10.5754,1269.2,1.55,ok,1.0757
prescan,llama-id22,5120,5120,256,128,2048,256,native,0.125,0.250,6400,80,25600,0,13.0368,1029.5,0.38,ok,0.8726
prescan,llama-id22,5120,5120,256,128,2048,512,native,0.250,0.500,3200,40,12800,0,11.6753,1149.6,0.27,ok,0.9743
prescan,llama-id22,5120,5120,256,128,2048,1024,native,0.500,1.000,1600,20,6400,0,11.4392,1173.3,0.36,ok,0.9944
prescan,llama-id22,5120,5120,256,128,2048,2048,native,1.000,2.000,960,12,3840,0,11.1709,1201.5,0.22,ok,1.0183
prescan,llama-id22,5120,5120,256,128,2048,4096,native,2.000,4.000,640,8,2560,0,10.9162,1229.5,1.00,ok,1.0421
prescan,llama-id22,5120,5120,256,128,2048,8192,native,2.500,5.000,320,4,1280,0,10.5218,1275.6,0.27,ok,1.0812
prescan,llama-id22,5120,5120,256,128,2048,16384,native,2.500,5.000,320,4,1280,0,10.7912,1243.8,0.24,ok,1.0542
prescan,llama-id22,5120,5120,256,128,4096,256,native,0.125,0.250,6400,80,25600,0,13.0448,1028.9,0.06,ok,0.8720
prescan,llama-id22,5120,5120,256,128,4096,512,native,0.250,0.500,3200,40,12800,0,11.6579,1151.3,0.06,ok,0.9758
prescan,llama-id22,5120,5120,256,128,4096,1024,native,0.500,1.000,1600,20,6400,0,11.4326,1174.0,0.31,ok,0.9950
prescan,llama-id22,5120,5120,256,128,4096,2048,native,1.000,2.000,960,12,3840,0,11.5242,1164.7,5.86,ok,0.9871
prescan,llama-id22,5120,5120,256,128,4096,4096,native,2.000,4.000,640,8,2560,0,10.8180,1240.7,0.65,ok,1.0516
prescan,llama-id22,5120,5120,256,128,4096,8192,native,2.500,5.000,320,4,1280,0,10.6344,1262.1,0.18,ok,1.0697
prescan,llama-id22,5120,5120,256,128,4096,16384,native,2.500,5.000,320,4,1280,0,10.6875,1255.8,1.85,ok,1.0644
prescan,llama-id22,5120,5120,256,16,256,2048,native,0.125,2.000,960,12,3840,0,11.3757,1179.9,0.03,ok,1.0000
final,llama-id22,5120,5120,256,32,512,8192,native,0.625,5.000,320,4,1280,14,10.4426,1285.3,4.30,ok,1.0889
final,llama-id22,5120,5120,256,32,512,16384,native,0.625,5.000,320,4,1280,14,10.4428,1285.3,0.90,ok,1.0889
final,llama-id22,5120,5120,256,32,256,16384,native,0.625,5.000,320,4,1280,14,10.5504,1272.2,1.35,ok,1.0778
final,llama-id22,5120,5120,256,32,256,8192,native,0.625,5.000,320,4,1280,14,10.5331,1274.3,0.41,ok,1.0795
final,llama-id22,5120,5120,256,32,4096,16384,native,0.625,5.000,320,4,1280,13,10.5110,1276.9,0.87,ok,1.0818
final,llama-id22,5120,5120,256,64,256,8192,native,1.250,5.000,320,4,1280,14,10.4488,1284.5,0.75,ok,1.0882
final,llama-id22,5120,5120,256,64,512,16384,native,1.250,5.000,320,4,1280,14,10.4744,1281.4,1.80,ok,1.0856
final,llama-id22,5120,5120,256,64,512,8192,native,1.250,5.000,320,4,1280,13,10.4295,1286.9,1.13,ok,1.0902
final,llama-id22,5120,5120,256,64,256,16384,native,1.250,5.000,320,4,1280,13,10.4978,1278.5,2.18,ok,1.0831
final,llama-id22,5120,5120,256,64,1024,8192,native,1.250,5.000,320,4,1280,13,10.3950,1291.2,1.41,ok,1.0939
final,llama-id22,5120,5120,256,128,512,8192,native,2.500,5.000,320,4,1280,14,10.4650,1282.5,1.46,ok,1.0865
final,llama-id22,5120,5120,256,128,256,8192,native,2.500,5.000,320,4,1280,14,10.4991,1278.4,1.66,ok,1.0830
final,llama-id22,5120,5120,256,64,1024,16384,native,1.250,5.000,320,4,1280,13,10.4961,1278.7,2.03,ok,1.0833
final,llama-id22,5120,5120,256,128,256,16384,native,2.500,5.000,320,4,1280,14,10.4970,1278.6,1.28,ok,1.0832
final,llama-id22,5120,5120,256,16,256,2048,native,0.125,2.000,960,12,3840,13,11.3707,1180.4,0.16,ok,1.0000
prescan,llama-id23,13824,5120,256,16,64,8192,native,0.312,1.250,3456,4,3456,0,45.2078,801.6,0.24,ok,0.6820
prescan,llama-id23,13824,5120,256,16,64,16384,native,0.312,1.250,3456,4,3456,0,46.4966,779.4,1.32,ok,0.6631
prescan,llama-id23,13824,5120,256,16,128,8192,native,0.312,2.500,1728,4,3456,0,33.9852,1066.3,1.78,ok,0.9072
prescan,llama-id23,13824,5120,256,16,128,16384,native,0.312,2.500,1728,4,3456,0,34.1842,1060.1,0.78,ok,0.9019
prescan,llama-id23,13824,5120,256,16,256,8192,native,0.312,5.000,864,4,3456,0,27.8717,1300.2,0.12,ok,1.1062
prescan,llama-id23,13824,5120,256,16,256,16384,native,0.312,5.000,864,4,3456,0,27.8697,1300.3,0.03,ok,1.1063
prescan,llama-id23,13824,5120,256,16,512,8192,native,0.312,5.000,864,4,3456,0,27.8861,1299.5,0.25,ok,1.1056
prescan,llama-id23,13824,5120,256,16,512,16384,native,0.312,5.000,864,4,3456,0,27.8754,1300.0,0.07,ok,1.1061
prescan,llama-id23,13824,5120,256,16,1024,8192,native,0.312,5.000,864,4,3456,0,27.9577,1296.2,0.28,ok,1.1028
prescan,llama-id23,13824,5120,256,16,1024,16384,native,0.312,5.000,864,4,3456,0,28.3197,1279.6,0.64,ok,1.0887
prescan,llama-id23,13824,5120,256,16,2048,256,native,0.016,0.250,17280,80,69120,0,36.8539,983.3,0.03,ok,0.8366
prescan,llama-id23,13824,5120,256,16,2048,512,native,0.031,0.500,8640,40,34560,0,32.7555,1106.3,0.33,ok,0.9413
prescan,llama-id23,13824,5120,256,16,2048,1024,native,0.062,1.000,4320,20,17280,0,32.1950,1125.6,0.02,ok,0.9577
prescan,llama-id23,13824,5120,256,16,2048,2048,native,0.125,2.000,2592,12,10368,0,30.5470,1186.3,0.01,ok,1.0093
prescan,llama-id23,13824,5120,256,16,2048,4096,native,0.250,4.000,1728,8,6912,0,28.9510,1251.7,0.29,ok,1.0650
prescan,llama-id23,13824,5120,256,16,2048,8192,native,0.312,5.000,864,4,3456,0,28.1611,1286.8,2.40,ok,1.0948
prescan,llama-id23,13824,5120,256,16,2048,16384,native,0.312,5.000,864,4,3456,0,28.4732,1272.7,0.16,ok,1.0828
prescan,llama-id23,13824,5120,256,16,4096,256,native,0.016,0.250,17280,80,69120,0,36.8460,983.5,0.20,ok,0.8368
prescan,llama-id23,13824,5120,256,16,4096,512,native,0.031,0.500,8640,40,34560,0,33.5901,1078.9,4.92,ok,0.9179
prescan,llama-id23,13824,5120,256,16,4096,1024,native,0.062,1.000,4320,20,17280,0,32.1832,1126.0,0.08,ok,0.9580
prescan,llama-id23,13824,5120,256,16,4096,2048,native,0.125,2.000,2592,12,10368,0,30.6086,1183.9,0.01,ok,1.0073
prescan,llama-id23,13824,5120,256,16,4096,4096,native,0.250,4.000,1728,8,6912,0,28.9464,1251.9,0.09,ok,1.0651
prescan,llama-id23,13824,5120,256,16,4096,8192,native,0.312,5.000,864,4,3456,0,28.0032,1294.1,0.85,ok,1.1010
prescan,llama-id23,13824,5120,256,16,4096,16384,native,0.312,5.000,864,4,3456,0,28.4690,1272.9,1.75,ok,1.0830
prescan,llama-id23,13824,5120,256,32,64,8192,native,0.625,1.250,3456,4,3456,0,46.4344,780.4,5.88,ok,0.6640
prescan,llama-id23,13824,5120,256,32,64,16384,native,0.625,1.250,3456,4,3456,0,44.4583,815.1,3.60,ok,0.6935
prescan,llama-id23,13824,5120,256,32,128,8192,native,0.625,2.500,1728,4,3456,0,33.5386,1080.5,0.07,ok,0.9193
prescan,llama-id23,13824,5120,256,32,128,16384,native,0.625,2.500,1728,4,3456,0,33.4008,1085.0,1.47,ok,0.9231
prescan,llama-id23,13824,5120,256,32,256,8192,native,0.625,5.000,864,4,3456,0,27.5264,1316.5,0.11,ok,1.1201
prescan,llama-id23,13824,5120,256,32,256,16384,native,0.625,5.000,864,4,3456,0,27.5120,1317.2,0.08,ok,1.1207
prescan,llama-id23,13824,5120,256,32,512,8192,native,0.625,5.000,864,4,3456,0,27.5912,1313.4,0.32,ok,1.1175
prescan,llama-id23,13824,5120,256,32,512,16384,native,0.625,5.000,864,4,3456,0,27.5372,1316.0,0.13,ok,1.1196
prescan,llama-id23,13824,5120,256,32,1024,8192,native,0.625,5.000,864,4,3456,0,28.0609,1291.4,3.43,ok,1.0987
prescan,llama-id23,13824,5120,256,32,1024,16384,native,0.625,5.000,864,4,3456,0,28.2623,1282.2,1.35,ok,1.0909
prescan,llama-id23,13824,5120,256,32,2048,256,native,0.031,0.250,17280,80,69120,0,37.9340,955.3,0.24,ok,0.8128
prescan,llama-id23,13824,5120,256,32,2048,512,native,0.062,0.500,8640,40,34560,0,32.7703,1105.8,0.01,ok,0.9408
prescan,llama-id23,13824,5120,256,32,2048,1024,native,0.125,1.000,4320,20,17280,0,31.5711,1147.8,0.07,ok,0.9766
prescan,llama-id23,13824,5120,256,32,2048,2048,native,0.250,2.000,2592,12,10368,0,29.2904,1237.2,7.13,ok,1.0526
prescan,llama-id23,13824,5120,256,32,2048,4096,native,0.500,4.000,1728,8,6912,0,27.6057,1312.7,7.59,ok,1.1169
prescan,llama-id23,13824,5120,256,32,2048,8192,native,0.625,5.000,864,4,3456,0,26.7686,1353.8,5.78,ok,1.1518
prescan,llama-id23,13824,5120,256,32,2048,16384,native,0.625,5.000,864,4,3456,0,27.3875,1323.2,6.82,ok,1.1258
prescan,llama-id23,13824,5120,256,32,4096,256,native,0.031,0.250,17280,80,69120,0,37.2263,973.5,3.90,ok,0.8282
prescan,llama-id23,13824,5120,256,32,4096,512,native,0.062,0.500,8640,40,34560,0,32.2283,1124.4,3.68,ok,0.9567
prescan,llama-id23,13824,5120,256,32,4096,1024,native,0.125,1.000,4320,20,17280,0,31.0702,1166.4,3.78,ok,0.9923
prescan,llama-id23,13824,5120,256,32,4096,2048,native,0.250,2.000,2592,12,10368,0,29.8207,1215.2,3.25,ok,1.0339
prescan,llama-id23,13824,5120,256,32,4096,4096,native,0.500,4.000,1728,8,6912,0,29.0383,1248.0,2.59,ok,1.0618
prescan,llama-id23,13824,5120,256,32,4096,8192,native,0.625,5.000,864,4,3456,0,27.5524,1315.3,0.07,ok,1.1190
prescan,llama-id23,13824,5120,256,32,4096,16384,native,0.625,5.000,864,4,3456,0,28.0047,1294.0,3.05,ok,1.1009
prescan,llama-id23,13824,5120,256,64,64,8192,native,1.250,1.250,3456,4,3456,0,44.4174,815.9,2.50,ok,0.6941
prescan,llama-id23,13824,5120,256,64,64,16384,native,1.250,1.250,3456,4,3456,0,44.8531,807.9,4.41,ok,0.6874
prescan,llama-id23,13824,5120,256,64,128,8192,native,1.250,2.500,1728,4,3456,0,32.7943,1105.0,3.55,ok,0.9402
prescan,llama-id23,13824,5120,256,64,128,16384,native,1.250,2.500,1728,4,3456,0,33.0476,1096.6,1.49,ok,0.9330
prescan,llama-id23,13824,5120,256,64,256,8192,native,1.250,5.000,864,4,3456,0,27.6053,1312.7,0.28,ok,1.1169
prescan,llama-id23,13824,5120,256,64,256,16384,native,1.250,5.000,864,4,3456,0,27.9840,1295.0,3.34,ok,1.1018
prescan,llama-id23,13824,5120,256,64,512,8192,native,1.250,5.000,864,4,3456,0,28.0731,1290.9,3.52,ok,1.0983
prescan,llama-id23,13824,5120,256,64,512,16384,native,1.250,5.000,864,4,3456,0,28.0017,1294.2,3.14,ok,1.1011
prescan,llama-id23,13824,5120,256,64,1024,8192,native,1.250,5.000,864,4,3456,0,28.7749,1259.4,2.13,ok,1.0715
prescan,llama-id23,13824,5120,256,64,1024,16384,native,1.250,5.000,864,4,3456,0,28.5063,1271.3,0.57,ok,1.0816
prescan,llama-id23,13824,5120,256,64,2048,256,native,0.062,0.250,17280,80,69120,0,36.0543,1005.1,0.19,ok,0.8551
prescan,llama-id23,13824,5120,256,64,2048,512,native,0.125,0.500,8640,40,34560,0,32.3525,1120.1,0.45,ok,0.9530
prescan,llama-id23,13824,5120,256,64,2048,1024,native,0.250,1.000,4320,20,17280,0,31.3743,1155.0,0.11,ok,0.9827
prescan,llama-id23,13824,5120,256,64,2048,2048,native,0.500,2.000,2592,12,10368,0,30.1154,1203.3,0.83,ok,1.0238
prescan,llama-id23,13824,5120,256,64,2048,4096,native,1.000,4.000,1728,8,6912,0,29.4090,1232.2,0.32,ok,1.0484
prescan,llama-id23,13824,5120,256,64,2048,8192,native,1.250,5.000,864,4,3456,0,28.4752,1272.6,0.34,ok,1.0828
prescan,llama-id23,13824,5120,256,64,2048,16384,native,1.250,5.000,864,4,3456,0,28.5042,1271.3,0.66,ok,1.0817
prescan,llama-id23,13824,5120,256,64,4096,256,native,0.062,0.250,17280,80,69120,0,36.1886,1001.4,0.28,ok,0.8520
prescan,llama-id23,13824,5120,256,64,4096,512,native,0.125,0.500,8640,40,34560,0,32.6997,1108.2,2.08,ok,0.9429
prescan,llama-id23,13824,5120,256,64,4096,1024,native,0.250,1.000,4320,20,17280,0,31.4139,1153.6,0.30,ok,0.9815
prescan,llama-id23,13824,5120,256,64,4096,2048,native,0.500,2.000,2592,12,10368,0,30.5978,1184.4,0.70,ok,1.0076
prescan,llama-id23,13824,5120,256,64,4096,4096,native,1.000,4.000,1728,8,6912,0,29.4691,1229.7,0.62,ok,1.0462
prescan,llama-id23,13824,5120,256,64,4096,8192,native,1.250,5.000,864,4,3456,0,28.5916,1267.5,1.26,ok,1.0783
prescan,llama-id23,13824,5120,256,64,4096,16384,native,1.250,5.000,864,4,3456,0,28.6172,1266.3,0.29,ok,1.0774
prescan,llama-id23,13824,5120,256,128,64,8192,native,2.500,1.250,3456,4,3456,0,45.0955,803.6,0.04,ok,0.6837
prescan,llama-id23,13824,5120,256,128,64,16384,native,2.500,1.250,3456,4,3456,0,46.0327,787.2,0.96,ok,0.6698
prescan,llama-id23,13824,5120,256,128,128,8192,native,2.500,2.500,1728,4,3456,0,33.3474,1086.7,0.50,ok,0.9246
prescan,llama-id23,13824,5120,256,128,128,16384,native,2.500,2.500,1728,4,3456,0,33.2735,1089.1,0.12,ok,0.9266
prescan,llama-id23,13824,5120,256,128,256,8192,native,2.500,5.000,864,4,3456,0,27.7945,1303.8,0.22,ok,1.1093
prescan,llama-id23,13824,5120,256,128,256,16384,native,2.500,5.000,864,4,3456,0,27.7627,1305.3,0.20,ok,1.1105
prescan,llama-id23,13824,5120,256,128,512,8192,native,2.500,5.000,864,4,3456,0,27.7883,1304.1,0.16,ok,1.1095
prescan,llama-id23,13824,5120,256,128,512,16384,native,2.500,5.000,864,4,3456,0,28.2484,1282.9,3.73,ok,1.0915
prescan,llama-id23,13824,5120,256,128,1024,8192,native,2.500,5.000,864,4,3456,0,28.5474,1269.4,0.77,ok,1.0800
prescan,llama-id23,13824,5120,256,128,1024,16384,native,2.500,5.000,864,4,3456,0,28.5319,1270.1,0.00,ok,1.0806
prescan,llama-id23,13824,5120,256,128,2048,256,native,0.125,0.250,17280,80,69120,0,35.6693,1016.0,0.06,ok,0.8644
prescan,llama-id23,13824,5120,256,128,2048,512,native,0.250,0.500,8640,40,34560,0,32.4524,1116.7,0.01,ok,0.9501
prescan,llama-id23,13824,5120,256,128,2048,1024,native,0.500,1.000,4320,20,17280,0,31.3567,1155.7,0.07,ok,0.9833
prescan,llama-id23,13824,5120,256,128,2048,2048,native,1.000,2.000,2592,12,10368,0,30.3280,1194.9,1.86,ok,1.0166
prescan,llama-id23,13824,5120,256,128,2048,4096,native,2.000,4.000,1728,8,6912,0,29.4681,1229.8,0.88,ok,1.0463
prescan,llama-id23,13824,5120,256,128,2048,8192,native,2.500,5.000,864,4,3456,0,28.7490,1260.5,0.18,ok,1.0724
prescan,llama-id23,13824,5120,256,128,2048,16384,native,2.500,5.000,864,4,3456,0,28.6377,1265.4,0.45,ok,1.0766
prescan,llama-id23,13824,5120,256,128,4096,256,native,0.125,0.250,17280,80,69120,0,35.7267,1014.3,0.36,ok,0.8630
prescan,llama-id23,13824,5120,256,128,4096,512,native,0.250,0.500,8640,40,34560,0,32.3955,1118.6,0.02,ok,0.9517
prescan,llama-id23,13824,5120,256,128,4096,1024,native,0.500,1.000,4320,20,17280,0,31.3484,1156.0,0.00,ok,0.9835
prescan,llama-id23,13824,5120,256,128,4096,2048,native,1.000,2.000,2592,12,10368,0,30.3192,1195.2,2.04,ok,1.0169
prescan,llama-id23,13824,5120,256,128,4096,4096,native,2.000,4.000,1728,8,6912,0,29.4788,1229.3,1.07,ok,1.0459
prescan,llama-id23,13824,5120,256,128,4096,8192,native,2.500,5.000,864,4,3456,0,28.5433,1269.6,0.31,ok,1.0802
prescan,llama-id23,13824,5120,256,128,4096,16384,native,2.500,5.000,864,4,3456,0,28.7045,1262.5,0.66,ok,1.0741
prescan,llama-id23,13824,5120,256,16,256,2048,native,0.125,2.000,2592,12,10368,0,30.8318,1175.4,1.68,ok,1.0000
final,llama-id23,13824,5120,256,32,2048,8192,native,0.625,5.000,864,4,3456,5,28.1255,1288.5,2.90,ok,1.0881
final,llama-id23,13824,5120,256,32,2048,16384,native,0.625,5.000,864,4,3456,5,28.1143,1289.0,1.30,ok,1.0885
final,llama-id23,13824,5120,256,32,256,16384,native,0.625,5.000,864,4,3456,5,28.1276,1288.4,0.70,ok,1.0880
final,llama-id23,13824,5120,256,32,256,8192,native,0.625,5.000,864,4,3456,5,27.8834,1299.7,1.73,ok,1.0976
final,llama-id23,13824,5120,256,32,512,16384,native,0.625,5.000,864,4,3456,5,28.1528,1287.2,1.01,ok,1.0871
final,llama-id23,13824,5120,256,32,4096,8192,native,0.625,5.000,864,4,3456,5,27.8954,1299.1,1.19,ok,1.0971
final,llama-id23,13824,5120,256,32,512,8192,native,0.625,5.000,864,4,3456,5,28.2702,1281.9,2.07,ok,1.0825
final,llama-id23,13824,5120,256,64,256,8192,native,1.250,5.000,864,4,3456,5,28.2939,1280.8,0.45,ok,1.0816
final,llama-id23,13824,5120,256,16,256,2048,native,0.125,2.000,2592,12,10368,4,30.6037,1184.1,0.15,ok,1.0000
prescan,llama-id24,5120,13824,256,16,64,8192,native,0.500,2.000,2560,8,2560,0,45.4914,796.6,0.03,ok,0.6746
prescan,llama-id24,5120,13824,256,16,64,16384,native,0.844,3.375,1280,4,1280,0,42.1930,858.9,1.01,ok,0.7273
prescan,llama-id24,5120,13824,256,16,128,8192,native,0.500,4.000,1280,8,2560,0,34.1163,1062.2,0.97,ok,0.8995
prescan,llama-id24,5120,13824,256,16,128,16384,native,0.844,6.750,640,4,1280,0,32.9341,1100.3,0.71,ok,0.9318
prescan,llama-id24,5120,13824,256,16,256,8192,native,0.500,8.000,640,8,2560,0,28.6502,1264.9,0.33,ok,1.0712
prescan,llama-id24,5120,13824,256,16,256,16384,native,0.844,13.500,320,4,1280,0,45.3609,798.9,1.50,ok,0.6765
prescan,llama-id24,5120,13824,256,16,512,8192,native,0.500,8.000,640,8,2560,0,28.6730,1263.9,0.02,ok,1.0703
prescan,llama-id24,5120,13824,256,16,512,16384,native,0.844,13.500,320,4,1280,0,45.9304,789.0,3.14,ok,0.6682
prescan,llama-id24,5120,13824,256,16,1024,8192,native,0.500,8.000,640,8,2560,0,28.6820,1263.5,0.01,ok,1.0700
prescan,llama-id24,5120,13824,256,16,1024,16384,native,0.844,13.500,320,4,1280,0,45.3093,799.8,0.67,ok,0.6773
prescan,llama-id24,5120,13824,256,16,2048,256,native,0.016,0.250,17280,216,69120,0,35.2648,1027.6,0.32,ok,0.8702
prescan,llama-id24,5120,13824,256,16,2048,512,native,0.031,0.500,8640,108,34560,0,32.6879,1108.6,1.66,ok,0.9388
prescan,llama-id24,5120,13824,256,16,2048,1024,native,0.062,1.000,4480,56,17920,0,32.2960,1122.1,0.50,ok,0.9502
prescan,llama-id24,5120,13824,256,16,2048,2048,native,0.125,2.000,2240,28,8960,0,30.8565,1174.4,0.11,ok,0.9946
prescan,llama-id24,5120,13824,256,16,2048,4096,native,0.250,4.000,1280,16,5120,0,29.4273,1231.5,0.08,ok,1.0429
prescan,llama-id24,5120,13824,256,16,2048,8192,native,0.500,8.000,640,8,2560,0,28.6897,1263.1,0.14,ok,1.0697
prescan,llama-id24,5120,13824,256,16,2048,16384,native,0.844,13.500,320,4,1280,0,45.3975,798.3,0.26,ok,0.6760
prescan,llama-id24,5120,13824,256,16,4096,256,native,0.016,0.250,17280,216,69120,0,36.0887,1004.2,0.19,ok,0.8504
prescan,llama-id24,5120,13824,256,16,4096,512,native,0.031,0.500,8640,108,34560,0,32.3059,1121.7,0.40,ok,0.9499
prescan,llama-id24,5120,13824,256,16,4096,1024,native,0.062,1.000,4480,56,17920,0,32.2652,1123.2,0.00,ok,0.9511
prescan,llama-id24,5120,13824,256,16,4096,2048,native,0.125,2.000,2240,28,8960,0,30.8741,1173.8,0.26,ok,0.9940
prescan,llama-id24,5120,13824,256,16,4096,4096,native,0.250,4.000,1280,16,5120,0,29.3983,1232.7,0.07,ok,1.0439
prescan,llama-id24,5120,13824,256,16,4096,8192,native,0.500,8.000,640,8,2560,0,28.6452,1265.1,0.17,ok,1.0713
prescan,llama-id24,5120,13824,256,16,4096,16384,native,0.844,13.500,320,4,1280,0,44.3782,816.6,4.42,ok,0.6915
prescan,llama-id24,5120,13824,256,32,64,8192,native,1.000,2.000,2560,8,2560,0,44.3587,816.9,0.11,ok,0.6918
prescan,llama-id24,5120,13824,256,32,64,16384,native,1.688,3.375,1280,4,1280,0,42.0183,862.5,0.18,ok,0.7304
prescan,llama-id24,5120,13824,256,32,128,8192,native,1.000,4.000,1280,8,2560,0,32.9457,1100.0,0.14,ok,0.9315
prescan,llama-id24,5120,13824,256,32,128,16384,native,1.688,6.750,640,4,1280,0,33.7539,1073.6,0.14,ok,0.9092
prescan,llama-id24,5120,13824,256,32,256,8192,native,1.000,8.000,640,8,2560,0,28.8373,1256.7,0.56,ok,1.0642
prescan,llama-id24,5120,13824,256,32,256,16384,native,1.688,13.500,320,4,1280,0,39.3625,920.6,0.35,ok,0.7796
prescan,llama-id24,5120,13824,256,32,512,8192,native,1.000,8.000,640,8,2560,0,28.7859,1258.9,0.32,ok,1.0661
prescan,llama-id24,5120,13824,256,32,512,16384,native,1.688,13.500,320,4,1280,0,39.6348,914.3,0.43,ok,0.7743
prescan,llama-id24,5120,13824,256,32,1024,8192,native,1.000,8.000,640,8,2560,0,28.8142,1257.7,0.34,ok,1.0651
prescan,llama-id24,5120,13824,256,32,1024,16384,native,1.688,13.500,320,4,1280,0,40.0027,905.9,0.45,ok,0.7672
prescan,llama-id24,5120,13824,256,32,2048,256,native,0.031,0.250,17280,216,69120,0,35.8114,1011.9,0.89,ok,0.8570
prescan,llama-id24,5120,13824,256,32,2048,512,native,0.062,0.500,8640,108,34560,0,31.6962,1143.3,0.07,ok,0.9682
prescan,llama-id24,5120,13824,256,32,2048,1024,native,0.125,1.000,4480,56,17920,0,32.2049,1125.3,0.10,ok,0.9529
prescan,llama-id24,5120,13824,256,32,2048,2048,native,0.250,2.000,2240,28,8960,0,30.9411,1171.2,0.16,ok,0.9918
prescan,llama-id24,5120,13824,256,32,2048,4096,native,0.500,4.000,1280,16,5120,0,29.2099,1240.6,0.07,ok,1.0506
prescan,llama-id24,5120,13824,256,32,2048,8192,native,1.000,8.000,640,8,2560,0,30.7129,1179.9,12.42,ok,0.9992
prescan,llama-id24,5120,13824,256,32,2048,16384,native,1.688,13.500,320,4,1280,0,40.0915,903.9,0.05,ok,0.7655
prescan,llama-id24,5120,13824,256,32,4096,256,native,0.031,0.250,17280,216,69120,0,35.7569,1013.5,1.00,ok,0.8583
prescan,llama-id24,5120,13824,256,32,4096,512,native,0.062,0.500,8640,108,34560,0,31.6811,1143.9,0.10,ok,0.9687
prescan,llama-id24,5120,13824,256,32,4096,1024,native,0.125,1.000,4480,56,17920,0,32.2666,1123.1,0.60,ok,0.9511
prescan,llama-id24,5120,13824,256,32,4096,2048,native,0.250,2.000,2240,28,8960,0,29.9136,1211.4,6.94,ok,1.0259
prescan,llama-id24,5120,13824,256,32,4096,4096,native,0.500,4.000,1280,16,5120,0,28.1979,1285.2,7.27,ok,1.0883
prescan,llama-id24,5120,13824,256,32,4096,8192,native,1.000,8.000,640,8,2560,0,27.7977,1303.7,6.99,ok,1.1040
prescan,llama-id24,5120,13824,256,32,4096,16384,native,1.688,13.500,320,4,1280,0,39.3356,921.3,3.86,ok,0.7802
prescan,llama-id24,5120,13824,256,64,64,8192,native,2.000,2.000,2560,8,2560,0,44.0560,822.6,4.31,ok,0.6966
prescan,llama-id24,5120,13824,256,64,64,16384,native,3.375,3.375,1280,4,1280,0,42.9535,843.7,2.55,ok,0.7145
prescan,llama-id24,5120,13824,256,64,128,8192,native,2.000,4.000,1280,8,2560,0,32.8335,1103.7,6.42,ok,0.9347
prescan,llama-id24,5120,13824,256,64,128,16384,native,3.375,6.750,640,4,1280,0,34.5135,1050.0,1.79,ok,0.8892
prescan,llama-id24,5120,13824,256,64,256,8192,native,2.000,8.000,640,8,2560,0,28.3681,1277.5,7.38,ok,1.0818
prescan,llama-id24,5120,13824,256,64,256,16384,native,3.375,13.500,320,4,1280,0,35.7607,1013.4,4.65,ok,0.8582
prescan,llama-id24,5120,13824,256,64,512,8192,native,2.000,8.000,640,8,2560,0,28.6711,1263.9,3.86,ok,1.0704
prescan,llama-id24,5120,13824,256,64,512,16384,native,3.375,13.500,320,4,1280,0,36.2344,1000.1,2.38,ok,0.8470
prescan,llama-id24,5120,13824,256,64,1024,8192,native,2.000,8.000,640,8,2560,0,28.7595,1260.1,4.15,ok,1.0671
prescan,llama-id24,5120,13824,256,64,1024,16384,native,3.375,13.500,320,4,1280,0,36.0013,1006.6,1.09,ok,0.8524
prescan,llama-id24,5120,13824,256,64,2048,256,native,0.062,0.250,17280,216,69120,0,34.9677,1036.4,3.65,ok,0.8776
prescan,llama-id24,5120,13824,256,64,2048,512,native,0.125,0.500,8640,108,34560,0,31.1067,1165.0,3.98,ok,0.9866
prescan,llama-id24,5120,13824,256,64,2048,1024,native,0.250,1.000,4480,56,17920,0,31.5154,1149.9,3.73,ok,0.9738
prescan,llama-id24,5120,13824,256,64,2048,2048,native,0.500,2.000,2240,28,8960,0,30.8310,1175.4,0.18,ok,0.9954
prescan,llama-id24,5120,13824,256,64,2048,4096,native,1.000,4.000,1280,16,5120,0,29.2020,1241.0,0.13,ok,1.0509
prescan,llama-id24,5120,13824,256,64,2048,8192,native,2.000,8.000,640,8,2560,0,29.2933,1237.1,0.44,ok,1.0476
prescan,llama-id24,5120,13824,256,64,2048,16384,native,3.375,13.500,320,4,1280,0,36.6191,989.6,0.34,ok,0.8381
prescan,llama-id24,5120,13824,256,64,4096,256,native,0.062,0.250,17280,216,69120,0,35.6453,1016.6,0.11,ok,0.8609
prescan,llama-id24,5120,13824,256,64,4096,512,native,0.125,0.500,8640,108,34560,0,31.8041,1139.4,0.39,ok,0.9649
prescan,llama-id24,5120,13824,256,64,4096,1024,native,0.250,1.000,4480,56,17920,0,32.0538,1130.6,0.16,ok,0.9574
prescan,llama-id24,5120,13824,256,64,4096,2048,native,0.500,2.000,2240,28,8960,0,31.1412,1163.7,1.35,ok,0.9855
prescan,llama-id24,5120,13824,256,64,4096,4096,native,1.000,4.000,1280,16,5120,0,29.2468,1239.1,0.03,ok,1.0493
prescan,llama-id24,5120,13824,256,64,4096,8192,native,2.000,8.000,640,8,2560,0,29.4509,1230.5,1.24,ok,1.0420
prescan,llama-id24,5120,13824,256,64,4096,16384,native,3.375,13.500,320,4,1280,0,36.6448,988.9,0.42,ok,0.8375
prescan,llama-id24,5120,13824,256,128,64,8192,native,4.000,2.000,2560,8,2560,0,45.0189,805.0,2.39,ok,0.6817
prescan,llama-id24,5120,13824,256,128,64,16384,native,6.750,3.375,1280,4,1280,0,48.4886,747.4,1.11,ok,0.6329
prescan,llama-id24,5120,13824,256,128,128,8192,native,4.000,4.000,1280,8,2560,0,33.3547,1086.5,0.23,ok,0.9201
prescan,llama-id24,5120,13824,256,128,128,16384,native,6.750,6.750,640,4,1280,0,39.6330,914.4,0.84,ok,0.7743
prescan,llama-id24,5120,13824,256,128,256,8192,native,4.000,8.000,640,8,2560,0,29.8634,1213.5,0.87,ok,1.0276
prescan,llama-id24,5120,13824,256,128,256,16384,native,6.750,13.500,320,4,1280,0,36.2467,999.8,1.23,ok,0.8467
prescan,llama-id24,5120,13824,256,128,512,8192,native,4.000,8.000,640,8,2560,0,30.1465,1202.1,2.50,ok,1.0180
prescan,llama-id24,5120,13824,256,128,512,16384,native,6.750,13.500,320,4,1280,0,36.4161,995.1,0.71,ok,0.8427
prescan,llama-id24,5120,13824,256,128,1024,8192,native,4.000,8.000,640,8,2560,0,29.7847,1216.7,0.14,ok,1.0304
prescan,llama-id24,5120,13824,256,128,1024,16384,native,6.750,13.500,320,4,1280,0,36.0152,1006.2,0.25,ok,0.8521
prescan,llama-id24,5120,13824,256,128,2048,256,native,0.125,0.250,17280,216,69120,0,35.3073,1026.4,0.12,ok,0.8692
prescan,llama-id24,5120,13824,256,128,2048,512,native,0.250,0.500,8640,108,34560,0,31.7935,1139.8,0.06,ok,0.9653
prescan,llama-id24,5120,13824,256,128,2048,1024,native,0.500,1.000,4480,56,17920,0,32.0751,1129.8,0.08,ok,0.9568
prescan,llama-id24,5120,13824,256,128,2048,2048,native,1.000,2.000,2240,28,8960,0,30.8074,1176.3,0.21,ok,0.9962
prescan,llama-id24,5120,13824,256,128,2048,4096,native,2.000,4.000,1280,16,5120,0,29.3348,1235.4,0.19,ok,1.0462
prescan,llama-id24,5120,13824,256,128,2048,8192,native,4.000,8.000,640,8,2560,0,30.1119,1203.5,2.02,ok,1.0192
prescan,llama-id24,5120,13824,256,128,2048,16384,native,6.750,13.500,320,4,1280,0,36.1385,1002.8,0.50,ok,0.8492
prescan,llama-id24,5120,13824,256,128,4096,256,native,0.125,0.250,17280,216,69120,0,35.3042,1026.5,0.25,ok,0.8693
prescan,llama-id24,5120,13824,256,128,4096,512,native,0.250,0.500,8640,108,34560,0,31.7879,1140.0,0.03,ok,0.9654
prescan,llama-id24,5120,13824,256,128,4096,1024,native,0.500,1.000,4480,56,17920,0,32.0404,1131.0,0.02,ok,0.9578
prescan,llama-id24,5120,13824,256,128,4096,2048,native,1.000,2.000,2240,28,8960,0,30.8229,1175.7,0.08,ok,0.9957
prescan,llama-id24,5120,13824,256,128,4096,4096,native,2.000,4.000,1280,16,5120,0,29.5793,1225.1,1.94,ok,1.0375
prescan,llama-id24,5120,13824,256,128,4096,8192,native,4.000,8.000,640,8,2560,0,30.1018,1203.9,2.12,ok,1.0195
prescan,llama-id24,5120,13824,256,128,4096,16384,native,6.750,13.500,320,4,1280,0,36.0322,1005.7,0.03,ok,0.8517
prescan,llama-id24,5120,13824,256,16,256,2048,native,0.125,2.000,2240,28,8960,0,30.6888,1180.8,0.83,ok,1.0000
final,llama-id24,5120,13824,256,32,4096,8192,native,1.000,8.000,640,8,2560,5,29.4401,1230.9,0.35,ok,1.0490
final,llama-id24,5120,13824,256,32,4096,4096,native,0.500,4.000,1280,16,5120,5,29.2530,1238.8,1.50,ok,1.0557
final,llama-id24,5120,13824,256,64,256,8192,native,2.000,8.000,640,8,2560,5,29.3557,1234.5,1.73,ok,1.0520
final,llama-id24,5120,13824,256,16,4096,8192,native,0.500,8.000,640,8,2560,5,29.1907,1241.5,1.47,ok,1.0580
final,llama-id24,5120,13824,256,16,256,8192,native,0.500,8.000,640,8,2560,5,28.7726,1259.5,0.89,ok,1.0733
final,llama-id24,5120,13824,256,64,512,8192,native,2.000,8.000,640,8,2560,5,29.3142,1236.2,0.82,ok,1.0535
final,llama-id24,5120,13824,256,16,512,8192,native,0.500,8.000,640,8,2560,5,29.0670,1246.7,1.92,ok,1.0625
final,llama-id24,5120,13824,256,16,1024,8192,native,0.500,8.000,640,8,2560,5,29.3420,1235.1,2.71,ok,1.0525
final,llama-id24,5120,13824,256,16,256,2048,native,0.125,2.000,2240,28,8960,4,30.8829,1173.4,0.37,ok,1.0000
